Date,returns,vol,regime,price
2015-01-02,,,,2058.199951171875
2015-01-05,-0.018278105145113743,,,2020.5799560546875
2015-01-06,-0.008893471722946522,,,2002.6099853515625
2015-01-07,0.01162984267174294,,,2025.9000244140625
2015-01-08,0.017888280629516196,,,2062.139892578125
2015-01-09,-0.008403811034715436,,,2044.81005859375
2015-01-12,-0.008093685160912578,,,2028.260009765625
2015-01-13,-0.0025785552362955766,,,2023.030029296875
2015-01-14,-0.005813067327385291,,,2011.27001953125
2015-01-15,-0.009247875921837956,,,1992.6700439453125
2015-01-16,0.013424199395820402,,,2019.4200439453125
2015-01-20,0.0015499523698385698,,,2022.550048828125
2015-01-21,0.004731623968765364,,,2032.1199951171875
2015-01-22,0.015269721916580492,,,2063.14990234375
2015-01-23,-0.005491522439307173,,,2051.820068359375
2015-01-26,0.002568460857030219,,,2057.090087890625
2015-01-27,-0.013387862410411011,,,2029.550048828125
2015-01-28,-0.013495609366348305,,,2002.1600341796875
2015-01-29,0.009534685287099887,,,2021.25
2015-01-30,-0.012991965252009852,,,1994.989990234375
2015-02-02,0.01296246371066978,,,2020.8499755859375
2015-02-03,0.014439495293299576,0.18109089489880328,Elevated,2050.030029296875
2015-02-04,-0.0041560462088314765,0.16949256133061566,Normal,2041.510009765625
2015-02-05,0.010291406686777416,0.16906011864905388,Normal,2062.52001953125
2015-02-06,-0.0034181723141418763,0.16565503804120732,Normal,2055.469970703125
2015-02-09,-0.004247194360987749,0.1541327704289662,Normal,2046.739990234375
2015-02-10,0.010675561019232394,0.1556748762307532,Normal,2068.590087890625
2015-02-11,-2.903358867545336e-05,0.15247634406370136,Normal,2068.530029296875
2015-02-12,0.009644506431775834,0.1547436835556772,Normal,2088.47998046875
2015-02-13,0.004074738491730789,0.15258121576959294,Normal,2096.989990234375
2015-02-17,0.0015975744623728527,0.1470009460349976,Normal,2100.340087890625
2015-02-18,-0.0003143092177338991,0.14180771040748472,Normal,2099.679931640625
2015-02-19,-0.0010620573331896477,0.14217613038773866,Normal,2097.449951171875
2015-02-20,0.006126533626735764,0.14262350161661483,Normal,2110.300048828125
2015-02-23,-0.0003033391953459752,0.13409109567889677,Normal,2109.659912109375
2015-02-24,0.002758770892866691,0.13201368300320468,Normal,2115.47998046875
2015-02-25,-0.0007657236475081541,0.1321753172855633,Normal,2113.860107421875
2015-02-26,-0.001476028227480719,0.12147004173083302,Calm,2110.739990234375
2015-02-27,-0.0029563045487578377,0.10954289927542439,Calm,2104.5
2015-03-02,0.006124919257840311,0.10735944321953109,Calm,2117.389892578125
2015-03-03,-0.0045385421527393,0.0956002984512203,Calm,2107.780029296875
2015-03-04,-0.00438850348301556,0.09076577641072421,Calm,2098.530029296875
2015-03-05,0.0011960799848387271,0.0782896839219037,Calm,2101.0400390625
2015-03-06,-0.014173946589881803,0.09317362524631029,Calm,2071.260009765625
2015-03-09,0.0039444211911976446,0.08735867151580866,Calm,2079.429931640625
2015-03-10,-0.01696133008584244,0.10553091753340162,Calm,2044.1600341796875
2015-03-11,-0.0019176795748703235,0.10472224990981722,Calm,2040.239990234375
2015-03-12,0.012601439566208406,0.10740440568910113,Calm,2065.949951171875
2015-03-13,-0.006074710968194674,0.1094202867562725,Calm,2053.39990234375
2015-03-16,0.013533671171787054,0.11459304932285382,Calm,2081.18994140625
2015-03-17,-0.003320173700583018,0.11402655396754915,Calm,2074.280029296875
2015-03-18,0.012158421402569175,0.12205330896277472,Calm,2099.5
2015-03-19,-0.004872579408787825,0.12322133109715531,Calm,2089.27001953125
2015-03-20,0.00901275466979845,0.12721898337758925,Calm,2108.10009765625
2015-03-23,-0.0017457310425351702,0.1255662189145004,Calm,2104.419921875
2015-03-24,-0.006139421956948832,0.12729905582417791,Calm,2091.5
2015-03-25,-0.014558905652342857,0.13577067511384847,Normal,2061.050048828125
2015-03-26,-0.002377499996742527,0.13581967167282843,Normal,2056.14990234375
2015-03-27,0.0023685613495147972,0.13640231219152676,Normal,2061.02001953125
2015-03-30,0.012236645187396533,0.1437515842403628,Normal,2086.239990234375
2015-03-31,-0.008795775050879251,0.14453981340893374,Normal,2067.889892578125
2015-04-01,-0.003965371271123064,0.14438087284730639,Normal,2059.68994140625
2015-04-02,0.0035296669586522,0.14468534629201513,Normal,2066.9599609375
2015-04-06,0.0066088151237357895,0.14677053593034461,Normal,2080.6201171875
2015-04-07,-0.0020619040578628844,0.13822181955922863,Normal,2076.330078125
2015-04-08,0.002682533127767339,0.13785426897356914,Normal,2081.89990234375
2015-04-09,0.004457481018385057,0.12370989867530503,Calm,2091.179931640625
2015-04-10,0.005202865037342352,0.12397118902261449,Calm,2102.06005859375
2015-04-13,-0.00458128059365126,0.11867525780709676,Calm,2092.429931640625
2015-04-14,0.0016297588743277025,0.11616262951221495,Calm,2095.840087890625
2015-04-15,0.005148195696902835,0.10811584707511922,Calm,2106.6298828125
2015-04-16,-0.0007784436134247175,0.10730990484966328,Calm,2104.989990234375
2015-04-17,-0.011311245518606405,0.10658950001158407,Calm,2081.179931640625
2015-04-20,0.009235131672624686,0.11026366997463947,Calm,2100.39990234375
2015-04-21,-0.0014806053255762563,0.1056841106040726,Calm,2097.2900390625
2015-04-22,0.005087480356207541,0.10708569422735131,Calm,2107.9599609375
2015-04-23,0.002357715893671175,0.10486826949288912,Calm,2112.929931640625
2015-04-24,0.002252800575326619,0.08947890946258756,Calm,2117.68994140625
2015-04-27,-0.004141314249916261,0.09059566049879363,Calm,2108.919921875
2015-04-28,0.0027692316953564777,0.0906701018618321,Calm,2114.760009765625
2015-04-29,-0.0037403355807980043,0.08281049779744311,Calm,2106.85009765625
2015-04-30,-0.010128906614839228,0.08479719886856382,Calm,2085.510009765625
2015-05-01,0.010923001659165044,0.0905872352879279,Calm,2108.2900390625
2015-05-04,0.002940748690645867,0.09041320282028303,Calm,2114.489990234375
2015-05-05,-0.011837383677612334,0.09846993210693453,Calm,2089.4599609375
2015-05-06,-0.004455724813014705,0.0995126231203401,Calm,2080.14990234375
2015-05-07,0.0037738134388320965,0.09993948540842076,Calm,2088.0
2015-05-08,0.013457901176364917,0.10924790836126655,Calm,2116.10009765625
2015-05-11,-0.005089560528435566,0.1095858407503473,Calm,2105.330078125
2015-05-12,-0.0029496376848567873,0.10885153487158454,Calm,2099.1201171875
2015-05-13,-0.00030495478248648844,0.1087318667871419,Calm,2098.47998046875
2015-05-14,0.010779286625573148,0.11367497529259032,Calm,2121.10009765625
2015-05-15,0.0007684139066803652,0.11360769725485359,Calm,2122.72998046875
2015-05-18,0.003047948049283322,0.10552012071846041,Calm,2129.199951171875
2015-05-19,-0.0006433745436266181,0.1014017984562361,Calm,2127.830078125
2015-05-20,-0.0009305162517933008,0.10127484802594146,Calm,2125.85009765625
2015-05-21,0.0023378744854138933,0.10020374878760076,Calm,2130.820068359375
2015-05-22,-0.002233886303356414,0.10041223620741602,Calm,2126.06005859375
2015-05-26,-0.010281980197837881,0.10656296671318076,Calm,2104.199951171875
2015-05-27,0.009162641262365545,0.1103902771168273,Calm,2123.47998046875
2015-05-28,-0.0012667608976734135,0.11016125451710662,Calm,2120.7900390625
2015-05-29,-0.0063184691730722164,0.1116627373893376,Calm,2107.389892578125
2015-06-01,0.002059461282371222,0.10549504362980144,Calm,2111.72998046875
2015-06-02,-0.0010085961899480855,0.09868399299965291,Calm,2109.60009765625
2015-06-03,0.0021188711112078984,0.09842115063510297,Calm,2114.070068359375
2015-06-04,-0.008623167576889856,0.09408068257210493,Calm,2095.840087890625
2015-06-05,-0.0014361829335245435,0.09278588886266356,Calm,2092.830078125
2015-06-08,-0.006474509789282434,0.09473058894728692,Calm,2079.280029296875
2015-06-09,0.00041835300422188304,0.08082143462213151,Calm,2080.14990234375
2015-06-10,0.012042424827124476,0.09057406775259956,Calm,2105.199951171875
2015-06-11,0.0017386264178671507,0.09009692496672168,Calm,2108.860107421875
2015-06-12,-0.0069942998817651425,0.09351779186994551,Calm,2094.110107421875
2015-06-15,-0.004622572493653387,0.08588559131596354,Calm,2084.429931640625
2015-06-16,0.0056898566086796,0.08867639716500464,Calm,2096.2900390625
2015-06-17,0.0019796413026920145,0.08820136354989928,Calm,2100.43994140625
2015-06-18,0.009902710578908236,0.09545302976459058,Calm,2121.239990234375
2015-06-19,-0.0053035017498218595,0.09710261683661653,Calm,2109.989990234375
2015-06-22,0.006094866554531064,0.09925577779600334,Calm,2122.85009765625
2015-06-23,0.0006358685039113965,0.09899769824237024,Calm,2124.199951171875
2015-06-24,-0.00735329696164333,0.09563650929999817,Calm,2108.580078125
2015-06-25,-0.0029735743006855664,0.09026141696935609,Calm,2102.31005859375
2015-06-26,-0.0003900796440671206,0.09021396238221137,Calm,2101.489990234375
2015-06-29,-0.02086619391956246,0.11331651015964475,Calm,2057.639892578125
2015-06-30,0.0026584898861461426,0.11354656276110932,Calm,2063.110107421875
2015-07-01,0.006936040108400654,0.11689887374289391,Calm,2077.419921875
2015-07-02,-0.0003080227407983305,0.11646147209453053,Calm,2076.780029296875
2015-07-06,-0.003861756863082544,0.11357467536853767,Calm,2068.760009765625
2015-07-07,0.00608097510857486,0.11583557500640435,Calm,2081.340087890625
2015-07-08,-0.016652749054007043,0.12751860328022385,Calm,2046.6800537109375
2015-07-09,0.0022622025726091177,0.12788568146667662,Calm,2051.31005859375
2015-07-10,0.012338485100151564,0.12825900029376866,Calm,2076.6201171875
2015-07-13,0.011066049239604414,0.13434525468368538,Normal,2099.60009765625
2015-07-14,0.004453159211633695,0.1328685654195375,Normal,2108.949951171875
2015-07-15,-0.000734986066058041,0.1317054412410928,Normal,2107.39990234375
2015-07-16,0.008014680412562258,0.13308648183898458,Normal,2124.2900390625
2015-07-17,0.001106182994042637,0.13301219762457828,Normal,2126.639892578125
2015-07-20,0.00077123387202227,0.12867678185453843,Calm,2128.280029296875
2015-07-21,-0.0042616893616069795,0.12816604067944568,Calm,2119.2099609375
2015-07-22,-0.0023877098952062026,0.1266419995514695,Calm,2114.14990234375
2015-07-23,-0.005676040278268291,0.12801905842708636,Calm,2102.14990234375
2015-07-24,-0.01070332804283558,0.1307861329399821,Normal,2079.64990234375
2015-07-27,-0.005775015185050969,0.1317762417628471,Normal,2067.639892578125
2015-07-28,0.012386154626733425,0.13943602465892196,Normal,2093.25
2015-07-29,0.007318795346650031,0.1194208462029651,Calm,2108.570068359375
2015-07-30,2.836730636679441e-05,0.11936142070182472,Calm,2108.6298828125
2015-07-31,-0.002271519985995063,0.11790944122884069,Calm,2103.840087890625
2015-08-03,-0.002756886733696673,0.11845834232634593,Calm,2098.0400390625
2015-08-04,-0.002249704779339723,0.1178384465062822,Calm,2093.320068359375
2015-08-05,0.0031146787487494887,0.1165371773168178,Calm,2099.840087890625
2015-08-06,-0.00775298528243118,0.10342300242742984,Calm,2083.56005859375
2015-08-07,-0.0028748824444340126,0.10408117143412067,Calm,2077.570068359375
2015-08-10,0.012808166466444781,0.1047576351119534,Calm,2104.179931640625
2015-08-11,-0.00955710249815489,0.10326666063129147,Calm,2084.070068359375
2015-08-12,0.0009500546545004873,0.10192506644226734,Calm,2086.050048828125
2015-08-13,-0.0012752120935421996,0.10195792286852487,Calm,2083.389892578125
2015-08-14,0.003911964108786803,0.09856170001017507,Calm,2091.5400390625
2015-08-17,0.00521142418513576,0.10052709902235259,Calm,2102.43994140625
2015-08-18,-0.002625530186397551,0.1006634586623265,Calm,2096.919921875
2015-08-19,-0.008254876246131082,0.1033641167852745,Calm,2079.610107421875
2015-08-20,-0.021100170073477753,0.12489226286271929,Calm,2035.72998046875
2015-08-21,-0.031850965718637325,0.16247117152092516,Normal,1970.8900146484375
2015-08-24,-0.03941369286646568,0.20457442055019176,Elevated,1893.2099609375
2015-08-25,-0.01352199497897244,0.20698494446372975,Elevated,1867.6099853515625
2015-08-26,0.03903385877450183,0.2507431055385075,Crisis,1940.510009765625
2015-08-27,0.024297748621125326,0.26637000970306274,Crisis,1987.6600341796875
2015-08-28,0.0006087363616984476,0.2664517660680034,Crisis,1988.8699951171875
2015-08-31,-0.008391670369217175,0.26718578192965414,Crisis,1972.1800537109375
2015-09-01,-0.029576446640986798,0.2826616173962747,Crisis,1913.8499755859375
2015-09-02,0.01829297500443139,0.2932214824929587,Crisis,1948.8599853515625
2015-09-03,0.0011647935451044589,0.2927667761611602,Crisis,1951.1300048828125
2015-09-04,-0.015329595723932221,0.29537409792999736,Crisis,1921.219970703125
2015-09-08,0.02508305358648033,0.31176910689289083,Crisis,1969.4100341796875
2015-09-09,-0.01389756050907287,0.30911358079156537,Crisis,1942.0400390625
2015-09-10,0.005277955033794246,0.3098007848774565,Crisis,1952.2900390625
2015-09-11,0.004487043210972708,0.3105993517808978,Crisis,1961.050048828125
2015-09-14,-0.004089655710746709,0.3105833439494739,Crisis,1953.030029296875
2015-09-15,0.01283131142251781,0.31455596053362217,Crisis,1978.0899658203125
2015-09-16,0.008705414349693852,0.31586047339158935,Crisis,1995.31005859375
2015-09-17,-0.002561059320011938,0.31585971138118035,Crisis,1990.199951171875
2015-09-18,-0.016164165744279924,0.31891352110563576,Crisis,1958.030029296875
2015-09-21,0.004565783605198437,0.31255684776450965,Crisis,1966.969970703125
2015-09-22,-0.012318429274285614,0.2954759182115497,Crisis,1942.739990234375
2015-09-23,-0.002048642890328245,0.2596869499362217,Crisis,1938.760009765625
2015-09-24,-0.003362984329369434,0.25473831930213686,Crisis,1932.239990234375
2015-09-25,-0.00046579328582951884,0.2156282601253371,Elevated,1931.3399658203125
2015-09-28,-0.02566609046896018,0.21374237169762708,Elevated,1881.77001953125
2015-09-29,0.001232853252514099,0.21386826560130096,Elevated,1884.0899658203125
2015-09-30,0.019075555906861608,0.22518011961363715,Elevated,1920.030029296875
2015-10-01,0.001973884228037459,0.20018349951563444,Elevated,1923.8199462890625
2015-10-02,0.014315289284541954,0.19611742930846432,Elevated,1951.3599853515625
2015-10-05,0.018289840800508328,0.20597620433261035,Elevated,1987.050048828125
2015-10-06,-0.0035882361830883447,0.19815118668709364,Elevated,1979.9200439453125
2015-10-07,0.008035633639867479,0.1806203008420414,Elevated,1995.8299560546875
2015-10-08,0.008818435459823082,0.17453246715075332,Normal,2013.4300537109375
2015-10-09,0.000725111326717931,0.17409422601756913,Normal,2014.8900146484375
2015-10-12,0.0012754772073804155,0.1737693855939325,Normal,2017.4599609375
2015-10-13,-0.006825423947869114,0.17511329540010168,Normal,2003.68994140625
2015-10-14,-0.0047162741982138545,0.17102905067648616,Normal,1994.239990234375
2015-10-15,0.01485277361914017,0.1760239357113962,Normal,2023.8599853515625
2015-10-16,0.004570474275370051,0.1760747227508325,Normal,2033.1099853515625
2015-10-19,0.00027054553471672627,0.16463238274812653,Normal,2033.6600341796875
2015-10-20,-0.0014210903493528937,0.1646977629691051,Normal,2030.77001953125
2015-10-21,-0.005825414995899281,0.15924312197133025,Normal,2018.93994140625
2015-10-22,0.01662757156411132,0.16641574372909895,Normal,2052.510009765625
2015-10-23,0.011030344539323389,0.16719846308088882,Normal,2075.14990234375
2015-10-26,-0.0019131006866738298,0.1677006711459006,Normal,2071.179931640625
2015-10-27,-0.002554118539720318,0.13271026495102864,Normal,2065.889892578125
2015-10-28,0.01184003327863703,0.13450661965870786,Normal,2090.35009765625
2015-10-29,-0.0004497742019048401,0.12545053533821396,Calm,2089.409912109375
2015-10-30,-0.004809877003672414,0.12902433455125528,Calm,2079.360107421875
2015-11-02,0.011873817006551102,0.12676035140100425,Calm,2104.050048828125
2015-11-03,0.002728067346863705,0.11499111236645879,Calm,2109.7900390625
2015-11-04,-0.003545367230984642,0.11496080642455593,Calm,2102.31005859375
2015-11-05,-0.0011321483923818487,0.11416941747071337,Calm,2099.929931640625
2015-11-06,-0.0003476213457177524,0.11212276769539689,Calm,2099.199951171875
2015-11-09,-0.009822729385718598,0.11936785971746423,Calm,2078.580078125
2015-11-10,0.0015105949543003927,0.11936482245701847,Calm,2081.719970703125
2015-11-11,-0.003228085812548187,0.11681875710945668,Calm,2075.0
2015-11-12,-0.013990375564759017,0.1271867287457674,Calm,2045.969970703125
2015-11-13,-0.011207364706699363,0.12406988202819876,Calm,2023.0400390625
2015-11-16,0.014903265264943455,0.1336491276288137,Normal,2053.18994140625
2015-11-17,-0.0013393792481354305,0.13380049481525208,Normal,2050.43994140625
2015-11-18,0.01616245179852549,0.14420362033155693,Normal,2083.580078125
2015-11-19,-0.00112310916925773,0.1421975014766217,Normal,2081.239990234375
2015-11-20,0.003810195689989637,0.13153313134842154,Normal,2089.169921875
2015-11-23,-0.0012348607728660532,0.12636315364029413,Calm,2086.590087890625
2015-11-24,0.0012219959743400288,0.1261403402098842,Calm,2089.139892578125
2015-11-25,-0.00012913227667687988,0.12569370730784307,Calm,2088.8701171875
2015-11-27,0.0005936176807606053,0.11882290699178145,Calm,2090.110107421875
2015-11-30,-0.004640997274763192,0.11991421120639778,Calm,2080.409912109375
2015-12-01,0.01068057336863748,0.12430180318404463,Calm,2102.6298828125
2015-12-02,-0.010995693172566212,0.12331412028044486,Calm,2079.510009765625
2015-12-03,-0.014373526666262015,0.13157480460921095,Normal,2049.6201171875
2015-12-04,0.0205256690573854,0.15142551248535407,Normal,2091.68994140625
2015-12-07,-0.006989502964787397,0.15322951337040663,Normal,2077.070068359375
2015-12-08,-0.0064899016523778386,0.15463509021539296,Normal,2063.590087890625
2015-12-09,-0.007738985017979982,0.153260297148062,Normal,2047.6199951171875
2015-12-10,0.0022513871531610885,0.1534145152617408,Normal,2052.22998046875
2015-12-11,-0.019422767297482935,0.16655792626349566,Normal,2012.3699951171875
2015-12-14,0.004755560017433602,0.1612874619553179,Normal,2021.93994140625
2015-12-15,0.010618561082731848,0.16077391337859323,Normal,2043.4100341796875
2015-12-16,0.014514969430300617,0.16034144163493158,Normal,2073.070068359375
2015-12-17,-0.015040520909943678,0.16911444903491313,Normal,2041.8900146484375
2015-12-18,-0.01779722000676387,0.16876965593955262,Normal,2005.550048828125
2015-12-21,0.0077784025360287945,0.17198073291988558,Normal,2021.1500244140625
2015-12-22,0.008816736053143037,0.1747217905967901,Normal,2038.969970703125
2015-12-23,0.01241806830075265,0.18088135036670963,Elevated,2064.2900390625
2015-12-24,-0.001598636221499028,0.1808167963152089,Elevated,2060.989990234375
2015-12-28,-0.00217855994238203,0.18089119767090592,Elevated,2056.5
2015-12-29,0.010629762908764828,0.1850751800984477,Elevated,2078.360107421875
2015-12-30,-0.007217228595965963,0.18606596449568202,Elevated,2063.360107421875
2015-12-31,-0.00941191309542666,0.18409755165136482,Elevated,2043.93994140625
2016-01-04,-0.015303731089594375,0.18753410759707448,Elevated,2012.6600341796875
2016-01-05,0.0020122259542274534,0.18185257156956006,Elevated,2016.7099609375
2016-01-06,-0.013115396702646942,0.16926335262030262,Normal,1990.260009765625
2016-01-07,-0.023700443014411654,0.18431437039234164,Elevated,1943.0899658203125
2016-01-08,-0.010838374390218508,0.18592886816464851,Elevated,1922.030029296875
2016-01-11,0.0008532721255336551,0.18573389632145176,Elevated,1923.6700439453125
2016-01-12,0.00780279851675636,0.18864797837366812,Elevated,1938.6800537109375
2016-01-13,-0.02496545230421965,0.19570632001918525,Elevated,1890.280029296875
2016-01-14,0.016695905386662213,0.20570931031655307,Elevated,1921.8399658203125
2016-01-15,-0.021599098001850003,0.21037007155498214,Elevated,1880.3299560546875
2016-01-19,0.0005318215543925753,0.20030957915837028,Elevated,1881.3299560546875
2016-01-20,-0.011693855152413501,0.19842456097266703,Elevated,1859.3299560546875
2016-01-21,0.005195438361131455,0.1947803434314361,Elevated,1868.989990234375
2016-01-22,0.020283701024494727,0.2080888495649456,Elevated,1906.9000244140625
2016-01-25,-0.015637982053378963,0.20830117837915083,Elevated,1877.0799560546875
2016-01-26,0.014144335590226431,0.21007809936251803,Elevated,1903.6300048828125
2016-01-27,-0.010863483795639506,0.21132096609019732,Elevated,1882.949951171875
2016-01-28,0.005528577205787588,0.2139242487057891,Elevated,1893.3599853515625
2016-01-29,0.0247602174153414,0.23089524879096335,Elevated,1940.239990234375
2016-02-01,-0.00044323658717015935,0.23059081568637815,Elevated,1939.3800048828125
2016-02-02,-0.018743090830274922,0.23613753569660098,Elevated,1903.030029296875
2016-02-03,0.004992038934619414,0.23358003759527018,Elevated,1912.530029296875
2016-02-04,0.0015267325638141926,0.2334725110682174,Elevated,1915.449951171875
2016-02-05,-0.018481246310869337,0.23729944576403242,Elevated,1880.050048828125
2016-02-08,-0.014153935656373462,0.22875548129885853,Elevated,1853.43994140625
2016-02-09,-0.0006636203533073592,0.22659014757685367,Elevated,1852.2099609375
2016-02-10,-0.00018895027740828407,0.22647303011406747,Elevated,1851.8599853515625
2016-02-11,-0.012301161792504733,0.22653738524422268,Elevated,1829.0799560546875
2016-02-12,0.019518049565855122,0.22376786646614175,Elevated,1864.780029296875
2016-02-16,0.01651665412216241,0.22359457146941208,Elevated,1895.5799560546875
2016-02-17,0.01648043921048603,0.21727054379196373,Elevated,1926.8199462890625
2016-02-18,-0.004665713707027619,0.21823172418878198,Elevated,1917.8299560546875
2016-02-19,-2.6032942938902792e-05,0.21336550900009263,Elevated,1917.780029296875
2016-02-22,0.014454197186153817,0.21771899763084035,Elevated,1945.5
2016-02-23,-0.012454371867771763,0.21255664975875663,Elevated,1921.27001953125
2016-02-24,0.004439786812972857,0.20464972849474172,Elevated,1929.800048828125
2016-02-25,0.011348275359951865,0.20267528676571622,Elevated,1951.699951171875
2016-02-26,-0.0018701144822791393,0.19823966153822903,Elevated,1948.050048828125
2016-02-29,-0.008120976341902342,0.20053853527534907,Elevated,1932.22998046875
2016-03-01,0.023868791801894718,0.19922971766664296,Elevated,1978.3499755859375
2016-03-02,0.004094308735004493,0.19943506871538855,Elevated,1986.449951171875
2016-03-03,0.0034987406745825567,0.18580331716329554,Elevated,1993.4000244140625
2016-03-04,0.0033058923144386743,0.18558452247750304,Elevated,1999.989990234375
2016-03-07,0.0008850141950174084,0.18562701054309572,Elevated,2001.760009765625
2016-03-08,-0.011240108649505087,0.17697167105840442,Normal,1979.260009765625
2016-03-09,0.0050523932937867055,0.166372724251997,Normal,1989.260009765625
2016-03-10,0.00015580493345068724,0.16614303009072168,Normal,1989.5699462890625
2016-03-11,0.01639550053418848,0.17139785903675106,Normal,2022.18994140625
2016-03-14,-0.001260972921287129,0.1619690709447989,Normal,2019.6400146484375
2016-03-15,-0.0018369416879204792,0.15419168184991566,Normal,2015.9300537109375
2016-03-16,0.005600351545632654,0.14729771751412252,Normal,2027.219970703125
2016-03-17,0.006595236486620859,0.13989888908019152,Normal,2040.5899658203125
2016-03-18,0.004405643688967897,0.1373275230482102,Normal,2049.580078125
2016-03-21,0.0009855772666846896,0.1370721678273856,Normal,2051.60009765625
2016-03-22,-0.000877387766836879,0.1314595688271459,Normal,2049.800048828125
2016-03-23,-0.006386031602501285,0.12423056964964406,Calm,2036.7099609375
2016-03-24,-0.0003780702927851376,0.124555487229092,Calm,2035.93994140625
2016-03-28,0.0005452554858313974,0.12053224352032918,Calm,2037.050048828125
2016-03-29,0.008816651779288476,0.1218116372533668,Calm,2055.010009765625
2016-03-30,0.004350315260639448,0.11550988587565333,Calm,2063.949951171875
2016-03-31,-0.00203975921756705,0.08878968214373667,Calm,2059.739990234375
2016-04-01,0.006330915127309877,0.08980675672681672,Calm,2072.780029296875
2016-04-04,-0.003208322345054082,0.09142774053331702,Calm,2066.1298828125
2016-04-05,-0.010144492387214377,0.09996844669923831,Calm,2045.1700439453125
2016-04-06,0.010507619269939372,0.10515119549358498,Calm,2066.659912109375
2016-04-07,-0.011975786526205012,0.10630252030909587,Calm,2041.9100341796875
2016-04-08,0.0027865779152880243,0.10563786888270284,Calm,2047.5999755859375
2016-04-11,-0.0027397858070188352,0.10653941961975749,Calm,2041.989990234375
2016-04-12,0.0096621337827838,0.09657432323489218,Calm,2061.719970703125
2016-04-13,0.01004013710204088,0.10115526485680781,Calm,2082.419921875
2016-04-14,0.0001729273803483533,0.10056321679805513,Calm,2082.780029296875
2016-04-15,-0.0009842848497145784,0.09982540732067713,Calm,2080.72998046875
2016-04-18,0.006541025289023228,0.09978907233707567,Calm,2094.340087890625
2016-04-19,0.0030844851678346608,0.09936799303439858,Calm,2100.800048828125
2016-04-20,0.0007615448773992117,0.09937696524528336,Calm,2102.39990234375
2016-04-21,-0.005194027008290192,0.10160524931521607,Calm,2091.47998046875
2016-04-22,4.785972478082989e-05,0.09811381493326017,Calm,2091.580078125
2016-04-25,-0.0018120458796383465,0.09854486058800337,Calm,2087.7900390625
2016-04-26,0.0018727515871905798,0.09853820339749697,Calm,2091.699951171875
2016-04-27,0.001649352800310755,0.0946834177966747,Calm,2095.14990234375
2016-04-28,-0.009230768513682652,0.10005318157185135,Calm,2075.81005859375
2016-04-29,-0.005063088369821722,0.10147887905758403,Calm,2065.300048828125
2016-05-02,0.007809946463542827,0.10273590502538256,Calm,2081.429931640625
2016-05-03,-0.008676638198860664,0.10670373132238627,Calm,2063.3701171875
2016-05-04,-0.005936889314214544,0.10260098860191415,Calm,2051.1201171875
2016-05-05,-0.0002390081258001331,0.0954467165555616,Calm,2050.6298828125
2016-05-06,0.0031746390805036384,0.08618132463146458,Calm,2057.139892578125
2016-05-09,0.0007534970439868616,0.08574908959462131,Calm,2058.68994140625
2016-05-10,0.012483643435067249,0.09475684898362698,Calm,2084.389892578125
2016-05-11,-0.009561518078546327,0.09599628135038618,Calm,2064.4599609375
2016-05-12,-0.0001694649071644072,0.08890286786905134,Calm,2064.110107421875
2016-05-13,-0.00847828902508041,0.09314361658210916,Calm,2046.6099853515625
2016-05-16,0.009796652464963085,0.10012572941253801,Calm,2066.659912109375
2016-05-17,-0.009411297455333645,0.10162256635101562,Calm,2047.2099609375
2016-05-18,0.00020517873267866804,0.10062624582194864,Calm,2047.6300048828125
2016-05-19,-0.003706707658226005,0.10071870972297434,Calm,2040.0400390625
2016-05-20,0.006019504059596059,0.10288298895151636,Calm,2052.320068359375
2016-05-23,-0.0020854589704891735,0.10290607035572795,Calm,2048.0400390625
2016-05-24,0.013681382686285826,0.11465530727460675,Calm,2076.06005859375
2016-05-25,0.006974740643369559,0.11717629492622886,Calm,2090.5400390625
2016-05-26,-0.00021044390350322129,0.11702335906256632,Calm,2090.10009765625
2016-05-27,0.004286857336424754,0.11301819951935242,Calm,2099.06005859375
2016-05-31,-0.0010052630048559275,0.11133845965285608,Calm,2096.949951171875
2016-06-01,0.0011350423274503196,0.10836516166830444,Calm,2099.330078125
2016-06-02,0.0028246780734553223,0.10339711582431964,Calm,2105.260009765625
2016-06-03,-0.002911814656949452,0.10135909008997335,Calm,2099.1298828125
2016-06-06,0.004897281193053882,0.10204957107413419,Calm,2109.409912109375
2016-06-07,0.0012894462510633087,0.10183739534415932,Calm,2112.1298828125
2016-06-08,0.0033095665337075086,0.1020566769229613,Calm,2119.1201171875
2016-06-09,-0.0017177585589538413,0.09417293790640874,Calm,2115.47998046875
2016-06-10,-0.009175181182794367,0.09364943150329909,Calm,2096.070068359375
2016-06-13,-0.008115191387155773,0.09853942152848186,Calm,2079.06005859375
2016-06-14,-0.0017988851350955182,0.09358085982830949,Calm,2075.320068359375
2016-06-15,-0.0018407128700851372,0.08780082549620209,Calm,2071.5
2016-06-16,0.0031329906996742096,0.08113209994765637,Calm,2077.989990234375
2016-06-17,-0.0032579654199809127,0.08228945819408284,Calm,2071.219970703125
2016-06-20,0.00580818525653326,0.08267580689868528,Calm,2083.25
2016-06-21,0.002712061607464289,0.08092683300940894,Calm,2088.89990234375
2016-06-22,-0.0016515636618127383,0.0807420038955137,Calm,2085.449951171875
2016-06-23,0.01336407865930278,0.08011289458143474,Calm,2113.320068359375
2016-06-24,-0.035919799994431734,0.1479431837825265,Normal,2037.4100341796875
2016-06-27,-0.01809650217612302,0.15902116150474727,Normal,2000.5400390625
2016-06-28,0.01777016508725926,0.17209673981306745,Normal,2036.0899658203125
2016-06-29,0.017032672570028273,0.18356964528124842,Elevated,2070.77001953125
2016-06-30,0.013565044705922347,0.1899331643634964,Elevated,2098.860107421875
2016-07-01,0.00194860235588723,0.1897965745665886,Elevated,2102.949951171875
2016-07-05,-0.006847477437932237,0.19104719588447094,Elevated,2088.550048828125
2016-07-06,0.005352963242081676,0.19120596957622824,Elevated,2099.72998046875
2016-07-07,-0.0008715778419239317,0.1911476189723363,Elevated,2097.89990234375
2016-07-08,0.015253349296718177,0.1982959736177852,Elevated,2129.89990234375
2016-07-11,0.003408615474199461,0.19842844708652466,Elevated,2137.159912109375
2016-07-12,0.007009293213798395,0.19633222918747167,Elevated,2152.139892578125
2016-07-13,0.00013476775533982632,0.19338862411474061,Elevated,2152.429931640625
2016-07-14,0.00525920411762093,0.19331406841746512,Elevated,2163.75
2016-07-15,-0.0009289473209127541,0.1931079313523696,Elevated,2161.739990234375
2016-07-18,0.002382294987840705,0.19307502286593653,Elevated,2166.889892578125
2016-07-19,-0.0014351736522938419,0.19254399936313504,Elevated,2163.780029296875
2016-07-20,0.004270300173431885,0.19224980080368853,Elevated,2173.02001953125
2016-07-21,-0.003612528916297486,0.19323431153987794,Elevated,2165.169921875
2016-07-22,0.004553964713003289,0.19304123557076575,Elevated,2175.030029296875
2016-07-25,-0.0030114751244342264,0.18927384315808832,Elevated,2168.47998046875
2016-07-26,0.0003227842443460638,0.13265418125187112,Normal,2169.179931640625
2016-07-27,-0.0011985421207814095,0.10968498551424843,Calm,2166.580078125
2016-07-28,0.0016062090221755643,0.09739823384358907,Calm,2170.06005859375
2016-07-29,0.0016313092573088106,0.08311817857343853,Calm,2173.60009765625
2016-08-01,-0.0012697872845152114,0.07312301468203523,Calm,2170.840087890625
2016-08-02,-0.006361619481225378,0.0781425671665016,Calm,2157.030029296875
2016-08-03,0.0031339432802557354,0.07261022163905465,Calm,2163.7900390625
2016-08-04,0.00021257188969192597,0.07152408612656716,Calm,2164.25
2016-08-05,0.008603496447961101,0.07508827386936202,Calm,2182.8701171875
2016-08-08,-0.0009071655678379864,0.057752515743826796,Calm,2180.889892578125
2016-08-09,0.0003897939364765346,0.057198205459752044,Calm,2181.739990234375
2016-08-10,-0.0028646859974036376,0.05425653086956149,Calm,2175.489990234375
2016-08-11,0.004734588012062169,0.05615218763842678,Calm,2185.7900390625
2016-08-12,-0.0007960463737501922,0.05388182409653429,Calm,2184.050048828125
2016-08-15,0.0027929092187690685,0.05422288640104484,Calm,2190.14990234375
2016-08-16,-0.00547907701986905,0.057741628257143254,Calm,2178.14990234375
2016-08-17,0.001868589648029051,0.05765860093324131,Calm,2182.219970703125
2016-08-18,0.0021996173129046337,0.056343194356166956,Calm,2187.02001953125
2016-08-19,-0.0014402713809749113,0.05492136189192697,Calm,2183.8701171875
2016-08-22,-0.000563323157221185,0.052885633307034136,Calm,2182.639892578125
2016-08-23,0.0019517694055308787,0.05190737213054123,Calm,2186.89990234375
2016-08-24,-0.005240276852734871,0.05547690633992804,Calm,2175.43994140625
2016-08-25,-0.0013652276243513173,0.05553067494565356,Calm,2172.469970703125
2016-08-26,-0.0015788165944199406,0.0555636053929735,Calm,2169.0400390625
2016-08-29,0.005228047221710774,0.05824011976614718,Calm,2180.3798828125
2016-08-30,-0.0019536804841114863,0.05849849662951066,Calm,2176.1201171875
2016-08-31,-0.0023758642617150993,0.054419413969388986,Calm,2170.949951171875
2016-09-01,-4.1384533048027805e-05,0.0534476742085422,Calm,2170.860107421875
2016-09-02,0.004201041336424849,0.0552517694111851,Calm,2179.97998046875
2016-09-06,0.0029816787577114923,0.04756931217660563,Calm,2186.47998046875
2016-09-07,-0.0001463852229309781,0.047442623200567254,Calm,2186.159912109375
2016-09-08,-0.0022230136296667036,0.048113473850155124,Calm,2181.300048828125
2016-09-09,-0.02452206896667508,0.09748850024582896,Calm,2127.81005859375
2016-09-12,0.01467705274849096,0.11016439524158467,Calm,2159.0400390625
2016-09-13,-0.014830674258895948,0.12075693071685928,Calm,2127.02001953125
2016-09-14,-0.0005876766502063147,0.11990222199138499,Calm,2125.77001953125
2016-09-15,0.010109273363029914,0.12524831169104095,Calm,2147.260009765625
2016-09-16,-0.0037722947474507773,0.12534331044461192,Calm,2139.159912109375
2016-09-19,-1.8603060785604697e-05,0.12488266807369433,Calm,2139.1201171875
2016-09-20,0.0002991382171499968,0.1249550112718396,Calm,2139.760009765625
2016-09-21,0.010917162352442444,0.13154763464350253,Normal,2163.1201171875
2016-09-22,0.006499784427785649,0.1334988155613702,Normal,2177.179931640625
2016-09-23,-0.00573677446354337,0.13374687627232834,Normal,2164.68994140625
2016-09-26,-0.008587762798917709,0.13684278281227796,Normal,2146.10009765625
2016-09-27,0.006444170055012188,0.13888668998642084,Normal,2159.929931640625
2016-09-28,0.005296554012835575,0.1389203988750413,Normal,2171.3701171875
2016-09-29,-0.009321411497187015,0.14241915036360872,Normal,2151.1298828125
2016-09-30,0.007967969231286176,0.14519344544516408,Normal,2168.27001953125
2016-10-03,-0.0032606955294726125,0.14562739641638836,Normal,2161.199951171875
2016-10-04,-0.0049555622707156965,0.14561723383010455,Normal,2150.489990234375
2016-10-05,0.0042966906501935576,0.14609616384753843,Normal,2159.72998046875
2016-10-06,0.00048155976529717925,0.14613396684927277,Normal,2160.77001953125
2016-10-07,-0.0032534833570118105,0.146329139394874,Normal,2153.739990234375
2016-10-10,0.004605905039596125,0.11835599026366278,Calm,2163.659912109375
2016-10-11,-0.012446471596532338,0.1156137191775387,Calm,2136.72998046875
2016-10-12,0.001146589037580359,0.10318667370855195,Calm,2139.179931640625
2016-10-13,-0.0030992637479612117,0.10382118776145166,Calm,2132.550048828125
2016-10-14,0.00020160447857309194,0.09734328990876778,Calm,2132.97998046875
2016-10-17,-0.003037994040303138,0.0970460178133221,Calm,2126.5
2016-10-18,0.006160403318245855,0.09957121711848707,Calm,2139.60009765625
2016-10-19,0.0021919710189710617,0.09985131848171103,Calm,2144.2900390625
2016-10-20,-0.0013757239543792377,0.09186283236904795,Calm,2141.340087890625
2016-10-21,-8.414160005176807e-05,0.08833607041660498,Calm,2141.159912109375
2016-10-24,0.004749839541692946,0.0883901686516117,Calm,2151.330078125
2016-10-25,-0.0037977277864983394,0.0841744028234418,Calm,2143.159912109375
2016-10-26,-0.0017404116452881535,0.0809281247931802,Calm,2139.429931640625
2016-10-27,-0.0029867267366989747,0.07858077118520158,Calm,2133.0400390625
2016-10-28,-0.0031082993435224138,0.07286710040328397,Calm,2126.409912109375
2016-10-31,-0.00012227640782913607,0.06603366824117853,Calm,2126.14990234375
2016-11-01,-0.006786883476427641,0.06868161414252837,Calm,2111.719970703125
2016-11-02,-0.00652550029741239,0.06999670721262945,Calm,2097.93994140625
2016-11-03,-0.004423400838946101,0.06790544078636383,Calm,2088.659912109375
2016-11-04,-0.0016661307322337615,0.06748883562982158,Calm,2085.179931640625
2016-11-07,0.022223543967337278,0.10647578036210548,Calm,2131.52001953125
2016-11-08,0.0037719744542996647,0.10601280843343065,Calm,2139.56005859375
2016-11-09,0.011077020753253342,0.10394420578654169,Calm,2163.260009765625
2016-11-10,0.0019507459501284519,0.10403399377840875,Calm,2167.47998046875
2016-11-11,-0.0013979503036608554,0.10342737010543604,Calm,2164.449951171875
2016-11-14,-0.00011550278622274313,0.10345350985041489,Calm,2164.199951171875
2016-11-15,0.007480797417763307,0.10505371586583692,Calm,2180.389892578125
2016-11-16,-0.0015822634216101639,0.10387675691325163,Calm,2176.93994140625
2016-11-17,0.004676369608375142,0.10463657573358755,Calm,2187.1201171875
2016-11-18,-0.002386798421690206,0.1049793404184722,Calm,2181.89990234375
2016-11-21,0.0074614006258433285,0.10730321029102163,Calm,2198.179931640625
2016-11-22,0.002165432272904111,0.10661965526150835,Calm,2202.93994140625
2016-11-23,0.0008080244329033981,0.10510923976290376,Calm,2204.719970703125
2016-11-25,0.003914386891670674,0.1048256420599376,Calm,2213.35009765625
2016-11-28,-0.005254535631502799,0.10636968445749499,Calm,2201.719970703125
2016-11-29,0.0013352930642269722,0.10503287677233084,Calm,2204.659912109375
2016-11-30,-0.0026534040390964186,0.10596113591453236,Calm,2198.81005859375
2016-12-01,-0.0035155289737457407,0.10326145990253176,Calm,2191.080078125
2016-12-02,0.00039700650631591117,0.09894145006274331,Calm,2191.949951171875
2016-12-05,0.005821305253253195,0.0967609825628722,Calm,2204.7099609375
2016-12-06,0.0034108883546988267,0.0955339195415562,Calm,2212.22998046875
2016-12-07,0.013163241364864575,0.07540286571099084,Calm,2241.35009765625
2016-12-08,0.0021593430473272335,0.07524155704196477,Calm,2246.18994140625
2016-12-09,0.005938984786955759,0.06960921547639329,Calm,2259.530029296875
2016-12-12,-0.0011374349205595102,0.07050038567432573,Calm,2256.9599609375
2016-12-13,0.006539774750587091,0.07112796181597046,Calm,2271.719970703125
2016-12-14,-0.00811717185395111,0.07948403707514125,Calm,2253.280029296875
2016-12-15,0.0038832279549072535,0.07726709821705509,Calm,2262.030029296875
2016-12-16,-0.0017506226204834219,0.07736109041496883,Calm,2258.070068359375
2016-12-19,0.001975120701520394,0.07663844260338365,Calm,2262.530029296875
2016-12-20,0.0036375121488696482,0.07549621819458566,Calm,2270.760009765625
2016-12-21,-0.0024573614565177593,0.07411837011228606,Calm,2265.179931640625
2016-12-22,-0.0018629737285675851,0.07493156945553488,Calm,2260.9599609375
2016-12-23,0.0012517152775348706,0.07491440884696556,Calm,2263.7900390625
2016-12-27,0.0022483727122095676,0.07439403638792205,Calm,2268.8798828125
2016-12-28,-0.008356529175972627,0.07844613815665168,Calm,2249.919921875
2016-12-29,-0.000293304709629405,0.07857253860376964,Calm,2249.260009765625
2016-12-30,-0.004637050227782158,0.08001111960721596,Calm,2238.830078125
2017-01-03,0.008486575281279274,0.08248368405033986,Calm,2257.830078125
2017-01-04,0.005722273788525856,0.0836869529515756,Calm,2270.75
2017-01-05,-0.0007706704833204681,0.08270276564625699,Calm,2269.0
2017-01-06,0.0035169592193697863,0.0827363531437637,Calm,2276.97998046875
2017-01-09,-0.0035485942758867184,0.07237101700411859,Calm,2268.89990234375
2017-01-10,0.0,0.07216799564856287,Calm,2268.89990234375
2017-01-11,0.0028296382793233654,0.06997998880133258,Calm,2275.320068359375
2017-01-12,-0.0021448089967596173,0.07033424407807924,Calm,2270.43994140625
2017-01-13,0.0018498402425362048,0.06687722370591559,Calm,2274.639892578125
2017-01-17,-0.0029675026899970147,0.06106044362891976,Calm,2267.889892578125
2017-01-18,0.0017637540575008437,0.05993074347102798,Calm,2271.889892578125
2017-01-19,-0.003609308355419394,0.06103415104734141,Calm,2263.68994140625
2017-01-20,0.003366237154707852,0.061751386071824295,Calm,2271.31005859375
2017-01-23,-0.002690124758069401,0.061190175225195945,Calm,2265.199951171875
2017-01-24,0.006564593637664151,0.0647087943037373,Calm,2280.070068359375
2017-01-25,0.008026090549617448,0.06940284748119638,Calm,2298.3701171875
2017-01-26,-0.0007353844075136395,0.06957773324184377,Calm,2296.679931640625
2017-01-27,-0.000866463892926328,0.06953887105992554,Calm,2294.68994140625
2017-01-30,-0.006009543517695892,0.06614461341445128,Calm,2280.89990234375
2017-01-31,-0.0008899054071440649,0.06628505497645913,Calm,2278.8701171875
2017-02-01,0.00029836348965073256,0.06348838345543086,Calm,2279.550048828125
2017-02-02,0.0005703094032936118,0.05711927340432487,Calm,2280.85009765625
2017-02-03,0.007264758098647794,0.05911489241242606,Calm,2297.419921875
2017-02-06,-0.002115356985885164,0.059677917963597386,Calm,2292.56005859375
2017-02-07,0.00022682918569594257,0.058660966525131385,Calm,2293.080078125
2017-02-08,0.0006933223855400961,0.05693099254779221,Calm,2294.669921875
2017-02-09,0.005752546449780516,0.0596604530567741,Calm,2307.8701171875
2017-02-10,0.003566050102845164,0.06002673174664489,Calm,2316.10009765625
2017-02-13,0.005245845097992419,0.06083036133850172,Calm,2328.25
2017-02-14,0.004007335176634763,0.06157312433154669,Calm,2337.580078125
2017-02-15,0.004992308919898214,0.060778240963712295,Calm,2349.25
2017-02-16,-0.0008641180363413437,0.06141469954897931,Calm,2347.219970703125
2017-02-17,0.0016785565287558146,0.058465830137620904,Calm,2351.159912109375
2017-02-21,0.006048066160828425,0.06007912303382523,Calm,2365.3798828125
2017-02-22,-0.001082200145408052,0.05876111262464945,Calm,2362.820068359375
2017-02-23,0.00041898672168572126,0.056585494549884596,Calm,2363.81005859375
2017-02-24,0.0014933641914423035,0.05173714460751483,Calm,2367.340087890625
2017-02-27,0.0010179830611165563,0.051172787178939236,Calm,2369.75
2017-02-28,-0.0025783763780462543,0.05249574069585547,Calm,2363.639892578125
2017-03-01,0.013673854659866258,0.06100678000652995,Calm,2395.9599609375
2017-03-02,-0.005859880503598425,0.06651631666775842,Calm,2381.919921875
2017-03-03,0.0005038772720600271,0.06644930906979221,Calm,2383.1201171875
2017-03-06,-0.0032772408480052917,0.06887690958595229,Calm,2375.31005859375
2017-03-07,-0.0029133737680216987,0.06798699856714656,Calm,2368.389892578125
2017-03-08,-0.002284215165048731,0.06810126046039663,Calm,2362.97998046875
2017-03-09,0.0007998953585612867,0.06800038124831885,Calm,2364.8701171875
2017-03-10,0.003268670195698986,0.0682109446185777,Calm,2372.60009765625
2017-03-13,0.0003666328125562224,0.06661288594651152,Calm,2373.469970703125
2017-03-14,-0.0033790271755046453,0.06802334203265288,Calm,2365.449951171875
2017-03-15,0.008374752796581397,0.07126285420604084,Calm,2385.260009765625
2017-03-16,-0.0016267102694209612,0.07110102113508363,Calm,2381.3798828125
2017-03-17,-0.0013143147950017697,0.06986622240698435,Calm,2378.25
2017-03-20,-0.0020098935338483948,0.07027895532267622,Calm,2373.469970703125
2017-03-21,-0.012407972940626899,0.08316117963973228,Calm,2344.02001953125
2017-03-22,0.0018898864360001877,0.08047177412645803,Calm,2348.449951171875
2017-03-23,-0.001060269661328106,0.0804692262714319,Calm,2345.9599609375
2017-03-24,-0.0008439958489141475,0.08044028911647372,Calm,2343.97998046875
2017-03-27,-0.001019587452981141,0.08016996875866385,Calm,2341.590087890625
2017-03-28,0.007251474353500598,0.08445882380029257,Calm,2358.570068359375
2017-03-29,0.001085324742930105,0.08411814227805568,Calm,2361.1298828125
2017-03-30,0.002935109936855751,0.0689148891697536,Calm,2368.06005859375
2017-03-31,-0.002255047489714501,0.06650349374119552,Calm,2362.719970703125
2017-04-03,-0.0016421255420062675,0.06656082877183615,Calm,2358.840087890625
2017-04-04,0.0005595225490382383,0.065851765113967,Calm,2360.159912109375
2017-04-05,-0.0030548611983906016,0.06592439474345885,Calm,2352.949951171875
2017-04-06,0.001929509405943275,0.06594492744857079,Calm,2357.489990234375
2017-04-07,-0.0008271302020167459,0.06590523363757006,Calm,2355.5400390625
2017-04-10,0.0006876864837839225,0.06480071872829506,Calm,2357.159912109375
2017-04-11,-0.001433879303282093,0.06486644995850269,Calm,2353.780029296875
2017-04-12,-0.003759951034546627,0.06510071492619485,Calm,2344.929931640625
2017-04-13,-0.006814694227374907,0.06037706519743957,Calm,2328.949951171875
2017-04-17,0.008613348940219367,0.06910530738371848,Calm,2349.010009765625
2017-04-18,-0.0029033798625895946,0.06951797399802966,Calm,2342.18994140625
2017-04-19,-0.0017163507793208632,0.06945665736709157,Calm,2338.169921875
2017-04-20,0.007557263417987681,0.06098431831918463,Calm,2355.840087890625
2017-04-21,-0.0030350729326357184,0.061694398209591675,Calm,2348.68994140625
2017-04-24,0.01084006896297951,0.07200028705464304,Calm,2374.14990234375
2017-04-25,0.006090687476747014,0.07424616539973065,Calm,2388.610107421875
2017-04-26,-0.00048570348354270987,0.07409431273378636,Calm,2387.449951171875
2017-04-27,0.0005529198041311911,0.07044192801666203,Calm,2388.77001953125
2017-04-28,-0.0019131470681601481,0.07095383324536392,Calm,2384.199951171875
2017-05-01,0.0017322905115801923,0.07054903782019188,Calm,2388.330078125
2017-05-02,0.0011890499458222514,0.0699123945197082,Calm,2391.169921875
2017-05-03,-0.0012713605313821041,0.06977561734795727,Calm,2388.1298828125
2017-05-04,0.0005821026438950216,0.06977550841247891,Calm,2389.52001953125
2017-05-05,0.0040886954080285864,0.06945066600175893,Calm,2399.2900390625
2017-05-08,3.744597299082386e-05,0.06941966534403532,Calm,2399.3798828125
2017-05-09,-0.0010252486299153762,0.06948327038511119,Calm,2396.919921875
2017-05-10,0.0011306013658478609,0.0694880808328814,Calm,2399.6298828125
2017-05-11,-0.002162809124616749,0.06983625140442974,Calm,2394.43994140625
2017-05-12,-0.0014784413679722608,0.06838094224366355,Calm,2390.89990234375
2017-05-15,0.004776513648450997,0.06344229448088802,Calm,2402.320068359375
2017-05-16,-0.0006868970151433507,0.05824411665531065,Calm,2400.669921875
2017-05-17,-0.018178214414433458,0.08781354329218462,Calm,2357.030029296875
2017-05-18,0.003686818283279214,0.0882320795994619,Calm,2365.719970703125
2017-05-19,0.006767499942466504,0.08748358901392236,Calm,2381.72998046875
2017-05-22,0.005160131149745784,0.08787490457552188,Calm,2394.02001953125
2017-05-23,0.001837871992654172,0.08028245973515552,Calm,2398.419921875
2017-05-24,0.002489126548973042,0.07805909370045344,Calm,2404.389892578125
2017-05-25,0.00444194837709877,0.07927110099282506,Calm,2415.070068359375
2017-05-26,0.00031054999597146526,0.07927581416542052,Calm,2415.820068359375
2017-05-30,-0.0012046245861250249,0.07903625753139384,Calm,2412.909912109375
2017-05-31,-0.000459968801852062,0.07899909527137212,Calm,2411.800048828125
2017-06-01,0.007571112611303388,0.08272869923681206,Calm,2430.06005859375
2017-06-02,0.0037077313104922904,0.08296955497688771,Calm,2439.070068359375
2017-06-05,-0.001217665183814387,0.0833223673187672,Calm,2436.10009765625
2017-06-06,-0.0027790399654609166,0.08344131510347436,Calm,2429.330078125
2017-06-07,0.0015682572275503848,0.08347840279257955,Calm,2433.139892578125
2017-06-08,0.00026720472849017796,0.08326576543106173,Calm,2433.7900390625
2017-06-09,-0.0008299892344156845,0.08342682071423631,Calm,2431.77001953125
2017-06-12,-0.000978763178264619,0.08302420647562556,Calm,2429.389892578125
2017-06-13,0.004511505177332342,0.08363152775587857,Calm,2440.35009765625
2017-06-14,-0.0009958307964025304,0.08272287408221624,Calm,2437.919921875
2017-06-15,-0.0022395981461527104,0.08322745403293924,Calm,2432.4599609375
2017-06-16,0.0002836393681004967,0.04756064515334975,Calm,2433.14990234375
2017-06-19,0.008347228657875183,0.052699599413975215,Calm,2453.4599609375
2017-06-20,-0.0066966373620162,0.05698357555031178,Calm,2437.030029296875
2017-06-21,-0.0005826443900691647,0.05527447569334102,Calm,2435.610107421875
2017-06-22,-0.00045578207221763645,0.05531660210637573,Calm,2434.5
2017-06-23,0.0015609155178168965,0.05503466686822558,Calm,2438.300048828125
2017-06-26,0.000315801794623205,0.053302977547859044,Calm,2439.070068359375
2017-06-27,-0.00807282488613359,0.06098857860922497,Calm,2419.3798828125
2017-06-28,0.008808066374833778,0.06781768817667201,Calm,2440.68994140625
2017-06-29,-0.008600023246820632,0.07484882720711093,Calm,2419.699951171875
2017-06-30,0.0015332318107057485,0.0700938325102141,Calm,2423.409912109375
2017-07-03,0.002310833849555216,0.0692948473047572,Calm,2429.010009765625
2017-07-05,0.001453279024245635,0.06941224546762031,Calm,2432.5400390625
2017-07-06,-0.009368823820586791,0.07609602635658996,Calm,2409.75
2017-07-07,0.006403125486305727,0.07942165347671755,Calm,2425.179931640625
2017-07-10,0.0009277662125786179,0.07949768403549781,Calm,2427.429931640625
2017-07-11,-0.0007826806116978391,0.07949247399326492,Calm,2425.530029296875
2017-07-12,0.007305607635895495,0.08343462320560324,Calm,2443.25
2017-07-13,0.0018745843139260643,0.08224271369348106,Calm,2447.830078125
2017-07-14,0.004673503078699293,0.08357415325201804,Calm,2459.27001953125
2017-07-17,-5.291283677333336e-05,0.08303609991931324,Calm,2459.139892578125
2017-07-18,0.0005978573436131729,0.08303136211853374,Calm,2460.610107421875
2017-07-19,0.005372639356088893,0.08009823580205776,Calm,2473.830078125
2017-07-20,-0.00015365928181010347,0.07588384810791521,Calm,2473.449951171875
2017-07-21,-0.00036787164783502746,0.07584111749025516,Calm,2472.5400390625
2017-07-24,-0.0010637348279797232,0.07598975254387311,Calm,2469.909912109375
2017-07-25,0.002923171678338221,0.07633024975576347,Calm,2477.1298828125
2017-07-26,0.0002826639480466575,0.07633278589739444,Calm,2477.830078125
2017-07-27,-0.0009726882691745153,0.06964815051771266,Calm,2475.419921875
2017-07-28,-0.001341115577770502,0.06415273350724988,Calm,2472.10009765625
2017-07-31,-0.0007281456077897763,0.05505269195416472,Calm,2470.300048828125
2017-08-01,0.0024491149692504877,0.055257240828861964,Calm,2476.35009765625
2017-08-02,0.0004926487188865458,0.055087132176038736,Calm,2477.570068359375
2017-08-03,-0.002183654185644257,0.056098855700253684,Calm,2472.159912109375
2017-08-04,0.0018891035295691694,0.04230844841940669,Calm,2476.830078125
2017-08-07,0.001647199789928111,0.03809494308246433,Calm,2480.909912109375
2017-08-08,-0.0024144327873969473,0.03998160355113152,Calm,2474.919921875
2017-08-09,-0.00036360867105078576,0.03978178930962964,Calm,2474.02001953125
2017-08-10,-0.014474441722801767,0.061518515235403276,Calm,2438.2099609375
2017-08-11,0.0012755699762128092,0.0613119949539417,Calm,2441.320068359375
2017-08-14,0.010043754544535322,0.06894850163535485,Calm,2465.840087890625
2017-08-15,-0.0004988078808476626,0.06898119494701854,Calm,2464.610107421875
2017-08-16,0.0014201029158569245,0.06911242137890142,Calm,2468.110107421875
2017-08-17,-0.015436952160958639,0.08506660816800726,Calm,2430.010009765625
2017-08-18,-0.0018353673110713675,0.08509587921635267,Calm,2425.550048828125
2017-08-21,0.001162651069903653,0.08538500444587716,Calm,2428.3701171875
2017-08-22,0.00994077978775465,0.09318205184495734,Calm,2452.510009765625
2017-08-23,-0.0034535927149730306,0.09300362236338224,Calm,2444.0400390625
2017-08-24,-0.0020744620703185834,0.09307257578297093,Calm,2438.969970703125
2017-08-25,0.0016728693563305974,0.0934382877079829,Calm,2443.050048828125
2017-08-28,0.00048707205438569545,0.09347266894511223,Calm,2444.239990234375
2017-08-29,0.000842821736810162,0.09358756841449466,Calm,2446.300048828125
2017-08-30,0.004615148933961866,0.09472633806298171,Calm,2457.590087890625
2017-08-31,0.005720976220730423,0.09701273739451838,Calm,2471.64990234375
2017-09-01,0.001982540682532896,0.09695661324252194,Calm,2476.550048828125
2017-09-05,-0.007550806889900619,0.10022414756348046,Calm,2457.85009765625
2017-09-06,0.0031287267736885838,0.10072575796853499,Calm,2465.5400390625
2017-09-07,-0.00017843612323464875,0.10042517653456669,Calm,2465.10009765625
2017-09-08,-0.001488850703918465,0.10052808279409726,Calm,2461.429931640625
2017-09-11,0.01083929931877714,0.09329905777881371,Calm,2488.110107421875
2017-09-12,0.0033639480109453057,0.09366171709311699,Calm,2496.47998046875
2017-09-13,0.0007571207193879381,0.08780632511024618,Calm,2498.3701171875
2017-09-14,-0.0011007176162897148,0.0879292618166583,Calm,2495.6201171875
2017-09-15,0.0018471814878802117,0.08799124942553707,Calm,2500.22998046875
2017-09-18,0.0014559207541648966,0.06577947752359939,Calm,2503.8701171875
2017-09-19,0.0011101954279371107,0.06471709935281818,Calm,2506.64990234375
2017-09-20,0.0006343478158390425,0.06478537887783244,Calm,2508.239990234375
2017-09-21,-0.0030459176984141134,0.05894932436682283,Calm,2500.60009765625
2017-09-22,0.0006477937229520947,0.056777100860659124,Calm,2502.219970703125
2017-09-25,-0.002222050282888466,0.05688415843043774,Calm,2496.659912109375
2017-09-26,7.216672978804795e-05,0.05695833053632319,Calm,2496.840087890625
2017-09-27,0.004085143947080816,0.05787167925306335,Calm,2507.0400390625
2017-09-28,0.001204615596159142,0.057855925342933996,Calm,2510.06005859375
2017-09-29,0.0037051100814438076,0.0572683803956135,Calm,2519.360107421875
2017-10-02,0.003874003457017716,0.05576438430187264,Calm,2529.1201171875
2017-10-03,0.0021588381272976687,0.05580283032282262,Calm,2534.580078125
2017-10-04,0.0012467201713795006,0.04607345669648213,Calm,2537.739990234375
2017-10-05,0.005646787369921524,0.04796252337391743,Calm,2552.070068359375
2017-10-06,-0.0010736344069645076,0.048489466716252295,Calm,2549.330078125
2017-10-09,-0.0018044339160793177,0.04875482421339066,Calm,2544.72998046875
2017-10-10,0.002322412261707374,0.03553128768970551,Calm,2550.639892578125
2017-10-11,0.0018035072962026,0.03472765666062677,Calm,2555.239990234375
2017-10-12,-0.0016867529508860502,0.03604798139647182,Calm,2550.929931640625
2017-10-13,0.0008781073155288421,0.035241633791537406,Calm,2553.169921875
2017-10-16,0.0017507533144689447,0.03521705446772791,Calm,2557.639892578125
2017-10-17,0.0006725789853143649,0.035217357632827545,Calm,2559.360107421875
2017-10-18,0.0007423349056041584,0.03523204999765512,Calm,2561.260009765625
2017-10-19,0.00032799789456050554,0.035291238769897926,Calm,2562.10009765625
2017-10-20,0.0051168427389869375,0.0347820308049174,Calm,2575.2099609375
2017-10-23,-0.003972484039719171,0.03941972957674759,Calm,2564.97998046875
2017-10-24,0.001617908278173541,0.03743442893271046,Calm,2569.1298828125
2017-10-25,-0.004663049754275228,0.04271777077993566,Calm,2557.14990234375
2017-10-26,0.001270946219078306,0.04136455372866151,Calm,2560.39990234375
2017-10-27,0.008073022498049642,0.04807697550140407,Calm,2581.070068359375
2017-10-30,-0.003192470570786421,0.04970027434019929,Calm,2572.830078125
2017-10-31,0.0009444586571358826,0.048593400611226946,Calm,2575.260009765625
2017-11-01,0.0015921101716727115,0.04844280348725245,Calm,2579.360107421875
2017-11-02,0.00018996581088659426,0.048468974867627634,Calm,2579.85009765625
2017-11-03,0.0030970753849743904,0.045990115714376445,Calm,2587.840087890625
2017-11-06,0.0012712512404724485,0.04558745465969791,Calm,2591.1298828125
2017-11-07,-0.00018910292286977715,0.0447702894929402,Calm,2590.639892578125
2017-11-08,0.001443655000098465,0.04451025840366708,Calm,2594.3798828125
2017-11-09,-0.003761887644002093,0.04705352789845636,Calm,2584.6201171875
2017-11-10,-0.0008976438525517549,0.04665890124210627,Calm,2582.300048828125
2017-11-13,0.0009836343625724275,0.04666864778002143,Calm,2584.840087890625
2017-11-14,-0.0023096092988857952,0.04750965738757693,Calm,2578.8701171875
2017-11-15,-0.005525675723266343,0.05172326625781791,Calm,2564.6201171875
2017-11-16,0.008196058063241196,0.05883973265022239,Calm,2585.639892578125
2017-11-17,-0.0026259630899742037,0.05980371545636061,Calm,2578.85009765625
2017-11-20,0.0012756828808564435,0.05734924957880258,Calm,2582.139892578125
2017-11-21,0.006541139295859866,0.05939139076066085,Calm,2599.030029296875
2017-11-22,-0.0007502611166068096,0.05946400767332538,Calm,2597.080078125
2017-11-24,0.0020560951489239088,0.05656655374402605,Calm,2602.419921875
2017-11-27,-0.0003842577408796899,0.05669885821582213,Calm,2601.419921875
2017-11-28,0.00984851271879017,0.05983015467844171,Calm,2627.0400390625
2017-11-29,-0.000369225702197995,0.05820525135078783,Calm,2626.070068359375
2017-11-30,0.008190950433802913,0.06333325060983626,Calm,2647.580078125
2017-12-01,-0.002024530803113933,0.06437331474583978,Calm,2642.219970703125
2017-12-04,-0.0010521566439205543,0.06475064755832395,Calm,2639.43994140625
2017-12-05,-0.0037393815604747083,0.06639827441651955,Calm,2629.570068359375
2017-12-06,-0.00011410565998426492,0.0664400055609445,Calm,2629.27001953125
2017-12-07,0.0029323579853828274,0.06679007908577349,Calm,2636.97998046875
2017-12-08,0.005506306319651655,0.0686982166013794,Calm,2651.5
2017-12-11,0.003201957471006933,0.06676504956765865,Calm,2659.989990234375
2017-12-12,0.001548922064604108,0.0662502317864114,Calm,2664.110107421875
2017-12-13,-0.0004729570906678582,0.06658309403003712,Calm,2662.85009765625
2017-12-14,-0.004070859227173984,0.06809036436002598,Calm,2652.010009765625
2017-12-15,0.008974343513216354,0.06819153463021536,Calm,2675.81005859375
2017-12-18,0.005362807225250732,0.06562241020118409,Calm,2690.159912109375
2017-12-19,-0.0032302694598687065,0.06617824275200856,Calm,2681.469970703125
2017-12-20,-0.0008278931807477186,0.06681367187974413,Calm,2679.25
2017-12-21,0.0019856558213586784,0.06453793782823156,Calm,2684.570068359375
2017-12-22,-0.0004581666477052604,0.06441451557565378,Calm,2683.340087890625
2017-12-26,-0.0010584151831672939,0.06501603371510915,Calm,2680.5
2017-12-27,0.0007909409391904099,0.06473271140982632,Calm,2682.6201171875
2017-12-28,0.0018339987251561052,0.0571792574644874,Calm,2687.5400390625
2017-12-29,-0.005183153157965359,0.061030250620820355,Calm,2673.610107421875
2018-01-02,0.008303361477520088,0.061201348292580955,Calm,2695.81005859375
2018-01-03,0.006398818768781567,0.06311291773863892,Calm,2713.06005859375
2018-01-04,0.004028636080503967,0.06321333123938469,Calm,2723.989990234375
2018-01-05,0.007033767443369587,0.06295630901367652,Calm,2743.14990234375
2018-01-08,0.0016623439316436617,0.0624955102996029,Calm,2747.7099609375
2018-01-09,0.0013029315960912946,0.0624795087419689,Calm,2751.2900390625
2018-01-10,-0.0011122268282528491,0.062044906331947654,Calm,2748.22998046875
2018-01-11,0.007033646478779465,0.06457037293997064,Calm,2767.56005859375
2018-01-12,0.006749602987881076,0.06669499469754606,Calm,2786.239990234375
2018-01-16,-0.003524487622672101,0.06900209087654326,Calm,2776.419921875
2018-01-17,0.009415051560751175,0.06986164804259819,Calm,2802.56005859375
2018-01-18,-0.0016163897301626484,0.06735419520913943,Calm,2798.030029296875
2018-01-19,0.004385235112838837,0.06684761862743893,Calm,2810.300048828125
2018-01-22,0.008066726499347698,0.06697134239221844,Calm,2832.969970703125
2018-01-23,0.0021743654797181655,0.06581627422532829,Calm,2839.1298828125
2018-01-24,-0.0005599757022828333,0.06678315272165775,Calm,2837.5400390625
2018-01-25,0.0006026209018938911,0.06625997699043909,Calm,2839.25
2018-01-26,0.011841196508761032,0.07186801351517237,Calm,2872.8701171875
2018-01-29,-0.006731974332887192,0.07951575672881521,Calm,2853.530029296875
2018-01-30,-0.010898815620283941,0.09289075674748155,Calm,2822.429931640625
2018-01-31,0.0004889853730833948,0.08909462763965614,Calm,2823.81005859375
2018-02-01,-0.0006480882520516484,0.0872789361638991,Calm,2821.97998046875
2018-02-02,-0.02120854792396809,0.11763882121689918,Calm,2762.1298828125
2018-02-05,-0.04097922480422822,0.18594745055660306,Elevated,2648.93994140625
2018-02-06,0.017440920592313836,0.19506941328365598,Elevated,2695.139892578125
2018-02-07,-0.005001588416939429,0.19538919300588037,Elevated,2681.659912109375
2018-02-08,-0.03753641975808808,0.2322539960019091,Elevated,2581.0
2018-02-09,0.014936090208494734,0.24035257702408028,Crisis,2619.550048828125
2018-02-12,0.013914584754042503,0.24481308561323661,Crisis,2656.0
2018-02-13,0.0026129297463290957,0.2433991101461715,Crisis,2662.93994140625
2018-02-14,0.013402458257245842,0.24909414918793416,Crisis,2698.6298828125
2018-02-15,0.012069112762299383,0.25068827680184097,Crisis,2731.199951171875
2018-02-16,0.0003734693722488025,0.2507320894101042,Crisis,2732.219970703125
2018-02-20,-0.005841389459353419,0.2504607993066905,Crisis,2716.260009765625
2018-02-21,-0.0054965031281792864,0.24833160552910746,Crisis,2701.330078125
2018-02-22,0.0009735510790762625,0.24810316879482636,Crisis,2703.9599609375
2018-02-23,0.01602837635051313,0.25601516517474165,Crisis,2747.300048828125
2018-02-26,0.011757015343810906,0.2600061268495416,Crisis,2779.60009765625
2018-02-27,-0.012706888443829278,0.25877461869258755,Crisis,2744.280029296875
2018-02-28,-0.011095788639207016,0.2602069858955551,Crisis,2713.830078125
2018-03-01,-0.013324399541987275,0.26135502846903474,Crisis,2677.669921875
2018-03-02,0.005071602744632031,0.2624671580435309,Crisis,2691.25
2018-03-05,0.011032026532745043,0.2664013982762211,Crisis,2720.93994140625
2018-03-06,0.002638858606169414,0.25692339439366607,Crisis,2728.1201171875
2018-03-07,-0.00048387472056610203,0.21057634828318003,Elevated,2726.800048828125
2018-03-08,0.004463078207817217,0.2028267407516838,Elevated,2738.969970703125
2018-03-09,0.01737883151892694,0.2094057747022583,Elevated,2786.570068359375
2018-03-12,-0.001273985129042532,0.15356176323463178,Normal,2783.02001953125
2018-03-13,-0.006363576551088879,0.1515316900831123,Normal,2765.31005859375
2018-03-14,-0.005724521948562322,0.14833413494430195,Normal,2749.47998046875
2018-03-15,-0.000781930531963182,0.14853403981446456,Normal,2747.330078125
2018-03-16,0.001703447167811456,0.14214112552036923,Normal,2752.010009765625
2018-03-19,-0.014204195388793028,0.1453953016715209,Normal,2712.919921875
2018-03-20,0.0014818054520648882,0.14550870021668644,Normal,2716.93994140625
2018-03-21,-0.0018439898833508828,0.14421850346684656,Normal,2711.929931640625
2018-03-22,-0.025162888405856454,0.16776772174216384,Normal,2643.68994140625
2018-03-23,-0.02096688071186603,0.18123530574806948,Elevated,2588.260009765625
2018-03-26,0.02715725576151251,0.19847801829871603,Elevated,2658.550048828125
2018-03-27,-0.017276308813847896,0.19954477175342888,Elevated,2612.6201171875
2018-03-28,-0.00291665716625622,0.19632001385737544,Elevated,2605.0
2018-03-29,0.013769718690019195,0.2012832388340916,Elevated,2640.8701171875
2018-04-02,-0.022337423560165104,0.2103305417464648,Elevated,2581.8798828125
2018-04-03,0.012614865848792123,0.21494037209732564,Elevated,2614.449951171875
2018-04-04,0.01156648273982852,0.21533404759528826,Elevated,2644.68994140625
2018-04-05,0.0068628636575538415,0.2167911180223638,Elevated,2662.840087890625
2018-04-06,-0.021920248779842444,0.22847184084728786,Elevated,2604.469970703125
2018-04-09,0.0033365488963206236,0.22809808203925924,Elevated,2613.159912109375
2018-04-10,0.0167269537832615,0.22740541543396098,Elevated,2656.8701171875
2018-04-11,-0.005525364482924067,0.22767127132239345,Elevated,2642.18994140625
2018-04-12,0.008250750063987677,0.23005866392343474,Elevated,2663.989990234375
2018-04-13,-0.0028866254882486952,0.22963902394333094,Elevated,2656.300048828125
2018-04-16,0.008109038386684864,0.23206173031235827,Elevated,2677.840087890625
2018-04-17,0.010661504701720004,0.2354832180194247,Elevated,2706.389892578125
2018-04-18,0.0008313658006817715,0.23031482264076997,Elevated,2708.639892578125
2018-04-19,-0.005726124690152989,0.23109266946191498,Elevated,2693.1298828125
2018-04-20,-0.00853653230061302,0.23280611567770423,Elevated,2670.139892578125
2018-04-23,5.623169212687351e-05,0.21504352364572024,Elevated,2670.2900390625
2018-04-24,-0.01338056164164636,0.20692536121123722,Elevated,2634.56005859375
2018-04-25,0.001837059563023713,0.1837766369440066,Elevated,2639.39990234375
2018-04-26,0.010434204774367295,0.17640804546043887,Normal,2666.93994140625
2018-04-27,0.0011136248915897262,0.17582071544079036,Normal,2669.909912109375
2018-04-30,-0.008187490964434607,0.17251261089742748,Normal,2648.050048828125
2018-05-01,0.0025490454770622506,0.15187977116281295,Normal,2654.800048828125
2018-05-02,-0.007205863568357729,0.14888118321048185,Normal,2635.669921875
2018-05-03,-0.0022536742393085563,0.1434504807167451,Normal,2629.72998046875
2018-05-04,0.012811178963797909,0.14854628574095324,Normal,2663.419921875
2018-05-07,0.0034579455015175675,0.12546958513159892,Calm,2672.6298828125
2018-05-08,-0.0002656413228280252,0.12533907643558476,Calm,2671.919921875
2018-05-09,0.009682220255068819,0.11631542016729692,Calm,2697.7900390625
2018-05-10,0.009370643723504823,0.11762212110464754,Calm,2723.070068359375
2018-05-11,0.0017075955546570487,0.11501955150898605,Calm,2727.719970703125
2018-05-14,0.0008834895573073265,0.11408954076438137,Calm,2730.1298828125
2018-05-15,-0.006842140279927467,0.11465201922468372,Calm,2711.449951171875
2018-05-16,0.004060561678767671,0.10953282424907562,Calm,2722.4599609375
2018-05-17,-0.0008558723207806596,0.10958651700139538,Calm,2720.1298828125
2018-05-18,-0.00263219493841671,0.10798211921124257,Calm,2712.969970703125
2018-05-21,0.007386752997235124,0.10549032278273407,Calm,2733.010009765625
2018-05-22,-0.0031357617896576873,0.10647457465711775,Calm,2724.43994140625
2018-05-23,0.0032484098921563564,0.0929419623708506,Calm,2733.2900390625
2018-05-24,-0.002023213496498033,0.09386414664789856,Calm,2727.760009765625
2018-05-25,-0.0023572204364039617,0.08900408027455615,Calm,2721.330078125
2018-05-29,-0.011564187290653005,0.0990289365383681,Calm,2689.860107421875
2018-05-30,0.012695791223314323,0.10264012549095218,Calm,2724.010009765625
2018-05-31,-0.006879559974886984,0.10640040640409847,Calm,2705.27001953125
2018-06-01,0.010849230370481022,0.10740752354531172,Calm,2734.6201171875
2018-06-04,0.004479598435997323,0.10675336053793126,Calm,2746.8701171875
2018-06-05,0.0007025929724704394,0.09943338931647963,Calm,2748.800048828125
2018-06-06,0.008567392465728796,0.1022228042934326,Calm,2772.35009765625
2018-06-07,-0.0007141884679080501,0.1023468438135713,Calm,2770.3701171875
2018-06-08,0.0031259043893263616,0.09838292750700325,Calm,2779.030029296875
2018-06-11,0.001068707668436586,0.09405024336510098,Calm,2782.0
2018-06-12,0.0017433852107295866,0.09405354159009915,Calm,2786.85009765625
2018-06-13,-0.004026127868587581,0.09567911496551891,Calm,2775.6298828125
2018-06-14,0.002471549778432225,0.09165527113325586,Calm,2782.489990234375
2018-06-15,-0.001017102715529128,0.09137951144885731,Calm,2779.659912109375
2018-06-18,-0.0021261277624751163,0.09181061521953093,Calm,2773.75
2018-06-19,-0.004023402292699374,0.09261671817976999,Calm,2762.590087890625
2018-06-20,0.0017121542893689945,0.08963120434605727,Calm,2767.320068359375
2018-06-21,-0.006345510515579966,0.09197996620616727,Calm,2749.760009765625
2018-06-22,0.0018619345065358228,0.09157421870616203,Calm,2754.8798828125
2018-06-25,-0.013724668973416176,0.10363729794487603,Calm,2717.070068359375
2018-06-26,0.0022045770199778936,0.10362716123678722,Calm,2723.06005859375
2018-06-27,-0.008604355128821406,0.09988692141586539,Calm,2699.6298828125
2018-06-28,0.00617868985946779,0.09183397442463194,Calm,2716.31005859375
2018-06-29,0.0007584033300001014,0.08850003890073858,Calm,2718.3701171875
2018-07-02,0.003067957412152822,0.08049503192889541,Calm,2726.7099609375
2018-07-03,-0.00494735062681062,0.08032334650430303,Calm,2713.219970703125
2018-07-05,0.008620803683929923,0.08636583107622034,Calm,2736.610107421875
2018-07-06,0.008481281595267509,0.08625616504295251,Calm,2759.820068359375
2018-07-09,0.008822985887663393,0.09169745452363928,Calm,2784.169921875
2018-07-10,0.003473267180873929,0.09184238165744837,Calm,2793.840087890625
2018-07-11,-0.007094202866256172,0.09523726331064639,Calm,2774.02001953125
2018-07-12,0.008749042674663476,0.09993990960405105,Calm,2798.2900390625
2018-07-13,0.0010792374947172778,0.09876866559265793,Calm,2801.31005859375
2018-07-16,-0.001028135726814483,0.09861320727593317,Calm,2798.429931640625
2018-07-17,0.00397369863071062,0.09929256323128605,Calm,2809.550048828125
2018-07-18,0.0021605126279586884,0.09895856242167701,Calm,2815.6201171875
2018-07-19,-0.003952993120479142,0.09891622004008946,Calm,2804.489990234375
2018-07-20,-0.0009484477101494582,0.09901458557560112,Calm,2801.830078125
2018-07-23,0.0018380494891383492,0.09577765629085297,Calm,2806.97998046875
2018-07-24,0.004780911145920941,0.09663907583175191,Calm,2820.39990234375
2018-07-25,0.009101605057599604,0.08391948501703236,Calm,2846.070068359375
2018-07-26,-0.0030322960242857855,0.08587324250977182,Calm,2837.43994140625
2018-07-27,-0.00656220869212365,0.08294464066465355,Calm,2818.820068359375
2018-07-30,-0.005754170294581917,0.08575396550267944,Calm,2802.60009765625
2018-07-31,0.004884728797982518,0.08648995374760339,Calm,2816.2900390625
2018-08-01,-0.0010403515262938923,0.08684179362867103,Calm,2813.360107421875
2018-08-02,0.004926444803381669,0.08429659600522126,Calm,2827.219970703125
2018-08-03,0.004644183009877123,0.08142308883227296,Calm,2840.35009765625
2018-08-06,0.003538227451535869,0.0780314702051228,Calm,2850.39990234375
2018-08-07,0.0028241822564987196,0.07362984793553481,Calm,2858.449951171875
2018-08-08,-0.0002623799656497061,0.0733547273935826,Calm,2857.699951171875
2018-08-09,-0.0014416744645237012,0.06781575971269756,Calm,2853.580078125
2018-08-10,-0.007113887913551609,0.06828814803995778,Calm,2833.280029296875
2018-08-13,-0.004005992185342366,0.07008755694724722,Calm,2821.929931640625
2018-08-14,0.006389254777276809,0.07289222804523945,Calm,2839.9599609375
2018-08-15,-0.007602164835758152,0.07726412162864695,Calm,2818.3701171875
2018-08-16,0.007919408484583057,0.08159636092464631,Calm,2840.68994140625
2018-08-17,0.0033231157222237684,0.08055267691395991,Calm,2850.1298828125
2018-08-20,0.0024280177746833775,0.08048828582642978,Calm,2857.050048828125
2018-08-21,0.0020685364303643095,0.0805245668529169,Calm,2862.9599609375
2018-08-22,-0.0003981517707819515,0.07941342083148945,Calm,2861.820068359375
2018-08-23,-0.0016912621251551352,0.07362739670231798,Calm,2856.97998046875
2018-08-24,0.006198839704363079,0.0754546447363229,Calm,2874.68994140625
2018-08-27,0.007670409427647185,0.07445744722713084,Calm,2896.739990234375
2018-08-28,0.00026927832649970007,0.07005035130142147,Calm,2897.52001953125
2018-08-29,0.005701434129840033,0.07058844483476512,Calm,2914.0400390625
2018-08-30,-0.004430329054144866,0.07313838193834815,Calm,2901.1298828125
2018-08-31,0.00013447750859452157,0.0721656290904307,Calm,2901.52001953125
2018-09-04,-0.0016543221469484948,0.07172548905087076,Calm,2896.719970703125
2018-09-05,-0.002803126684318036,0.07220005621511166,Calm,2888.60009765625
2018-09-06,-0.0036523050860121087,0.07321449382980631,Calm,2878.050048828125
2018-09-07,-0.002213344827027508,0.0737254064486177,Calm,2871.679931640625
2018-09-10,0.0018978268127400888,0.07367167351978031,Calm,2877.1298828125
2018-09-11,0.003739841510076891,0.06917758489745576,Calm,2887.889892578125
2018-09-12,0.00035667194221011833,0.0668769987705743,Calm,2888.919921875
2018-09-13,0.005282254329749936,0.06588186818666193,Calm,2904.179931640625
2018-09-14,0.00027548183892078804,0.05798990311269406,Calm,2904.97998046875
2018-09-17,-0.005569722252617426,0.05785107450158092,Calm,2888.800048828125
2018-09-18,0.005369014643958003,0.059386282926039494,Calm,2904.31005859375
2018-09-19,0.0012532727238796504,0.05914531444876661,Calm,2907.949951171875
2018-09-20,0.007840591898404803,0.06383983199056073,Calm,2930.75
2018-09-21,-0.00036853301202766087,0.06383102316657548,Calm,2929.669921875
2018-09-24,-0.0035156877607932513,0.06514430431993966,Calm,2919.3701171875
2018-09-25,-0.0013050961134796202,0.06279677212290936,Calm,2915.56005859375
2018-09-26,-0.003289278113945082,0.05877198600361146,Calm,2905.969970703125
2018-09-27,0.0027632870875580196,0.05946242368172902,Calm,2914.0
2018-09-28,-6.870120538793323e-06,0.05609335396817536,Calm,2913.97998046875
2018-10-01,0.003641105118425747,0.055010026963157384,Calm,2924.590087890625
2018-10-02,-0.0003966902079042267,0.0550717695053462,Calm,2923.429931640625
2018-10-03,0.0007115197468861023,0.05458694397425458,Calm,2925.510009765625
2018-10-04,-0.008169482334351885,0.06139090038197881,Calm,2901.610107421875
2018-10-05,-0.005527978766503461,0.06319925889306607,Calm,2885.570068359375
2018-10-08,-0.00039511662920677093,0.06266070474252355,Calm,2884.429931640625
2018-10-09,-0.0014179036575431292,0.06259365717732203,Calm,2880.340087890625
2018-10-10,-0.0328642290012785,0.12885015314905826,Calm,2785.679931640625
2018-10-11,-0.02057300761734404,0.14416463248446892,Normal,2728.3701171875
2018-10-12,0.014206197825152422,0.15339321949255752,Normal,2767.1298828125
2018-10-15,-0.005904978964482943,0.15360292370566606,Normal,2750.7900390625
2018-10-16,0.02149560016316343,0.1741369019660093,Normal,2809.919921875
2018-10-17,-0.00025266233815879335,0.1725219714729353,Normal,2809.2099609375
2018-10-18,-0.014391922356395415,0.17777733555405192,Normal,2768.780029296875
2018-10-19,-0.00036116989772350117,0.17413156785864042,Normal,2767.780029296875
2018-10-22,-0.004299527548581317,0.17401133207432323,Normal,2755.8798828125
2018-10-23,-0.005511829997012829,0.17424475694416314,Normal,2740.68994140625
2018-10-24,-0.030864433977743855,0.19905917087441474,Elevated,2656.10009765625
2018-10-25,0.018625040052811848,0.2144172027264194,Elevated,2705.570068359375
2018-10-26,-0.017327264039978307,0.2185036952702826,Elevated,2658.68994140625
2018-10-29,-0.0065595995737004476,0.21807297444992854,Elevated,2641.25
2018-10-30,0.015666780052058682,0.22755659628745634,Elevated,2682.6298828125
2018-10-31,0.010851331974038647,0.23307316429283012,Elevated,2711.739990234375
2018-11-01,0.010557843693063784,0.2377477384921702,Elevated,2740.3701171875
2018-11-02,-0.0063166863793988615,0.23732647684228053,Elevated,2723.06005859375
2018-11-05,0.005600317169601965,0.23890688109971892,Elevated,2738.31005859375
2018-11-06,0.006259295774170726,0.24070973531725717,Crisis,2755.449951171875
2018-11-07,0.021208856064105275,0.2538784629699289,Crisis,2813.889892578125
2018-11-08,-0.0025089163835961825,0.22611515255074038,Elevated,2806.830078125
2018-11-09,-0.00919901370610332,0.21599242038952443,Elevated,2781.010009765625
2018-11-12,-0.01970148934024063,0.22172970840170556,Elevated,2726.219970703125
2018-11-13,-0.0014819196931705747,0.22092827187286973,Elevated,2722.179931640625
2018-11-14,-0.007567410690302756,0.20713582104840375,Elevated,2701.580078125
2018-11-15,0.010593753366266334,0.21151118618001669,Elevated,2730.199951171875
2018-11-16,0.0022233054237545957,0.20629282385206624,Elevated,2736.27001953125
2018-11-19,-0.01664310858849427,0.21374880419850886,Elevated,2690.72998046875
2018-11-20,-0.01815124083246611,0.2214792626327122,Elevated,2641.889892578125
2018-11-21,0.0030432907461763747,0.22171204293429225,Elevated,2649.929931640625
2018-11-23,-0.006554842390161242,0.1956133484525672,Elevated,2632.56005859375
2018-11-26,0.0155323683669224,0.19209480474011476,Elevated,2673.449951171875
2018-11-27,0.003261692144003847,0.1823621546407522,Elevated,2682.169921875
2018-11-28,0.022973979644221654,0.19616911420219543,Elevated,2743.7900390625
2018-11-29,-0.0021831080910337253,0.19002056582650179,Elevated,2737.800048828125
2018-11-30,0.008170747552017188,0.18849706914748013,Elevated,2760.169921875
2018-12-03,0.010941426132194287,0.1887489493651587,Elevated,2790.3701171875
2018-12-04,-0.03236490314939877,0.22028213256190027,Elevated,2700.06005859375
2018-12-06,-0.0015222281477752508,0.21925290953335627,Elevated,2695.949951171875
2018-12-07,-0.023320118765389863,0.23112821309127513,Elevated,2633.080078125
2018-12-10,0.0017621539947350051,0.21576732316442243,Elevated,2637.719970703125
2018-12-11,-0.00035634616892232795,0.215955997437284,Elevated,2636.780029296875
2018-12-12,0.005419503676349802,0.21650559021320503,Elevated,2651.070068359375
2018-12-13,-0.00019993032368359476,0.2069565980079532,Elevated,2650.5400390625
2018-12-14,-0.019086709555430348,0.21598475082804067,Elevated,2599.949951171875
2018-12-17,-0.020773480559224233,0.2248619067557986,Elevated,2545.93994140625
2018-12-18,8.640058610476231e-05,0.21991136802053723,Elevated,2546.159912109375
2018-12-19,-0.01539571453679811,0.2228604561729551,Elevated,2506.9599609375
2018-12-20,-0.01577210632742365,0.2222606611099304,Elevated,2467.419921875
2018-12-21,-0.020588228309714296,0.22436286470720973,Elevated,2416.6201171875
2018-12-24,-0.027112254452099527,0.23620489953485102,Elevated,2351.10009765625
2018-12-26,0.04959374278953943,0.3037083253250169,Crisis,2467.699951171875
2018-12-27,0.008562680784222065,0.2993058614024664,Crisis,2488.830078125
2018-12-28,-0.0012415825080966947,0.298479924714345,Crisis,2485.739990234375
2018-12-31,0.00849248413140935,0.2862945912814926,Crisis,2506.85009765625
2019-01-02,0.0012684969251244294,0.2868406353693455,Crisis,2510.030029296875
2019-01-03,-0.02475673039503723,0.2919101085147521,Crisis,2447.889892578125
2019-01-04,0.03433571464262353,0.3185844905538804,Crisis,2531.93994140625
2019-01-07,0.007010434848680358,0.3039400665011737,Crisis,2549.68994140625
2019-01-08,0.009695285023358924,0.3068887045691339,Crisis,2574.409912109375
2019-01-09,0.004098045450532162,0.29746134571615196,Crisis,2584.9599609375
2019-01-10,0.004518418782931244,0.29790314856420563,Crisis,2596.639892578125
2019-01-11,-0.00014629784190933748,0.29790603339040594,Crisis,2596.260009765625
2019-01-14,-0.005257525167898014,0.29749650384827353,Crisis,2582.610107421875
2019-01-15,0.010721688622945758,0.30029589053612205,Crisis,2610.300048828125
2019-01-16,0.0022219854881162515,0.2927073030006082,Crisis,2616.10009765625
2019-01-17,0.0075914003822110665,0.2831221137752482,Crisis,2635.9599609375
2019-01-18,0.01318305304897005,0.28574265441872854,Crisis,2670.7099609375
2019-01-22,-0.014157306164566674,0.28479988742509477,Crisis,2632.89990234375
2019-01-23,0.0022029127742235755,0.2769776406715116,Crisis,2638.699951171875
2019-01-24,0.0013757255543636049,0.26317101115111796,Crisis,2642.330078125
2019-01-25,0.008488694060713842,0.23707722981895632,Elevated,2664.760009765625
2019-01-28,-0.007846827493937836,0.18116500467879257,Elevated,2643.85009765625
2019-01-29,-0.0014562465775435074,0.18085727299211937,Elevated,2640.0
2019-01-30,0.01554926091974429,0.18534121035284373,Elevated,2681.050048828125
2019-01-31,0.008597395948725328,0.18537593700366678,Elevated,2704.10009765625
2019-02-01,0.0008986100931438479,0.18544093119760535,Elevated,2706.530029296875
2019-02-04,0.006776236617404008,0.15407522736209323,Normal,2724.8701171875
2019-02-05,0.00470842037697472,0.11176369463180112,Calm,2737.699951171875
2019-02-06,-0.0022244379802809355,0.11294251815066102,Calm,2731.610107421875
2019-02-07,-0.009357140143940179,0.11851958703710168,Calm,2706.050048828125
2019-02-08,0.0006762010869560964,0.11849612177307166,Calm,2707.8798828125
2019-02-11,0.0007091030986317026,0.11830830900026784,Calm,2709.800048828125
2019-02-12,0.0128902247439735,0.12373977908997667,Calm,2744.72998046875
2019-02-13,0.003023994668760688,0.12032417021908681,Calm,2753.030029296875
2019-02-14,-0.002651641555101225,0.11852016670453533,Calm,2745.72998046875
2019-02-15,0.01087875260858695,0.12206213508299807,Calm,2775.60009765625
2019-02-19,0.0014987433214488366,0.12089948901161574,Calm,2779.760009765625
2019-02-20,0.0017771107537685182,0.11456222012721608,Calm,2784.699951171875
2019-02-21,-0.003526436790880272,0.10073536647917951,Calm,2774.8798828125
2019-02-22,0.006411102394986878,0.10161765459293541,Calm,2792.669921875
2019-02-25,0.0012318625699112573,0.10164291815754026,Calm,2796.110107421875
2019-02-26,-0.0007904570968998437,0.10007421250646296,Calm,2793.89990234375
2019-02-27,-0.0005440493877303387,0.0937662256226601,Calm,2792.3798828125
2019-02-28,-0.0028255083152146643,0.09463270638439313,Calm,2784.489990234375
2019-03-01,0.00689532059343434,0.08379022412215223,Calm,2803.68994140625
2019-03-04,-0.003880558492514008,0.08282752928168782,Calm,2792.81005859375
2019-03-05,-0.001131532823106185,0.08332613171363991,Calm,2789.64990234375
2019-03-06,-0.006524098653592381,0.0853367797082838,Calm,2771.449951171875
2019-03-07,-0.00812571755868352,0.08945243304088511,Calm,2748.929931640625
2019-03-08,-0.0021316888487414865,0.08942119968987085,Calm,2743.070068359375
2019-03-11,0.014666041867757107,0.09553542275677411,Calm,2783.300048828125
2019-03-12,0.0029533182046204143,0.09565611472203783,Calm,2791.52001953125
2019-03-13,0.006949583813841809,0.09745897521478589,Calm,2810.919921875
2019-03-14,-0.0008680223820187738,0.08895044154196245,Calm,2808.47998046875
2019-03-15,0.00498490290027398,0.08973828062269434,Calm,2822.47998046875
2019-03-18,0.0037059469012648005,0.08899747849441964,Calm,2832.93994140625
2019-03-19,-0.0001305615560248663,0.08230675354140957,Calm,2832.570068359375
2019-03-20,-0.0029443536044478913,0.08338641944619757,Calm,2824.22998046875
2019-03-21,0.010852481049954399,0.090400013591372,Calm,2854.8798828125
2019-03-22,-0.018974501239482744,0.11347398969051492,Calm,2800.7099609375
2019-03-25,-0.000839020658475631,0.11144896878721193,Calm,2798.360107421875
2019-03-26,0.007182725862306283,0.11407232687275354,Calm,2818.4599609375
2019-03-27,-0.0046443248906916645,0.11535470788596944,Calm,2805.3701171875
2019-03-28,0.003589481529391092,0.11589703497908034,Calm,2815.43994140625
2019-03-29,0.0067342800173637585,0.11725025398543086,Calm,2834.39990234375
2019-04-01,0.011568600124275408,0.12132188433716373,Calm,2867.18994140625
2019-04-02,1.745570720723677e-05,0.1200524649313531,Calm,2867.239990234375
2019-04-03,0.002148376881724312,0.1197594362891358,Calm,2873.39990234375
2019-04-04,0.0020846350796801527,0.11620941286568827,Calm,2879.389892578125
2019-04-05,0.004636432770241061,0.1106884025425494,Calm,2892.739990234375
2019-04-08,0.0010474599539205265,0.10957096416515201,Calm,2895.77001953125
2019-04-09,-0.006067494393846573,0.10422587114475955,Calm,2878.199951171875
2019-04-10,0.0034778715639784963,0.10432631213036037,Calm,2888.2099609375
2019-04-11,3.8123067008344336e-05,0.10263055958307035,Calm,2888.320068359375
2019-04-12,0.006609324208602496,0.10388813907840569,Calm,2907.409912109375
2019-04-15,-0.0006293691084816588,0.10345070107861842,Calm,2905.580078125
2019-04-16,0.0005093580038946222,0.10314628557033832,Calm,2907.06005859375
2019-04-17,-0.0022738117853239315,0.10377324393540922,Calm,2900.449951171875
2019-04-18,0.0015790922795098083,0.10270272008975286,Calm,2905.030029296875
2019-04-22,0.001012017561471401,0.09673134127312441,Calm,2907.969970703125
2019-04-23,0.008841205788409079,0.06865480060695925,Calm,2933.679931640625
2019-04-24,-0.002191763174733685,0.06956812357574213,Calm,2927.25
2019-04-25,-0.0003689736527457965,0.06758257437912425,Calm,2926.169921875
2019-04-26,0.0046852921407636305,0.06401345167198408,Calm,2939.8798828125
2019-04-29,0.001071522174355355,0.06393902012950396,Calm,2943.030029296875
2019-04-30,0.0009514170090862972,0.06178294855776152,Calm,2945.830078125
2019-05-01,-0.007502163081421376,0.05923261110292298,Calm,2923.72998046875
2019-05-02,-0.0021239857917741967,0.060109496084675175,Calm,2917.52001953125
2019-05-03,0.009638279380647763,0.06733671444950126,Calm,2945.639892578125
2019-05-06,-0.004470988428756373,0.07001730805648096,Calm,2932.469970703125
2019-05-07,-0.016511651392423388,0.09092368097052415,Calm,2884.050048828125
2019-05-08,-0.0016054253132695706,0.09095611346531658,Calm,2879.419921875
2019-05-09,-0.0030214249424966866,0.08909602028864269,Calm,2870.719970703125
2019-05-10,0.0037202972597878414,0.0892228551020047,Calm,2881.39990234375
2019-05-13,-0.02413055719884427,0.1220152864013298,Calm,2811.8701171875
2019-05-14,0.008015944543135589,0.12324770834027396,Calm,2834.409912109375
2019-05-15,0.00583897507464215,0.12562652906294866,Calm,2850.9599609375
2019-05-16,0.008895287120600504,0.13006952593487678,Normal,2876.320068359375
2019-05-17,-0.005837333350761975,0.13127109849912172,Normal,2859.530029296875
2019-05-20,-0.0067493779153879885,0.13265736293719974,Normal,2840.22998046875
2019-05-21,0.008495835590448308,0.13659096402862525,Normal,2864.360107421875
2019-05-22,-0.0028243962306494508,0.1322498904010184,Normal,2856.27001953125
2019-05-23,-0.01191414994527018,0.13732330419065747,Normal,2822.239990234375
2019-05-24,0.0013535590072402126,0.13766325071917163,Normal,2826.06005859375
2019-05-28,-0.008375676922946718,0.1375603765928321,Normal,2802.389892578125
2019-05-29,-0.0069119122568113145,0.137916709034697,Normal,2783.02001953125
2019-05-30,0.0020984713906617714,0.13834778660786226,Normal,2788.860107421875
2019-05-31,-0.01319537280847849,0.14225680610426064,Normal,2752.06005859375
2019-06-03,-0.0027652403144732274,0.1422335460841067,Normal,2744.449951171875
2019-06-04,0.021432370568193138,0.16005312280736544,Normal,2803.27001953125
2019-06-05,0.008161854781411959,0.16383957163358956,Normal,2826.14990234375
2019-06-06,0.006135586748687638,0.15667974136327192,Normal,2843.489990234375
2019-06-07,0.01049769746289475,0.1612705109089623,Normal,2873.340087890625
2019-06-10,0.0046600444669098184,0.16168278241054093,Normal,2886.72998046875
2019-06-11,-0.00034988023558091275,0.16121655677329144,Normal,2885.719970703125
2019-06-12,-0.0020375791387226005,0.13544864065019302,Normal,2879.840087890625
2019-06-13,0.004097381912668174,0.13362197157463407,Normal,2891.639892578125
2019-06-14,-0.001611511904139773,0.13270189359239168,Normal,2886.97998046875
2019-06-17,0.0009317492412306283,0.1292763150076085,Calm,2889.669921875
2019-06-18,0.009717399870633026,0.1312587810435908,Normal,2917.75
2019-06-19,0.002985163546397107,0.1283229862563633,Calm,2926.4599609375
2019-06-20,0.009472185190685156,0.12904041912637093,Calm,2954.179931640625
2019-06-21,-0.0012592227925193322,0.1284918444416635,Calm,2950.4599609375
2019-06-24,-0.0017318870104667816,0.11955119628364837,Calm,2945.35009765625
2019-06-25,-0.009496397343734198,0.12609079957534372,Calm,2917.3798828125
2019-06-26,-0.0012339337557076835,0.12134831151527342,Calm,2913.780029296875
2019-06-27,0.003823175554131808,0.11716819576793878,Calm,2924.919921875
2019-06-28,0.0057574526279098315,0.11773503857275129,Calm,2941.760009765625
2019-07-01,0.007672301032188189,0.10390412160851763,Calm,2964.330078125
2019-07-02,0.002928125887423194,0.10137487361342974,Calm,2973.010009765625
2019-07-03,0.007672378673070135,0.08029492916080402,Calm,2995.820068359375
2019-07-05,-0.00180590159841032,0.07992693384352775,Calm,2990.409912109375
2019-07-08,-0.004835444424841517,0.08297275003445763,Calm,2975.949951171875
2019-07-09,0.0012365569653400854,0.07728729594242097,Calm,2979.6298828125
2019-07-10,0.0045106896075925995,0.07721795677877556,Calm,2993.070068359375
2019-07-11,0.002285226738359958,0.0768600533822844,Calm,2999.909912109375
2019-07-12,0.004620174547884881,0.07606125863336277,Calm,3013.77001953125
2019-07-15,0.00017586919155743175,0.0760274017629294,Calm,3014.300048828125
2019-07-16,-0.003403778522185874,0.07733968649312818,Calm,3004.0400390625
2019-07-17,-0.006531243569450895,0.08266178200665641,Calm,2984.419921875
2019-07-18,0.003581997784064761,0.07760138177615766,Calm,2995.110107421875
2019-07-19,-0.00617673452276668,0.08142820199567431,Calm,2976.610107421875
2019-07-22,0.002828694915066654,0.075577783482165,Calm,2985.030029296875
2019-07-23,0.006847482673755456,0.0783587055164499,Calm,3005.469970703125
2019-07-24,0.004688147952890187,0.0788050702464294,Calm,3019.56005859375
2019-07-25,-0.005262401280453521,0.07269367039921092,Calm,3003.669921875
2019-07-26,0.007387691099234761,0.07486198086088351,Calm,3025.860107421875
2019-07-29,-0.0016161146071345112,0.0753879184538892,Calm,3020.969970703125
2019-07-30,-0.0025786549148275606,0.07505650584780386,Calm,3013.179931640625
2019-07-31,-0.010885526112695776,0.08196136129895241,Calm,2980.3798828125
2019-08-01,-0.00899879386967306,0.0873253695524646,Calm,2953.56005859375
2019-08-02,-0.007282739927037873,0.08547378707574023,Calm,2932.050048828125
2019-08-05,-0.0297778200029859,0.1313612220933006,Normal,2844.739990234375
2019-08-06,0.013017017169932643,0.1412750528829078,Normal,2881.77001953125
2019-08-07,0.0007668762331907164,0.14117007975474694,Normal,2883.97998046875
2019-08-08,0.018762303409984193,0.15662111735640544,Normal,2938.090087890625
2019-08-09,-0.00661660635492356,0.15741966944088065,Normal,2918.64990234375
2019-08-12,-0.012317322177972212,0.16035526676403847,Normal,2882.699951171875
2019-08-13,0.015131688322181258,0.17100573656736065,Normal,2926.320068359375
2019-08-14,-0.029292752911742603,0.1965274860030013,Elevated,2840.60009765625
2019-08-15,0.0024642680276520945,0.19672303259053767,Elevated,2847.60009765625
2019-08-16,0.014426124657807904,0.20415636237089946,Elevated,2888.679931640625
2019-08-19,0.012105865492430645,0.20881015700432481,Elevated,2923.64990234375
2019-08-20,-0.007914727601131322,0.20979043189018484,Elevated,2900.510009765625
2019-08-21,0.00824679859557964,0.21052845563282407,Elevated,2924.429931640625
2019-08-22,-0.0005060748601761755,0.20945907353307014,Elevated,2922.949951171875
2019-08-23,-0.025946336754618105,0.2258028852386083,Elevated,2847.110107421875
2019-08-26,0.010982987735216332,0.22810799556688063,Elevated,2878.3798828125
2019-08-27,-0.003203180635808267,0.22811625897514695,Elevated,2869.159912109375
2019-08-28,0.006545480165679685,0.2301829289029412,Elevated,2887.93994140625
2019-08-29,0.012687291793508804,0.23307873899108678,Elevated,2924.580078125
2019-08-30,0.0006427872591217021,0.2311887686182535,Elevated,2926.4599609375
2019-09-03,-0.00689910050906084,0.23104731973524756,Elevated,2906.27001953125
2019-09-04,0.010842079212828093,0.2074311344523649,Elevated,2937.780029296875
2019-09-05,0.013009813642266721,0.20742614699635917,Elevated,2976.0
2019-09-06,0.0009106051537297599,0.20741933832993018,Elevated,2978.7099609375
2019-09-09,-9.401025965849463e-05,0.1978504346274713,Elevated,2978.429931640625
2019-09-10,0.0003223043548219451,0.19605861324738066,Elevated,2979.389892578125
2019-09-11,0.007229681189480308,0.19088543605113958,Elevated,3000.929931640625
2019-09-12,0.002879153101061016,0.18487730919991105,Elevated,3009.570068359375
2019-09-13,-0.0007244143620946941,0.1479043205027529,Normal,3007.389892578125
2019-09-16,-0.0031355866640028207,0.14931188698841946,Normal,2997.9599609375
2019-09-17,0.0025817523700197853,0.1428863440150141,Normal,3005.699951171875
2019-09-18,0.00034269198975556137,0.13806154655739603,Normal,3006.72998046875
2019-09-19,1.997472142156731e-05,0.1340137903234344,Normal,3006.7900390625
2019-09-20,-0.0048955765157830955,0.13371783039345253,Normal,2992.070068359375
2019-09-23,-9.693591923765066e-05,0.13366250810038632,Normal,2991.780029296875
2019-09-24,-0.008416371322106486,0.0979103735644487,Calm,2966.60009765625
2019-09-25,0.006158571742003405,0.09365318541888416,Calm,2984.8701171875
2019-09-26,-0.002428916406865711,0.09317461630598513,Calm,2977.6201171875
2019-09-27,-0.005316352490240539,0.09458804842113851,Calm,2961.7900390625
2019-09-30,0.005047606675254723,0.0862530433814986,Calm,2976.739990234375
2019-10-01,-0.012258373372913245,0.09749996121673236,Calm,2940.25
2019-10-02,-0.017903202985502964,0.11375206403878485,Calm,2887.610107421875
2019-10-03,0.00797191259701524,0.11060646302174895,Calm,2910.6298828125
2019-10-04,0.014216897585460186,0.11251557241814528,Calm,2952.010009765625
2019-10-07,-0.004478294673592398,0.11329388124660036,Calm,2938.7900390625
2019-10-08,-0.015560819201407838,0.12450681525505344,Calm,2893.06005859375
2019-10-09,0.0091044925499415,0.12960926800689465,Calm,2919.39990234375
2019-10-10,0.006415695380997066,0.12899228347326727,Calm,2938.1298828125
2019-10-11,0.010938977513132997,0.13491240385370679,Normal,2970.27001953125
2019-10-14,-0.0013871187334510982,0.13494017447336434,Normal,2966.14990234375
2019-10-15,0.009955676641137279,0.1394147037837267,Normal,2995.679931640625
2019-10-16,-0.0019995427986508885,0.1392491528717453,Normal,2989.68994140625
2019-10-17,0.0027628315736780706,0.13962371065905196,Normal,2997.949951171875
2019-10-18,-0.003919344949506964,0.14024570743242462,Normal,2986.199951171875
2019-10-21,0.006871616056117524,0.14129659628267924,Normal,3006.719970703125
2019-10-22,-0.003568666378412577,0.1419207628671416,Normal,2995.989990234375
2019-10-23,0.0028471487971184484,0.13872693591495927,Normal,3004.52001953125
2019-10-24,0.0019204463587332299,0.13737347703087383,Normal,3010.2900390625
2019-10-25,0.004072700506109195,0.13750904059991423,Normal,3022.550048828125
2019-10-28,0.005581337868471481,0.1366312737746016,Normal,3039.419921875
2019-10-29,-0.0008324053147991117,0.13609915277630444,Normal,3036.889892578125
2019-10-30,0.00325337015914573,0.1274061313221508,Calm,3046.77001953125
2019-10-31,-0.0030228605633046968,0.10737062808173126,Calm,3037.56005859375
2019-11-01,0.009662312168146059,0.10862128985328762,Calm,3066.909912109375
2019-11-04,0.003704089049704651,0.1001247248318042,Calm,3078.27001953125
2019-11-05,-0.001185699214361291,0.09806251947175403,Calm,3074.6201171875
2019-11-06,0.0007024972279667807,0.07431432875115669,Calm,3076.780029296875
2019-11-07,0.0027300951851503275,0.0708592607574878,Calm,3085.179931640625
2019-11-08,0.0025606760900243053,0.06951881432041641,Calm,3093.080078125
2019-11-11,-0.0019624672514313435,0.06382315018443345,Calm,3087.010009765625
2019-11-12,0.0015646460846321375,0.06274969355303908,Calm,3091.840087890625
2019-11-13,0.0007115345908383919,0.05573450617188196,Calm,3094.0400390625
2019-11-14,0.0008370427393644686,0.05430918181488633,Calm,3096.6298828125
2019-11-15,0.007695488006902673,0.058103313587984484,Calm,3120.4599609375
2019-11-18,0.0005031528617669423,0.0544098480027016,Calm,3122.030029296875
2019-11-19,-0.0005925944462060739,0.0523102659909869,Calm,3120.179931640625
2019-11-20,-0.003756184245747196,0.05255488703380358,Calm,3108.4599609375
2019-11-21,-0.0015827522106851566,0.05363137767884098,Calm,3103.5400390625
2019-11-22,0.0021749356911917594,0.05366072274260273,Calm,3110.2900390625
2019-11-25,0.007507291353015866,0.056905762376648454,Calm,3133.639892578125
2019-11-26,0.0021955703874654287,0.05519886547190446,Calm,3140.52001953125
2019-11-27,0.004174424362754614,0.05518362742601546,Calm,3153.6298828125
2019-11-29,-0.004011219709926239,0.05842181864558132,Calm,3140.97998046875
2019-12-02,-0.008631020716408422,0.0665111486929672,Calm,3113.8701171875
2019-12-03,-0.00663809511563529,0.06428241980201851,Calm,3093.199951171875
2019-12-04,0.00632356747139462,0.06657122353231548,Calm,3112.760009765625
2019-12-05,0.0015002511791302187,0.06634422177681662,Calm,3117.429931640625
2019-12-06,0.009135724328457329,0.07254331805791292,Calm,3145.909912109375
2019-12-09,-0.00316282139344648,0.0737055784133458,Calm,3135.9599609375
2019-12-10,-0.0010969340964486207,0.07368619410256132,Calm,3132.52001953125
2019-12-11,0.002908158040315856,0.07347191431551346,Calm,3141.6298828125
2019-12-12,0.008575225775086182,0.07819789496730985,Calm,3168.570068359375
2019-12-13,7.258178414493166e-05,0.07827736490789866,Calm,3168.800048828125
2019-12-16,0.007147785279833618,0.08096678074819881,Calm,3191.449951171875
2019-12-17,0.00033529222633799094,0.07776393422911035,Calm,3192.52001953125
2019-12-18,-0.00043230017186479675,0.07792162880748503,Calm,3191.139892578125
2019-12-19,0.004459292004863613,0.07853876058143522,Calm,3205.3701171875
2019-12-20,0.004944781081796634,0.07726082182080278,Calm,3221.219970703125
2019-12-23,0.0008661436002121992,0.07640698224601324,Calm,3224.010009765625
2019-12-24,-0.00019544819997963092,0.0767112498470179,Calm,3223.3798828125
2019-12-26,0.005128166675301138,0.07486763682558126,Calm,3239.909912109375
2019-12-27,3.398471712534601e-05,0.07502525121121037,Calm,3240.02001953125
2019-12-30,-0.005780822450430323,0.07839889435587438,Calm,3221.2900390625
2019-12-31,0.0029460216619106028,0.07645010881112159,Calm,3230.780029296875
2020-01-02,0.008378802677341701,0.07096802537420077,Calm,3257.85009765625
2020-01-03,-0.007059870562045378,0.07163904844885143,Calm,3234.85009765625
2020-01-06,0.0035333728907271933,0.07022613445403289,Calm,3246.280029296875
2020-01-07,-0.0028032386528962228,0.0721759856218826,Calm,3237.179931640625
2020-01-08,0.004902451368978156,0.06813616057137485,Calm,3253.050048828125
2020-01-09,0.006655262605488987,0.06796831073758108,Calm,3274.699951171875
2020-01-10,-0.002855178689662563,0.0692619007110123,Calm,3265.35009765625
2020-01-13,0.006976215252569862,0.07134472061992883,Calm,3288.1298828125
2020-01-14,-0.001514532772802224,0.06845606629549836,Calm,3283.14990234375
2020-01-15,0.0018701968845122874,0.06819974013331467,Calm,3289.2900390625
2020-01-16,0.00836655302646827,0.06952453590451975,Calm,3316.81005859375
2020-01-17,0.003862162248501333,0.06963264619328415,Calm,3329.6201171875
2020-01-21,-0.0026519776473655776,0.0710255802113997,Calm,3320.7900390625
2020-01-22,0.0002890760711180551,0.07060580194353322,Calm,3321.75
2020-01-23,0.0011409766124783616,0.06963226292283163,Calm,3325.5400390625
2020-01-24,-0.009042160974207403,0.07868931472520298,Calm,3295.469970703125
2020-01-27,-0.015730711659182384,0.09786799139920258,Calm,3243.6298828125
2020-01-28,0.010053584595046017,0.10230590214570491,Calm,3276.239990234375
2020-01-29,-0.0008668741908683941,0.1024108020277978,Calm,3273.39990234375
2020-01-30,0.003134358792605374,0.10014420031902768,Calm,3283.659912109375
2020-01-31,-0.01770582037552626,0.1187392237148159,Calm,3225.52001953125
2020-02-03,0.007254613892351713,0.11779372307300649,Calm,3248.919921875
2020-02-04,0.014980414164082134,0.1258628396047589,Calm,3297.590087890625
2020-02-05,0.01125059589785371,0.1306118577260359,Normal,3334.68994140625
2020-02-06,0.003325672876785646,0.1299019807806881,Calm,3345.780029296875
2020-02-07,-0.005400853672730133,0.13149956459046724,Normal,3327.7099609375
2020-02-10,0.007326397804890528,0.1318759254317708,Normal,3352.090087890625
2020-02-11,0.0016884725532351208,0.1310758553324011,Normal,3357.75
2020-02-12,0.006462646466197652,0.13081050711821718,Normal,3379.449951171875
2020-02-13,-0.0016304457368023773,0.13084296521029826,Normal,3373.93994140625
2020-02-14,0.0018435333204338544,0.1308416164918859,Normal,3380.159912109375
2020-02-18,-0.002919942636890105,0.12902359457933207,Calm,3370.2900390625
2020-02-19,0.004705785881164548,0.12930918685890852,Calm,3386.14990234375
2020-02-20,-0.00381551976362815,0.12976638907894658,Calm,3373.22998046875
2020-02-21,-0.01051810302712286,0.13555104714294328,Normal,3337.75
2020-02-24,-0.03351362667122315,0.17893914521231982,Normal,3225.889892578125
2020-02-25,-0.030279995565056117,0.20378662074354353,Elevated,3128.2099609375
2020-02-26,-0.0037785406053220116,0.198059248636925,Elevated,3116.389892578125
2020-02-27,-0.04416324258407911,0.2413848346571386,Crisis,2978.760009765625
2020-02-28,-0.008238340444361891,0.24137198164063756,Crisis,2954.219970703125
2020-03-02,0.046039229006110016,0.2981399250008849,Crisis,3090.22998046875
2020-03-03,-0.028107896121075893,0.3067809182292957,Crisis,3003.3701171875
2020-03-04,0.04220259077449118,0.3434970953615177,Crisis,3130.1201171875
2020-03-05,-0.033922077046888544,0.3554111422616979,Crisis,3023.93994140625
2020-03-06,-0.01705385200037013,0.3537510196505983,Crisis,2972.3701171875
2020-03-09,-0.07596969747745097,0.4283740529013282,Crisis,2746.56005859375
2020-03-10,0.04939630628156144,0.4738248120638298,Crisis,2882.22998046875
2020-03-11,-0.048868445131273974,0.492926516447853,Crisis,2741.3798828125
2020-03-12,-0.09511268097833658,0.5737432877214572,Crisis,2480.639892578125
2020-03-13,0.09287124972971839,0.6801730378531144,Crisis,2711.02001953125
2020-03-16,-0.11984055240393443,0.7789012454317458,Crisis,2386.1298828125
2020-03-17,0.05995484974402432,0.8198524248308998,Crisis,2529.18994140625
2020-03-18,-0.051830762729157875,0.8301501637121995,Crisis,2398.10009765625
2020-03-19,0.0047078080405855705,0.8301507610205339,Crisis,2409.389892578125
2020-03-20,-0.04335951230846191,0.8348738695538477,Crisis,2304.919921875
2020-03-23,-0.02929386782180443,0.835673017225399,Crisis,2237.39990234375
2020-03-24,0.09382773976227554,0.9174162216737921,Crisis,2447.330078125
2020-03-25,0.011535011448221999,0.9180474533681087,Crisis,2475.56005859375
2020-03-26,0.062414163303876835,0.9512587382271088,Crisis,2630.070068359375
2020-03-27,-0.033687352562252526,0.9466894660204908,Crisis,2541.469970703125
2020-03-30,0.03351600948370015,0.9563489266555001,Crisis,2626.64990234375
2020-03-31,-0.016012721914555605,0.9395830648067187,Crisis,2584.590087890625
2020-04-01,-0.04414243033166543,0.9457878717428376,Crisis,2470.5
2020-04-02,0.02282934723487151,0.93526804735337,Crisis,2526.89990234375
2020-04-03,-0.015137125124949469,0.9310833229842964,Crisis,2488.64990234375
2020-04-06,0.07033131865275055,0.9683469240781227,Crisis,2663.679931640625
2020-04-07,-0.0016030527844311804,0.9317210562365956,Crisis,2659.409912109375
2020-04-08,0.03405645287963033,0.9229728837056684,Crisis,2749.97998046875
2020-04-09,0.014487410153376512,0.9071941777825094,Crisis,2789.820068359375
2020-04-13,-0.010104660822607414,0.8371465902274311,Crisis,2761.6298828125
2020-04-14,0.030572589146256046,0.7821240854271999,Crisis,2846.06005859375
2020-04-15,-0.022030438529415775,0.6500315873359024,Crisis,2783.360107421875
2020-04-16,0.005816689462164515,0.6221159043497106,Crisis,2799.550048828125
2020-04-17,0.026793594848223412,0.5894801972737838,Crisis,2874.56005859375
2020-04-20,-0.01788104803401469,0.5968499953435821,Crisis,2823.159912109375
2020-04-21,-0.030674795694063395,0.5845240881363842,Crisis,2736.56005859375
2020-04-22,0.022930247703843776,0.5693965416082393,Crisis,2799.31005859375
2020-04-23,-0.0005394221197431159,0.48464405977449787,Crisis,2797.800048828125
2020-04-24,0.013918057304545428,0.48500561511437035,Crisis,2836.739990234375
2020-04-27,0.014714069804799612,0.44255869474744064,Crisis,2878.47998046875
2020-04-28,-0.005242380698498916,0.421983069641048,Crisis,2863.389892578125
2020-04-29,0.026583916282167053,0.4169467506229947,Crisis,2939.510009765625
2020-04-30,-0.009212446303987654,0.41313309668718756,Crisis,2912.429931640625
2020-05-01,-0.028059034078492195,0.3917285602427859,Crisis,2830.7099609375
2020-05-04,0.004249827591976452,0.3874055433269931,Crisis,2842.739990234375
2020-05-05,0.009040556385797371,0.3798398420334578,Crisis,2868.43994140625
2020-05-06,-0.006979410390386298,0.3045063962369194,Crisis,2848.419921875
2020-05-07,0.011504630788313985,0.30519201363815734,Crisis,2881.18994140625
2020-05-08,0.016871538638701944,0.28925530490672674,Crisis,2929.800048828125
2020-05-11,0.00013307822091168653,0.2864447944468549,Crisis,2930.18994140625
2020-05-12,-0.020500317528877154,0.29436087241094644,Crisis,2870.1201171875
2020-05-13,-0.01746272460422804,0.28240172912244726,Crisis,2820.0
2020-05-14,0.01152482269503552,0.27363491198406953,Crisis,2852.5
2020-05-15,0.0039263632504382695,0.2733208874610599,Crisis,2863.699951171875
2020-05-18,0.03150119163168075,0.2792919072475107,Crisis,2953.909912109375
2020-05-19,-0.010484399194493177,0.27396749767296646,Crisis,2922.93994140625
2020-05-20,0.01665110025908012,0.251412889879388,Crisis,2971.610107421875
2020-05-21,-0.007773596407737116,0.24477238356810666,Crisis,2948.510009765625
2020-05-22,0.002353711326488428,0.24451153567800632,Crisis,2955.449951171875
2020-05-26,0.012289184036080147,0.24363568538908834,Crisis,2991.77001953125
2020-05-27,0.014827297215913804,0.2437066404153602,Crisis,3036.1298828125
2020-05-28,-0.0021079145460738413,0.2426665777782872,Crisis,3029.72998046875
2020-05-29,0.004812335824971425,0.22699826253439806,Elevated,3044.31005859375
2020-06-01,0.003751234813537785,0.22351307893055342,Elevated,3055.72998046875
2020-06-02,0.008210832780053412,0.19472787228418456,Elevated,3080.820068359375
2020-06-03,0.013648979133831007,0.1975142051963754,Elevated,3122.8701171875
2020-06-04,-0.0033687022311144066,0.1986411028816299,Elevated,3112.35009765625
2020-06-05,0.026211650818398713,0.2086178842386332,Elevated,3193.929931640625
2020-06-08,0.012041579421169235,0.208819235863808,Elevated,3232.389892578125
2020-06-09,-0.007799170822611612,0.20948889044890887,Elevated,3207.179931640625
2020-06-10,-0.0053130910724373814,0.2117239794733862,Elevated,3190.139892578125
2020-06-11,-0.05894405927443824,0.2939952704536875,Crisis,3002.10009765625
2020-06-12,0.013060843963234703,0.2870625508559937,Crisis,3041.31005859375
2020-06-15,0.008312217041285264,0.2861824038687732,Crisis,3066.590087890625
2020-06-16,0.01896239819380252,0.2910898015369211,Crisis,3124.739990234375
2020-06-17,-0.0036002995561740248,0.2747371961443667,Crisis,3113.489990234375
2020-06-18,0.0005942198825281686,0.2707124939567252,Crisis,3115.340087890625
2020-06-19,-0.005649494809462974,0.2677381591763992,Crisis,3097.739990234375
2020-06-22,0.006495095537691675,0.2656490454160096,Crisis,3117.860107421875
2020-06-23,0.004307419569164139,0.2656939458421983,Crisis,3131.2900390625
2020-06-24,-0.025855145939064572,0.2811062305800384,Crisis,3050.330078125
2020-06-25,0.010959447267809841,0.2790338866781133,Crisis,3083.760009765625
2020-06-26,-0.024226905044785974,0.2922379368718145,Crisis,3009.050048828125
2020-06-29,0.014685678433118632,0.2963280337687181,Crisis,3053.239990234375
2020-06-30,0.015409875731554612,0.3007536718086258,Crisis,3100.2900390625
2020-07-01,0.005022132820864389,0.29997404200598515,Crisis,3115.860107421875
2020-07-02,0.004541250844364075,0.29666586600817063,Crisis,3130.010009765625
2020-07-06,0.01588172586745884,0.30114501939826427,Crisis,3179.719970703125
2020-07-07,-0.010818532028197159,0.2894800307289236,Crisis,3145.320068359375
2020-07-08,0.007827461915415501,0.2875285818813822,Crisis,3169.93994140625
2020-07-09,-0.005643606159361103,0.28696089814419773,Crisis,3152.050048828125
2020-07-10,0.01046620127324438,0.28894053144533244,Crisis,3185.0400390625
2020-07-13,-0.009362541127788226,0.19807137737534025,Elevated,3155.219970703125
2020-07-14,0.013406370782667931,0.1983081646009317,Elevated,3197.52001953125
2020-07-15,0.009082050740923053,0.19861198601016378,Elevated,3226.56005859375
2020-07-16,-0.0034061012455366413,0.19018644498477863,Elevated,3215.570068359375
2020-07-17,0.002848612194617406,0.189345690691771,Elevated,3224.72998046875
2020-07-20,0.0084069387471426,0.19067888007014905,Elevated,3251.840087890625
2020-07-21,0.0016790373419135474,0.18859827848017507,Elevated,3257.300048828125
2020-07-22,0.005747082068739751,0.1884144509825419,Elevated,3276.02001953125
2020-07-23,-0.012319859824193036,0.19501159471481574,Elevated,3235.659912109375
2020-07-24,-0.006190400054688405,0.17043254797285579,Normal,3215.6298828125
2020-07-27,0.007395138795039502,0.16866022307797704,Normal,3239.409912109375
2020-07-28,-0.006473392152297919,0.14253165349564295,Normal,3218.43994140625
2020-07-29,0.01242838167815008,0.14044833726969716,Normal,3258.43994140625
2020-07-30,-0.003750251937389204,0.1349312913266577,Normal,3246.219970703125
2020-07-31,0.007670504990141325,0.13593072487186567,Normal,3271.1201171875
2020-08-03,0.00718102343932614,0.13677112427368796,Normal,3294.610107421875
2020-08-04,0.0036119303819721615,0.1279404595372164,Calm,3306.510009765625
2020-08-05,0.006429743053199433,0.12005399874515522,Calm,3327.77001953125
2020-08-06,0.00642769555966427,0.11939920297172274,Calm,3349.159912109375
2020-08-07,0.0006330295486443038,0.11583276756325646,Calm,3351.280029296875
2020-08-10,0.002742218294476073,0.11256021964486437,Calm,3360.469970703125
2020-08-11,-0.007969132154236114,0.1107869161194062,Calm,3333.68994140625
2020-08-12,0.013996549490237653,0.11152552986308176,Calm,3380.35009765625
2020-08-13,-0.002047174350497949,0.11012404220222449,Calm,3373.429931640625
2020-08-14,-0.00017188262276812694,0.10862970329779378,Calm,3372.85009765625
2020-08-17,0.0027098425110787527,0.10862191766435048,Calm,3381.989990234375
2020-08-18,0.002303389154016955,0.10632620670885483,Calm,3389.780029296875
2020-08-19,-0.0044043954214108005,0.10862232192995924,Calm,3374.85009765625
2020-08-20,0.0031586327691348615,0.10777754644263181,Calm,3385.510009765625
2020-08-21,0.0034411070444764214,0.09525106914940115,Calm,3397.159912109375
2020-08-24,0.010043718303008653,0.09351941156046342,Calm,3431.280029296875
2020-08-25,0.0035963511532906,0.09224450439801694,Calm,3443.6201171875
2020-08-26,0.010195626139483993,0.08884133514354296,Calm,3478.72998046875
2020-08-27,0.0016730440109038458,0.08319866658369485,Calm,3484.550048828125
2020-08-28,0.00673256535528588,0.08000780132888798,Calm,3508.010009765625
2020-08-31,-0.0021949627140287475,0.0811485236168177,Calm,3500.31005859375
2020-09-01,0.007525003016613407,0.08136734278429146,Calm,3526.64990234375
2020-09-02,0.015365910154807594,0.09155949486174202,Calm,3580.840087890625
2020-09-03,-0.03512584371534122,0.16239139740508682,Normal,3455.06005859375
2020-09-04,-0.008133027264274895,0.16502007593088783,Normal,3426.9599609375
2020-09-08,-0.027756342102360998,0.19305502707187994,Elevated,3331.840087890625
2020-09-09,0.02014498633677464,0.2054198374440192,Elevated,3398.9599609375
2020-09-10,-0.01758479659017942,0.21304659838546303,Elevated,3339.18994140625
2020-09-11,0.0005330721905940639,0.2070539207466596,Elevated,3340.969970703125
2020-09-14,0.012741829089357504,0.21192059164951557,Elevated,3383.5400390625
2020-09-15,0.005219359577689042,0.21261410490284705,Elevated,3401.199951171875
2020-09-16,-0.004618946596211537,0.21316283890133111,Elevated,3385.489990234375
2020-09-17,-0.008412365876402483,0.2150140763648782,Elevated,3357.010009765625
2020-09-18,-0.011182581807410497,0.21787787236911788,Elevated,3319.469970703125
2020-09-21,-0.011571097930805796,0.22055195731948174,Elevated,3281.06005859375
2020-09-22,0.010517945160813724,0.2238464067967774,Elevated,3315.570068359375
2020-09-23,-0.023721455093028143,0.23310740209368275,Elevated,3236.919921875
2020-09-24,0.0029874591429570607,0.23291064584537408,Elevated,3246.590087890625
2020-09-25,0.0159767237756141,0.23775377725820973,Elevated,3298.4599609375
2020-09-28,0.016110590199083896,0.24600493592848485,Crisis,3351.60009765625
2020-09-29,-0.0048126645432444715,0.2442421600101461,Crisis,3335.469970703125
2020-09-30,0.008253718228220741,0.24695772343035852,Crisis,3363.0
2020-10-01,0.005292907769290922,0.24601640915148015,Crisis,3380.800048828125
2020-10-02,-0.009577652178616392,0.2390419101123681,Elevated,3348.419921875
2020-10-05,0.01797270867614209,0.21931011723067456,Elevated,3408.60009765625
2020-10-06,-0.013973515692226712,0.2227596181205162,Elevated,3360.969970703125
2020-10-07,0.01739675486921799,0.20844843590205772,Elevated,3419.43994140625
2020-10-08,0.008010123642494982,0.19864733153599184,Elevated,3446.830078125
2020-10-09,0.00879353312061526,0.1887561139629558,Elevated,3477.139892578125
2020-10-12,0.01641581296364758,0.19511557777687896,Elevated,3534.219970703125
2020-10-13,-0.006306918994084421,0.19398341574914837,Elevated,3511.929931640625
2020-10-14,-0.006623141753502759,0.19571880729268493,Elevated,3488.669921875
2020-10-15,-0.0015277553060997207,0.19483537412133728,Elevated,3483.340087890625
2020-10-16,0.00013491955745537076,0.19161848739510465,Elevated,3483.81005859375
2020-10-19,-0.016329861778318078,0.19678491334413356,Elevated,3426.919921875
2020-10-20,0.004727334073110212,0.19106508420244994,Elevated,3443.1201171875
2020-10-21,-0.0021956999281005363,0.1892993333649781,Elevated,3435.56005859375
2020-10-22,0.005218925396392127,0.16522619659255489,Normal,3453.489990234375
2020-10-23,0.003445761353703114,0.16522848555456168,Normal,3465.389892578125
2020-10-26,-0.018589516294535646,0.1745733802024964,Normal,3400.969970703125
2020-10-27,-0.0030256189119989285,0.16682991978365955,Normal,3390.679931640625
2020-10-28,-0.035287878760604796,0.20769579242217331,Elevated,3271.030029296875
2020-10-29,0.011947330894238384,0.2101149415687602,Elevated,3310.110107421875
2020-10-30,-0.012129550130175693,0.21253838094017344,Elevated,3269.9599609375
2020-11-02,0.01231820260127181,0.21556613037177846,Elevated,3310.239990234375
2020-11-03,0.01779929009643455,0.21538007009363133,Elevated,3369.159912109375
2020-11-04,0.02204704770168342,0.22292853740846816,Elevated,3443.43994140625
2020-11-05,0.01946019413896294,0.2249174580721904,Elevated,3510.449951171875
2020-11-06,-0.00028771518741854685,0.22365368567132435,Elevated,3509.43994140625
2020-11-09,0.01169988923568721,0.22515906590858611,Elevated,3550.5
2020-11-10,-0.0013997945931910616,0.21823205770486195,Elevated,3545.530029296875
2020-11-11,0.007651855318760337,0.2183106029431926,Elevated,3572.659912109375
2020-11-12,-0.009978532303877019,0.2200712830963387,Elevated,3537.010009765625
2020-11-13,0.013610335409063534,0.2243063148593629,Elevated,3585.14990234375
2020-11-16,0.011648051240012336,0.2269736950375068,Elevated,3626.909912109375
2020-11-17,-0.004791925698091615,0.21858678403264067,Elevated,3609.530029296875
2020-11-18,-0.011563829610944043,0.22378055508405717,Elevated,3567.7900390625
2020-11-19,0.003946442467421596,0.2234132559865499,Elevated,3581.8701171875
2020-11-20,-0.006792562915180156,0.22515666388504263,Elevated,3557.5400390625
2020-11-23,0.005635930617216234,0.2255213482411963,Elevated,3577.590087890625
2020-11-24,0.016161668273416252,0.2183066835881142,Elevated,3635.409912109375
2020-11-25,-0.001584418237524976,0.2178395944953519,Elevated,3629.64990234375
2020-11-27,0.002396979198154181,0.16677510636180107,Normal,3638.35009765625
2020-11-30,-0.004595548640170977,0.1680988216584712,Normal,3621.6298828125
2020-12-01,0.011271187194776155,0.1584712348824781,Normal,3662.449951171875
2020-12-02,0.0017911667548251575,0.15691879917105547,Normal,3669.010009765625
2020-12-03,-0.000624157213091503,0.15078104646522258,Normal,3666.719970703125
2020-12-04,0.008836275129611826,0.1372885093953707,Normal,3699.1201171875
2020-12-07,-0.0019356376714373402,0.12534067056784712,Calm,3691.9599609375
2020-12-08,0.002787148065356293,0.12495164045362656,Calm,3702.25
2020-12-09,-0.007949201604598555,0.1254191070542983,Calm,3672.820068359375
2020-12-10,-0.0012851080682624305,0.12538466306434443,Calm,3668.10009765625
2020-12-11,-0.0012649972997506032,0.12380082108295669,Calm,3663.4599609375
2020-12-14,-0.004359258971957769,0.11882387329948269,Calm,3647.489990234375
2020-12-15,0.012921249154708825,0.11795923777454612,Calm,3694.6201171875
2020-12-16,0.0017727951669590514,0.11202295602407367,Calm,3701.169921875
2020-12-17,0.005757654753379748,0.11112040713724772,Calm,3722.47998046875
2020-12-18,-0.0035111185091528663,0.10235516916440954,Calm,3709.409912109375
2020-12-21,-0.0039062790518439305,0.10395509936069487,Calm,3694.919921875
2020-12-22,-0.002073092860288006,0.10043689062628144,Calm,3687.260009765625
2020-12-23,0.000745811250824957,0.09946198921144526,Calm,3690.010009765625
2020-12-24,0.0035365890047962534,0.08448984834428004,Calm,3703.06005859375
2020-12-28,0.008722529021144565,0.08814856072098853,Calm,3735.360107421875
2020-12-29,-0.00222738052560012,0.08893018496679714,Calm,3727.0400390625
2020-12-30,0.0013415471654707467,0.08642968851815384,Calm,3732.0400390625
2020-12-31,0.006438845522919845,0.0809551795900498,Calm,3756.070068359375
2021-01-04,-0.014754827521051062,0.09797320962745383,Calm,3700.64990234375
2021-01-05,0.007082595157549276,0.10053512184064757,Calm,3726.860107421875
2021-01-06,0.005709842747752214,0.09793362157477745,Calm,3748.139892578125
2021-01-07,0.014847403800101189,0.10899316187364572,Calm,3803.7900390625
2021-01-08,0.005491862685268911,0.10981263175596584,Calm,3824.679931640625
2021-01-11,-0.006554750898592476,0.10838601789307604,Calm,3799.610107421875
2021-01-12,0.0004157884466327033,0.10796705171836359,Calm,3801.18994140625
2021-01-13,0.0022756417379066196,0.10742871881536101,Calm,3809.840087890625
2021-01-14,-0.0037534511943366766,0.10700440310667428,Calm,3795.5400390625
2021-01-15,-0.007190027975370938,0.10357143178064089,Calm,3768.25
2021-01-19,0.008136379515524483,0.10650476398542062,Calm,3798.909912109375
2021-01-20,0.013935625421946263,0.1143328976089104,Calm,3851.85009765625
2021-01-21,0.0003167233075522802,0.11291464330106377,Calm,3853.070068359375
2021-01-22,-0.0030106116552376383,0.1123821845027364,Calm,3841.469970703125
2021-01-25,0.0036158389430824833,0.1115872915471952,Calm,3855.360107421875
2021-01-26,-0.0014888337468982327,0.11220804916271443,Calm,3849.6201171875
2021-01-27,-0.025677883699462,0.14741890866788154,Normal,3750.77001953125
2021-01-28,0.009760625975629766,0.14817697396091783,Normal,3787.3798828125
2021-01-29,-0.019311475173124593,0.16346048183141917,Normal,3714.239990234375
2021-02-01,0.016051767614439383,0.17278661905209672,Normal,3773.860107421875
2021-02-02,0.013898223484416938,0.17782812418801858,Normal,3826.31005859375
2021-02-03,0.0010087690809532646,0.16843102712325259,Normal,3830.169921875
2021-02-04,0.010853322230420792,0.17044568466506946,Normal,3871.739990234375
2021-02-05,0.003897495164625342,0.17004678410323265,Normal,3886.830078125
2021-02-08,0.007399348360373592,0.1647124596438391,Normal,3915.590087890625
2021-02-09,-0.0011135249921484514,0.16424971138919942,Normal,3911.22998046875
2021-02-10,-0.00034518493235935477,0.16198805183617895,Normal,3909.8798828125
2021-02-11,0.0016624551635393559,0.16194890658922562,Normal,3916.3798828125
2021-02-12,0.0047110331133788375,0.1623204113991029,Normal,3934.830078125
2021-02-16,-0.0005692724183511411,0.16137207305169973,Normal,3932.590087890625
2021-02-17,-0.0003204020092266724,0.1583076832145916,Normal,3931.330078125
2021-02-18,-0.004415835627354592,0.15821577213438281,Normal,3913.969970703125
2021-02-19,-0.0018548966445751658,0.15186756728512862,Normal,3906.7099609375
2021-02-22,-0.0077328394581538396,0.154669332510553,Normal,3876.5
2021-02-23,0.0012563181187927874,0.15421227832188505,Normal,3881.3701171875
2021-02-24,0.01135161376597904,0.1584286974537584,Normal,3925.429931640625
2021-02-25,-0.02447880752512621,0.18118889771510838,Elevated,3829.340087890625
2021-02-26,-0.004750214169902844,0.15698016021219555,Normal,3811.14990234375
2021-03-01,0.023790763506800205,0.17369615162378577,Normal,3901.820068359375
2021-03-02,-0.008080851690870694,0.16062651078568316,Normal,3870.2900390625
2021-03-03,-0.01306622187199813,0.16022488357955395,Normal,3819.719970703125
2021-03-04,-0.013417213930100202,0.15965031537325763,Normal,3768.469970703125
2021-03-05,0.01949596819778221,0.1742837916197883,Normal,3841.93994140625
2021-03-08,-0.005359231030161227,0.1708155188965002,Normal,3821.35009765625
2021-03-09,0.01415464230382213,0.17774935593958105,Normal,3875.43994140625
2021-03-10,0.006030313342701321,0.1770855319027735,Normal,3898.81005859375
2021-03-11,0.010395487004435822,0.1807428107347727,Elevated,3939.340087890625
2021-03-12,0.0010153984958789497,0.18073332250602192,Elevated,3943.340087890625
2021-03-15,0.006491921301497117,0.18190614001057767,Elevated,3968.93994140625
2021-03-16,-0.0015696837343783798,0.18146067267062746,Elevated,3962.7099609375
2021-03-17,0.00287938213053085,0.1816221225870979,Elevated,3974.1201171875
2021-03-18,-0.014760539319459198,0.18923567475430506,Elevated,3915.4599609375
2021-03-19,-0.0006027039747036333,0.18860622412244157,Elevated,3913.10009765625
2021-03-22,0.007025118077311765,0.18997582973005048,Elevated,3940.590087890625
2021-03-23,-0.007630854183940605,0.1899206014404442,Elevated,3910.52001953125
2021-03-24,-0.00546733601831495,0.19100136094621692,Elevated,3889.139892578125
2021-03-25,0.005240265846959469,0.1876346586331738,Elevated,3909.52001953125
2021-03-26,0.016631202604519668,0.17395181790869843,Normal,3974.5400390625
2021-03-29,-0.0008680126852336212,0.17261595524561912,Normal,3971.090087890625
2021-03-30,-0.0031578329337678124,0.1540239681873021,Normal,3958.550048828125
2021-03-31,0.0036224990395776757,0.15088995026677543,Normal,3972.889892578125
2021-04-01,0.011825201774944727,0.14559483281588964,Normal,4019.8701171875
2021-04-05,0.014438226417743616,0.1391162943669216,Normal,4077.909912109375
2021-04-06,-0.0009735307519511682,0.12761503883607567,Calm,4073.93994140625
2021-04-07,0.001475232784985625,0.12424279715177312,Calm,4079.949951171875
2021-04-08,0.0042206328286402695,0.11775460442173476,Calm,4097.169921875
2021-04-09,0.007719934348738189,0.11850356789288255,Calm,4128.7998046875
2021-04-12,-0.00019607884876882142,0.11554728637184195,Calm,4127.990234375
2021-04-13,0.0032944868090414303,0.11550888636269757,Calm,4141.58984375
2021-04-14,-0.004087726727828533,0.11655399986366664,Calm,4124.66015625
2021-04-15,0.01109419052516647,0.12006180857180494,Calm,4170.419921875
2021-04-16,0.0036088195555097347,0.12012026379867413,Calm,4185.47021484375
2021-04-19,-0.005306560094486046,0.10672304565391796,Calm,4163.259765625
2021-04-20,-0.006802319771775922,0.11138104819140943,Calm,4134.93994140625
2021-04-21,0.009306055472153574,0.11278075219207363,Calm,4173.419921875
2021-04-22,-0.009210657476561801,0.1147308519053648,Calm,4134.97998046875
2021-04-23,0.010928696540176919,0.11410660721815084,Calm,4180.169921875
2021-04-26,0.001782270924804541,0.11405817736029976,Calm,4187.6201171875
2021-04-27,-0.00021489588801437698,0.10371248681258909,Calm,4186.72021484375
2021-04-28,-0.0008455399168898481,0.10370332041991555,Calm,4183.18017578125
2021-04-29,0.006762806734045723,0.1025704519214088,Calm,4211.47021484375
2021-04-30,-0.007194706699326425,0.10838775356252509,Calm,4181.169921875
2021-05-03,0.002748090747253684,0.10292725581473612,Calm,4192.66015625
2021-05-04,-0.006678337608227225,0.09664345511493715,Calm,4164.66015625
2021-05-05,0.0007034637617677753,0.096381721040645,Calm,4167.58984375
2021-05-06,0.008165456466051824,0.09944719221429035,Calm,4201.6201171875
2021-05-07,0.007373341616968343,0.101151407521024,Calm,4232.60009765625
2021-05-10,-0.010435647322188157,0.10664412065564342,Calm,4188.43017578125
2021-05-11,-0.00867391280271812,0.11148031505187461,Calm,4152.10009765625
2021-05-12,-0.021449400664502738,0.1338218815894033,Normal,4063.0400390625
2021-05-13,0.012173141406923493,0.14059089466662186,Normal,4112.5
2021-05-14,0.014917956876899785,0.14498349962668072,Normal,4173.85009765625
2021-05-17,-0.0025300521932207776,0.14465951780166544,Normal,4163.2900390625
2021-05-18,-0.008517292959364653,0.1464997413977051,Normal,4127.830078125
2021-05-19,-0.002943411456817757,0.14496550302893682,Normal,4115.68017578125
2021-05-20,0.010554741756143349,0.14605575360746612,Normal,4159.1201171875
2021-05-21,-0.0007838806801412357,0.14231869690226887,Normal,4155.85986328125
2021-05-24,0.009911292190138532,0.14140003521213995,Normal,4197.0498046875
2021-05-25,-0.0021252837802967495,0.1415073280194552,Normal,4188.1298828125
2021-05-26,0.0018768165702687245,0.14164461003289192,Normal,4195.990234375
2021-05-27,0.0011653145418315525,0.14163900995959736,Normal,4200.8798828125
2021-05-28,0.0007688818911402162,0.13966869621971914,Normal,4204.10986328125
2021-06-01,-0.0004923335226864056,0.13725542234238455,Normal,4202.0400390625
2021-06-02,0.0014469348384307246,0.13703358946454156,Normal,4208.1201171875
2021-06-03,-0.0036287033416374515,0.13550043774639034,Normal,4192.85009765625
2021-06-04,0.008834095710505974,0.13865364536642147,Normal,4229.89013671875
2021-06-07,-0.0007967387044511831,0.13606027031744475,Normal,4226.52001953125
2021-06-08,0.00017502486450582388,0.13361918571862005,Normal,4227.259765625
2021-06-09,-0.0018238673194856947,0.12839407167195405,Calm,4219.5498046875
2021-06-10,0.004652243012262192,0.12479715224586717,Calm,4239.18017578125
2021-06-11,0.0019484346695590737,0.09432005279930464,Calm,4247.43994140625
2021-06-14,0.0018152018730952513,0.08696502994470016,Calm,4255.14990234375
2021-06-15,-0.0020116937805257917,0.07305640733470485,Calm,4246.58984375
2021-06-16,-0.005390124612855707,0.0753511526678673,Calm,4223.7001953125
2021-06-17,-0.00043571559205179966,0.06771268903389763,Calm,4221.85986328125
2021-06-18,-0.013124468779900589,0.08283457802441589,Calm,4166.4501953125
2021-06-21,0.014002289962720793,0.08870912373419636,Calm,4224.7900390625
2021-06-22,0.005124491902218642,0.08976734893646408,Calm,4246.43994140625
2021-06-23,-0.0010832833431588806,0.08397334691514681,Calm,4241.83984375
2021-06-24,0.005811249724885448,0.08531436821845623,Calm,4266.490234375
2021-06-25,0.0033305973193167304,0.08567265702012862,Calm,4280.7001953125
2021-06-28,0.0023149642620619026,0.08579881318677403,Calm,4290.60986328125
2021-06-29,0.00027733619326086867,0.08583388986563283,Calm,4291.7998046875
2021-06-30,0.0013281596467464851,0.08566727596950663,Calm,4297.5
2021-07-01,0.0052216268542757405,0.08685835563690351,Calm,4319.93994140625
2021-07-02,0.007500081663913916,0.08751271112312879,Calm,4352.33984375
2021-07-06,-0.0020218560598241897,0.08453805450636784,Calm,4343.5400390625
2021-07-07,0.003358975310182588,0.08447938896937976,Calm,4358.1298828125
2021-07-08,-0.008561024934316985,0.09131660074749405,Calm,4320.81982421875
2021-07-09,0.011277947808795874,0.09719502497416628,Calm,4369.5498046875
2021-07-12,0.0034511743312370946,0.09682098374185792,Calm,4384.6298828125
2021-07-13,-0.0035168126585656267,0.09842889136829588,Calm,4369.2099609375
2021-07-14,0.0011649345752446916,0.09841720733768501,Calm,4374.2998046875
2021-07-15,-0.0032622408541723713,0.09904623098584439,Calm,4360.02978515625
2021-07-16,-0.007538854211077806,0.10112589254863172,Calm,4327.16015625
2021-07-19,-0.015869512427409305,0.11709100283894038,Calm,4258.490234375
2021-07-20,0.015162609437855634,0.11681108466089428,Calm,4323.06005859375
2021-07-21,0.008241819990835397,0.1107674724325986,Calm,4358.68994140625
2021-07-22,0.0020166699583279435,0.11001030841732341,Calm,4367.47998046875
2021-07-23,0.010145452020822843,0.11368078081341139,Calm,4411.7900390625
2021-07-26,0.0023821998626283314,0.11281031388990587,Calm,4422.2998046875
2021-07-27,-0.0047124448070912095,0.11479875143190793,Calm,4401.4599609375
2021-07-28,-0.0001862618826539153,0.11486095066050785,Calm,4400.64013671875
2021-07-29,0.004206152980007483,0.11525538709010419,Calm,4419.14990234375
2021-07-30,-0.0054060480514769305,0.11765769091626876,Calm,4395.259765625
2021-08-02,-0.001842805614891363,0.11708148651890533,Calm,4387.16015625
2021-08-03,0.0082034265474622,0.11761568148228832,Calm,4423.14990234375
2021-08-04,-0.004632387901412294,0.11874565408089356,Calm,4402.66015625
2021-08-05,0.006005446813494242,0.11984934536606846,Calm,4429.10009765625
2021-08-06,0.001675266241764728,0.11492342374640048,Calm,4436.52001953125
2021-08-09,-0.0009399082741974318,0.10918651237574784,Calm,4432.35009765625
2021-08-10,0.0009926793341701323,0.10873784825165388,Calm,4436.75
2021-08-11,0.0012757437876824707,0.10772247566226417,Calm,4442.41015625
2021-08-12,0.004146380281677686,0.10833840366733974,Calm,4460.830078125
2021-08-13,0.001607306655808216,0.10725764335982046,Calm,4468.0
2021-08-16,0.002620850702215849,0.10251210651620642,Calm,4479.7099609375
2021-08-17,-0.00706069881494753,0.08686873558850493,Calm,4448.080078125
2021-08-18,-0.010748470745585936,0.08406700460617654,Calm,4400.27001953125
2021-08-19,0.0012566922329095842,0.07970442421715081,Calm,4405.7998046875
2021-08-20,0.008141567655737925,0.08386506029187885,Calm,4441.669921875
2021-08-23,0.00852379036424833,0.0817535207943866,Calm,4479.52978515625
2021-08-24,0.0014957363013194946,0.08158645434809404,Calm,4486.22998046875
2021-08-25,0.002220118224179668,0.07929795820771278,Calm,4496.18994140625
2021-08-26,-0.005824918819612557,0.08271646125399493,Calm,4470.0
2021-08-27,0.008807632480425154,0.08657913295756858,Calm,4509.3701171875
2021-08-30,0.004306570844779589,0.08405747526460546,Calm,4528.7900390625
2021-08-31,-0.0013491160395050494,0.08383166766755101,Calm,4522.68017578125
2021-09-01,0.0003116886257619189,0.08021613806367055,Calm,4524.08984375
2021-09-02,0.002842638410522902,0.0776384669755396,Calm,4536.9501953125
2021-09-03,-0.0003350311257153127,0.07603416293498946,Calm,4535.43017578125
2021-09-07,-0.003395574405981705,0.07759843619937701,Calm,4520.02978515625
2021-09-08,-0.001318566739775151,0.07772253652472015,Calm,4514.06982421875
2021-09-09,-0.004605608657393345,0.08000771757622958,Calm,4493.27978515625
2021-09-10,-0.007722578759925436,0.08498872928360574,Calm,4458.580078125
2021-09-13,0.0022764876184568905,0.08413356150368584,Calm,4468.72998046875
2021-09-14,-0.00574663850657553,0.08629978220883873,Calm,4443.0498046875
2021-09-15,0.008473996979569742,0.09100872468693864,Calm,4480.7001953125
2021-09-16,-0.0015511404489350067,0.08753800751346265,Calm,4473.75
2021-09-17,-0.009110872450405094,0.08508592149584869,Calm,4432.990234375
2021-09-20,-0.01697731100841482,0.1040208063361876,Calm,4357.72998046875
2021-09-21,-0.0008123585165593639,0.09915709036924757,Calm,4354.18994140625
2021-09-22,0.009519611195260236,0.10040528787260272,Calm,4395.64013671875
2021-09-23,0.012134715784494876,0.10989363617373302,Calm,4448.97998046875
2021-09-24,0.001461009046688222,0.10969913336207912,Calm,4455.47998046875
2021-09-27,-0.0027763826213396126,0.10830259204850175,Calm,4443.10986328125
2021-09-28,-0.020364110556098214,0.12357883742442818,Calm,4352.6298828125
2021-09-29,0.0015691842194003325,0.12227207579524878,Calm,4359.4599609375
2021-09-30,-0.011909714125195148,0.12717267539703866,Calm,4307.5400390625
2021-10-01,0.01149147763018199,0.13566502893705806,Normal,4357.0400390625
2021-10-04,-0.012985898136748442,0.1399198891361118,Normal,4300.4599609375
2021-10-05,0.010524514660609219,0.14692723896042528,Normal,4345.72021484375
2021-10-06,0.004102792854185466,0.14831401048846451,Normal,4363.5498046875
2021-10-07,0.008298280656405366,0.15226112049986704,Normal,4399.759765625
2021-10-08,-0.0019137230947889883,0.151782085553827,Normal,4391.33984375
2021-10-11,-0.006865763848056816,0.15133574030431318,Normal,4361.18994140625
2021-10-12,-0.0024167805585421087,0.1509251623771288,Normal,4350.64990234375
2021-10-13,0.00302251448379387,0.1506762975358799,Normal,4363.7998046875
2021-10-14,0.01706310194558336,0.15999650333511664,Normal,4438.259765625
2021-10-15,0.007460210377712606,0.16221274243274908,Normal,4471.3701171875
2021-10-18,0.00337476955709759,0.15908906928507482,Normal,4486.4599609375
2021-10-19,0.007393339551406308,0.147070855561159,Normal,4519.6298828125
2021-10-20,0.0036640298040166996,0.146894219386757,Normal,4536.18994140625
2021-10-21,0.002995871849622578,0.14439949670650573,Normal,4549.77978515625
2021-10-22,-0.0010725536274130976,0.1395188691319395,Normal,4544.89990234375
2021-10-25,0.004748196569493546,0.14010341843609955,Normal,4566.47998046875
2021-10-26,0.0018197952535197182,0.13935847728414297,Normal,4574.7900390625
2021-10-27,-0.005051568068462853,0.1175806392311622,Calm,4551.68017578125
2021-10-28,0.009829281576461124,0.12050498452444605,Calm,4596.419921875
2021-10-29,0.001949334719149265,0.10851697855147098,Calm,4605.3798828125
2021-11-01,0.0018000771431341267,0.10431074083313434,Calm,4613.669921875
2021-11-02,0.0036803630854131963,0.0872077341280846,Calm,4630.64990234375
2021-11-03,0.006461279195357994,0.08419299594278967,Calm,4660.56982421875
2021-11-04,0.004181942361150437,0.08420236289399156,Calm,4680.06005859375
2021-11-05,0.003732799652949259,0.08228763868572439,Calm,4697.52978515625
2021-11-08,0.0008877879113036169,0.0806779682728834,Calm,4701.7001953125
2021-11-09,-0.003498775895770745,0.07605933183223698,Calm,4685.25
2021-11-10,-0.008225823395229703,0.08393941132831419,Calm,4646.7099609375
2021-11-11,0.0005509400447352153,0.08442312997596091,Calm,4649.27001953125
2021-11-12,0.007222656026415475,0.06935928461224918,Calm,4682.85009765625
2021-11-15,-1.0739820344718431e-05,0.06752206714450132,Calm,4682.7998046875
2021-11-16,0.003865229864862485,0.06764982419785642,Calm,4700.89990234375
2021-11-17,-0.002601625374463401,0.06690220608379088,Calm,4688.669921875
2021-11-18,0.0033847802152713324,0.06680891825542043,Calm,4704.5400390625
2021-11-19,-0.001398665559303236,0.06750313323284787,Calm,4697.9599609375
2021-11-22,-0.0031971365563219223,0.06892384619271713,Calm,4682.93994140625
2021-11-23,0.001657132912945114,0.0678752812325328,Calm,4690.7001953125
2021-11-24,0.0022938506357221833,0.06794194990762238,Calm,4701.4599609375
2021-11-26,-0.022724822637582465,0.1058183731008626,Calm,4594.6201171875
2021-11-29,0.013200199537034996,0.11013197159914667,Calm,4655.27001953125
2021-11-30,-0.01896131033450521,0.1291526568734598,Calm,4567.0
2021-12-01,-0.011815187417889228,0.13476459581176048,Normal,4513.0400390625
2021-12-02,0.01419443613158311,0.14398647468469897,Normal,4577.10009765625
2021-12-03,-0.008448563730297565,0.14414857512419132,Normal,4538.43017578125
2021-12-06,0.011730872577451423,0.14997032773270264,Normal,4591.669921875
2021-12-07,0.020707080374404274,0.16707863201204382,Normal,4686.75
2021-12-08,0.0030852853123166657,0.1674082199483062,Normal,4701.2099609375
2021-12-09,-0.007181080169894716,0.16887081529060102,Normal,4667.4501953125
2021-12-10,0.009549073338481762,0.16935509424272857,Normal,4712.02001953125
2021-12-13,-0.009136167611567658,0.17276658867874667,Normal,4668.97021484375
2021-12-14,-0.0074706775774360246,0.17280092008443332,Normal,4634.08984375
2021-12-15,0.016348464630746795,0.1823440453006918,Elevated,4709.85009765625
2021-12-16,-0.008743415379980468,0.18448874475152016,Elevated,4668.669921875
2021-12-17,-0.010287680637092622,0.18761110322630922,Elevated,4620.64013671875
2021-12-20,-0.01138805785140995,0.1905845075937821,Elevated,4568.02001953125
2021-12-21,0.017777934551572505,0.20175101725900482,Elevated,4649.22998046875
2021-12-22,0.010180197220578835,0.20473042824182017,Elevated,4696.56005859375
2021-12-23,0.006223699921661829,0.20574367462730866,Elevated,4725.7900390625
2021-12-27,0.01383893524747526,0.2108808816574078,Elevated,4791.18994140625
2021-12-28,-0.0010101548486260992,0.19275625881665748,Elevated,4786.35009765625
2021-12-29,0.0014018951394270118,0.18841692859129408,Elevated,4793.06005859375
2021-12-30,-0.0029897555945093135,0.17419536872145716,Normal,4778.72998046875
2021-12-31,-0.0026261799136575448,0.1676539107423323,Normal,4766.18017578125
2022-01-03,0.006374052530970564,0.16299578614650423,Normal,4796.56005859375
2022-01-04,-0.000629621957060511,0.15870351529858692,Normal,4793.5400390625
2022-01-05,-0.019392757790687165,0.17231544196686277,Normal,4700.580078125
2022-01-06,-0.0009637690162076495,0.15703631113661948,Normal,4696.0498046875
2022-01-07,-0.004050216740091761,0.15729575763239978,Normal,4677.02978515625
2022-01-10,-0.0014410312534549607,0.15532982702113263,Normal,4670.2900390625
2022-01-11,0.009159984668711818,0.15503636169772675,Normal,4713.06982421875
2022-01-12,0.002817754443029452,0.15159813729556876,Normal,4726.35009765625
2022-01-13,-0.0142436152864307,0.15784251373295322,Normal,4659.02978515625
2022-01-14,0.0008199802697488323,0.1467271990612957,Normal,4662.85009765625
2022-01-18,-0.018387945694007368,0.15704758392437898,Normal,4577.10986328125
2022-01-19,-0.009689541868338813,0.1566099466714164,Normal,4532.759765625
2022-01-20,-0.01103737849414832,0.15631756132572838,Normal,4482.72998046875
2022-01-21,-0.018914821867908604,0.15286022934976137,Normal,4397.93994140625
2022-01-24,0.002771738943381896,0.1471028569632441,Normal,4410.1298828125
2022-01-25,-0.012171906253646725,0.1464478444204677,Normal,4356.4501953125
2022-01-26,-0.0014966358477518371,0.13206840312560703,Normal,4349.93017578125
2022-01-27,-0.00538408875771057,0.13145599616608514,Normal,4326.509765625
2022-01-28,0.024347646888076113,0.1648178240014295,Normal,4431.85009765625
2022-01-31,0.018885951732779516,0.18243902053808084,Elevated,4515.5498046875
2022-02-01,0.00686300355780145,0.18537988030368469,Elevated,4546.5400390625
2022-02-02,0.00942251544733641,0.18744142894203702,Elevated,4589.3798828125
2022-02-03,-0.024391082077444004,0.20265395571761352,Elevated,4477.43994140625
2022-02-04,0.0051569298644233985,0.19560640383315817,Elevated,4500.52978515625
2022-02-07,-0.0037017126347429485,0.19565420174838452,Elevated,4483.8701171875
2022-02-08,0.008401207191663262,0.19884045196535524,Elevated,4521.5400390625
2022-02-09,0.014517207887505545,0.20647246549359022,Elevated,4587.18017578125
2022-02-10,-0.01811572566845976,0.21149544097051218,Elevated,4504.080078125
2022-02-11,-0.01896945434456343,0.21849798089545702,Elevated,4418.64013671875
2022-02-14,-0.0038405967262932217,0.21475891798828603,Elevated,4401.669921875
2022-02-15,0.01576672117072042,0.2238214930325474,Elevated,4471.06982421875
2022-02-16,0.0008812077558950637,0.21574747972948194,Elevated,4475.009765625
2022-02-17,-0.021173138152195015,0.22505163508737802,Elevated,4380.259765625
2022-02-18,-0.0071661613961429005,0.22338493370835447,Elevated,4348.8701171875
2022-02-22,-0.010142945264832837,0.21665881798076653,Elevated,4304.759765625
2022-02-23,-0.018412122845487655,0.22438753752642673,Elevated,4225.5
2022-02-24,0.014956856067329216,0.22844226121633246,Elevated,4288.7001953125
2022-02-25,0.022372677655603468,0.24189242857521417,Crisis,4384.64990234375
2022-02-28,-0.002442603440647617,0.24120615453706779,Crisis,4373.93994140625
2022-03-01,-0.015473503680411893,0.231101610064232,Elevated,4306.259765625
2022-03-02,0.018642691757321028,0.2308357084290423,Elevated,4386.5400390625
2022-03-03,-0.005254666430088317,0.22926197617308705,Elevated,4363.490234375
2022-03-04,-0.007934042550334475,0.22636963826434797,Elevated,4328.8701171875
2022-03-07,-0.029518158313449172,0.23315985562889976,Elevated,4201.08984375
2022-03-08,-0.00723375351819977,0.23169367907863944,Elevated,4170.7001953125
2022-03-09,0.02569824789143582,0.25281772909772565,Crisis,4277.8798828125
2022-03-10,-0.004291813651667864,0.24997203531934103,Crisis,4259.52001953125
2022-03-11,-0.012961545123475138,0.24415243973616393,Crisis,4204.31005859375
2022-03-14,-0.007421002465963666,0.2391369981055341,Elevated,4173.10986328125
2022-03-15,0.021408574170870942,0.24704404355717313,Crisis,4262.4501953125
2022-03-16,0.02238376135718223,0.2603857500493558,Crisis,4357.85986328125
2022-03-17,0.01234781757145198,0.25797789090098205,Crisis,4411.669921875
2022-03-18,0.011662294827948783,0.26139175180790686,Crisis,4463.1201171875
2022-03-21,-0.00043466036210393355,0.2498403372614476,Crisis,4461.18017578125
2022-03-22,0.0113041136006502,0.2504352288620027,Crisis,4511.60986328125
2022-03-23,-0.012272698789159042,0.25182718492414147,Crisis,4456.240234375
2022-03-24,0.01434391292056647,0.24420229563887183,Crisis,4520.16015625
2022-03-25,0.005066170567449069,0.2406453124474181,Crisis,4543.06005859375
2022-03-28,0.007144955276586762,0.2306593919292414,Elevated,4575.52001953125
2022-03-29,0.012256547427530462,0.2325987033612132,Elevated,4631.60009765625
2022-03-30,-0.0062937001746978805,0.22556340001878653,Elevated,4602.4501953125
2022-03-31,-0.015652540713177343,0.2273895354942258,Elevated,4530.41015625
2022-04-01,0.0034102225843584133,0.22605848076444662,Elevated,4545.85986328125
2022-04-04,0.008090938687879357,0.22394843838819264,Elevated,4582.64013671875
2022-04-05,-0.012551720801807331,0.19946082011686792,Elevated,4525.1201171875
2022-04-06,-0.009716916613271898,0.20133987674170345,Elevated,4481.14990234375
2022-04-07,0.004253385628492534,0.1845554220936891,Elevated,4500.2099609375
2022-04-08,-0.002651026482054286,0.183883163603033,Elevated,4488.27978515625
2022-04-11,-0.01687729010355421,0.18848986166999018,Elevated,4412.52978515625
2022-04-12,-0.003417447717741773,0.18636740498505497,Elevated,4397.4501953125
2022-04-13,0.011174577597236057,0.17643466042551045,Normal,4446.58984375
2022-04-14,-0.01214413784439794,0.16662654518958797,Normal,4392.58984375
2022-04-18,-0.0002048682840329885,0.16088971927380027,Normal,4391.68994140625
2022-04-19,0.016057604355527166,0.16561272880896089,Normal,4462.2099609375
2022-04-20,-0.0006184750715809706,0.1656206210148646,Normal,4459.4501953125
2022-04-21,-0.014752948498371943,0.16786025118943973,Normal,4393.66015625
2022-04-22,-0.027740054250753654,0.18804503405363662,Elevated,4271.77978515625
2022-04-25,0.005697936985382235,0.18085683399367256,Elevated,4296.1201171875
2022-04-26,-0.028146308431003852,0.19933461353690532,Elevated,4175.2001953125
2022-04-27,0.0020980468517017847,0.19654641047841137,Elevated,4183.9599609375
2022-04-28,0.02474690007293945,0.21371789373195582,Elevated,4287.5
2022-04-29,-0.036284507106413955,0.24190404669188628,Crisis,4131.93017578125
2022-05-02,0.005675242812353654,0.24136403070122195,Crisis,4155.3798828125
2022-05-03,0.004837126381486367,0.24196552397547416,Crisis,4175.47998046875
2022-05-04,0.02986242108440229,0.2661371895943088,Crisis,4300.169921875
2022-05-05,-0.035649708609806985,0.2878448433149375,Crisis,4146.8701171875
2022-05-06,-0.0056742248424840325,0.2871713606676018,Crisis,4123.33984375
2022-05-09,-0.03203710063235676,0.3015099310551655,Crisis,3991.239990234375
2022-05-10,0.0024578974498534745,0.30264104751776133,Crisis,4001.050048828125
2022-05-11,-0.01646320750393837,0.30244449795347833,Crisis,3935.179931640625
2022-05-12,-0.0012959645058717717,0.30269680224790185,Crisis,3930.080078125
2022-05-13,0.02386969542307149,0.3143019589068796,Crisis,4023.889892578125
2022-05-16,-0.003946400929555671,0.31308927965671507,Crisis,4008.010009765625
2022-05-17,0.020169632234863677,0.32409989545913376,Crisis,4088.85009765625
2022-05-18,-0.04039526078745259,0.3404292287762205,Crisis,3923.679931640625
2022-05-19,-0.005833781800992588,0.33989155526889203,Crisis,3900.7900390625
2022-05-20,0.00014614176965843662,0.3390484481886693,Crisis,3901.360107421875
2022-05-23,0.018555039930923556,0.33858239867276374,Crisis,3973.75
2022-05-24,-0.008120797617175213,0.3373783887963642,Crisis,3941.47998046875
2022-05-25,0.009450764734207695,0.3283189574147732,Crisis,3978.72998046875
2022-05-26,0.019883256167224195,0.3368455050466293,Crisis,4057.840087890625
2022-05-27,0.02474226295510973,0.33684099777388615,Crisis,4158.240234375
2022-05-31,-0.006274368617659065,0.3126771034434118,Crisis,4132.14990234375
2022-06-01,-0.007482768681131846,0.31308987251657994,Crisis,4101.22998046875
2022-06-02,0.018431018038486124,0.3194524944844685,Crisis,4176.81982421875
2022-06-03,-0.016347313992415624,0.3051938817530105,Crisis,4108.5400390625
2022-06-06,0.003137400778913113,0.27981703595119556,Crisis,4121.43017578125
2022-06-07,0.009523393173235029,0.2809827286110704,Crisis,4160.68017578125
2022-06-08,-0.010793945785935621,0.25866192029176976,Crisis,4115.77001953125
2022-06-09,-0.02379869397635359,0.2731397971658066,Crisis,4017.820068359375
2022-06-10,-0.029110303335524668,0.2861473017403097,Crisis,3900.860107421875
2022-06-13,-0.038768430665237275,0.31576475554155925,Crisis,3749.6298828125
2022-06-14,-0.0037736797459957394,0.30137041595601016,Crisis,3735.47998046875
2022-06-15,0.014592504858983224,0.3076938524910152,Crisis,3789.989990234375
2022-06-16,-0.03251195148816344,0.312907901656853,Crisis,3666.77001953125
2022-06-17,0.002200865698254617,0.28579301216835973,Crisis,3674.840087890625
2022-06-21,0.024477242280086964,0.30084447854646185,Crisis,3764.7900390625
2022-06-22,-0.0013015723144006452,0.30078547308206555,Crisis,3759.889892578125
2022-06-23,0.009532217409177868,0.2947362169924216,Crisis,3795.72998046875
2022-06-24,0.03056329358583576,0.31444343979763,Crisis,3911.739990234375
2022-06-27,-0.0029730715337762392,0.31259229846123515,Crisis,3900.110107421875
2022-06-28,-0.020143036075892073,0.31002042563038,Crisis,3821.550048828125
2022-06-29,-0.0007117454091590814,0.2937752885452145,Crisis,3818.830078125
2022-06-30,-0.008759278267998716,0.29415607131739807,Crisis,3785.3798828125
2022-07-01,0.010553814029047315,0.29807550379265046,Crisis,3825.330078125
2022-07-05,0.0015841285142366157,0.28826409586204205,Crisis,3831.389892578125
2022-07-06,0.0035731642904301975,0.28571275655027917,Crisis,3845.080078125
2022-07-07,0.014964587965241805,0.2917846460382081,Crisis,3902.6201171875
2022-07-08,-0.000830271529819071,0.28862647978886513,Crisis,3899.3798828125
2022-07-11,-0.011527461422777274,0.28888950756631243,Crisis,3854.429931640625
2022-07-12,-0.009243878717321574,0.27992168412052665,Crisis,3818.800048828125
2022-07-13,-0.0044569025122100925,0.26262707603708113,Crisis,3801.780029296875
2022-07-14,-0.00299863390215227,0.22442461491567783,Elevated,3790.3798828125
2022-07-15,0.01920124935943668,0.23272850212726132,Elevated,3863.159912109375
2022-07-18,-0.008363571580831342,0.23028342628556547,Elevated,3830.85009765625
2022-07-19,0.02762829164595959,0.21502048722785644,Elevated,3936.68994140625
2022-07-20,0.005895806193263242,0.21512560937821906,Elevated,3959.89990234375
2022-07-21,0.00986137270919718,0.20290804698887582,Elevated,3998.949951171875
2022-07-22,-0.00933246697634671,0.20689851390938266,Elevated,3961.6298828125
2022-07-25,0.0013151670479691902,0.20536805846334572,Elevated,3966.840087890625
2022-07-26,-0.01154320266205866,0.18258015265129698,Elevated,3921.050048828125
2022-07-27,0.026156273782937722,0.20299310120238334,Elevated,4023.610107421875
2022-07-28,0.012133338697180918,0.1898747837453666,Elevated,4072.429931640625
2022-07-29,0.014207760082581844,0.1931073001277311,Elevated,4130.2900390625
2022-08-01,-0.0028230841271976725,0.18929595712592515,Elevated,4118.6298828125
2022-08-02,-0.006662395550704803,0.1912766863743052,Elevated,4091.18994140625
2022-08-03,0.015638477163140152,0.19585406470091865,Elevated,4155.169921875
2022-08-04,-0.0007773401640558397,0.19653608943497775,Elevated,4151.93994140625
2022-08-05,-0.0016257460597355333,0.19296279513951894,Elevated,4145.18994140625
2022-08-08,-0.0012375507238541195,0.19306833475170448,Elevated,4140.06005859375
2022-08-09,-0.004248692893594086,0.18777653262099442,Elevated,4122.47021484375
2022-08-10,0.021290637641290244,0.19187825829848332,Elevated,4210.240234375
2022-08-11,-0.0007054739583503,0.19004728929921827,Elevated,4207.27001953125
2022-08-12,0.017322368774566943,0.19242088422456546,Elevated,4280.14990234375
2022-08-15,0.0039695418998517695,0.1862630419283355,Elevated,4297.14013671875
2022-08-16,0.0018756797165810912,0.18018255521430918,Elevated,4305.2001953125
2022-08-17,-0.007237794954094601,0.16652259387151014,Normal,4274.0400390625
2022-08-18,0.002269561170191503,0.1664693187365599,Normal,4283.740234375
2022-08-19,-0.012900001139847905,0.17450943141623526,Normal,4228.47998046875
2022-08-22,-0.0214000649197158,0.1893825643642144,Elevated,4137.990234375
2022-08-23,-0.0022378626777133093,0.1899774373847526,Elevated,4128.72998046875
2022-08-24,0.0029161604463010526,0.18350689461091937,Elevated,4140.77001953125
2022-08-25,0.014091605518061545,0.168163060468032,Normal,4199.1201171875
2022-08-26,-0.03368805871951874,0.20463452150352363,Elevated,4057.659912109375
2022-08-29,-0.006666355799502699,0.19895025368863972,Elevated,4030.610107421875
2022-08-30,-0.011028155571448206,0.20186122871788884,Elevated,3986.159912109375
2022-08-31,-0.007817025105971265,0.2022740653587922,Elevated,3955.0
2022-09-01,0.0029962320243361873,0.19329278098953379,Elevated,3966.85009765625
2022-09-02,-0.010736500458081055,0.1954777347338149,Elevated,3924.260009765625
2022-09-06,-0.004095056983834944,0.19550832456729147,Elevated,3908.18994140625
2022-09-07,0.018341016392734,0.20870603307064536,Elevated,3979.8701171875
2022-09-08,0.006610721877456038,0.21047986117020556,Elevated,4006.179931640625
2022-09-09,0.015271449816332883,0.20325677110225024,Elevated,4067.360107421875
2022-09-12,0.0105842727693497,0.20757437698991896,Elevated,4110.41015625
2022-09-13,-0.0432366134006168,0.2430919976615,Crisis,3932.68994140625
2022-09-14,0.0033870120853238816,0.242862340918765,Crisis,3946.010009765625
2022-09-15,-0.011317739184353415,0.24318302954192264,Crisis,3901.35009765625
2022-09-16,-0.007182134089448455,0.24317540153590977,Crisis,3873.330078125
2022-09-19,0.006857100716286535,0.2453095742229341,Crisis,3899.889892578125
2022-09-20,-0.011272103097361819,0.24465822184446168,Crisis,3855.929931640625
2022-09-21,-0.017116493600784488,0.24130575033850615,Crisis,3789.929931640625
2022-09-22,-0.00842758097968943,0.24166798423527008,Crisis,3757.989990234375
2022-09-23,-0.017232619015461026,0.2440930093151599,Crisis,3693.22998046875
2022-09-26,-0.010340526208282075,0.23408178045083314,Elevated,3655.0400390625
2022-09-27,-0.0021203598092424114,0.21238984320722226,Elevated,3647.2900390625
2022-09-28,0.019672139926234733,0.22872153050027394,Elevated,3719.0400390625
2022-09-29,-0.021126437880238824,0.23536353215995748,Elevated,3640.469970703125
2022-09-30,-0.015066695771983274,0.23808948874700675,Elevated,3585.6201171875
2022-10-03,0.025883894952576147,0.25947100926212213,Crisis,3678.429931640625
2022-10-04,0.030583700679551518,0.2832611503579995,Crisis,3790.929931640625
2022-10-05,-0.002017948757084831,0.28311204009458296,Crisis,3783.280029296875
2022-10-06,-0.010245080846639998,0.27521296526005196,Crisis,3744.52001953125
2022-10-07,-0.028003617786773516,0.28627012543624236,Crisis,3639.659912109375
2022-10-10,-0.00749246363390188,0.27727708371459103,Crisis,3612.389892578125
2022-10-11,-0.006519175777754405,0.27104615748115907,Crisis,3588.840087890625
2022-10-12,-0.0032907731480149582,0.2354442279059764,Elevated,3577.030029296875
2022-10-13,0.02596564246086497,0.25686933827342795,Crisis,3669.909912109375
2022-10-14,-0.02366266361565439,0.2651364438336933,Crisis,3583.070068359375
2022-10-17,0.026480052302171098,0.2848177021966954,Crisis,3677.949951171875
2022-10-18,0.011427569666488724,0.28710193898309716,Crisis,3719.97998046875
2022-10-19,-0.0066720972934503076,0.28568728948851174,Crisis,3695.159912109375
2022-10-20,-0.007950909706564868,0.28125498273506117,Crisis,3665.780029296875
2022-10-21,0.02372481982226482,0.29299287337961377,Crisis,3752.75
2022-10-24,0.011881976654619875,0.288623676231488,Crisis,3797.340087890625
2022-10-25,0.016266654579669915,0.2896070888818746,Crisis,3859.110107421875
2022-10-26,-0.007387716072364547,0.2912927812241359,Crisis,3830.60009765625
2022-10-27,-0.006082610618211248,0.28577017826903656,Crisis,3807.300048828125
2022-10-28,0.024626377895927698,0.2845356921175771,Crisis,3901.06005859375
2022-10-31,-0.00745440410765752,0.2794707149260058,Crisis,3871.97998046875
2022-11-01,-0.004101230608784645,0.2687292807725919,Crisis,3856.10009765625
2022-11-02,-0.02500198485734284,0.2641826310211647,Crisis,3759.68994140625
2022-11-03,-0.010585992315429671,0.26655666593223726,Crisis,3719.889892578125
2022-11-04,0.013618724670070526,0.2685671291825614,Crisis,3770.550048828125
2022-11-07,0.009613981920559844,0.24924113150094676,Crisis,3806.800048828125
2022-11-08,0.005597892802462701,0.24690322131296774,Crisis,3828.110107421875
2022-11-09,-0.02077788695478977,0.25841532466688455,Crisis,3748.570068359375
2022-11-10,0.05543448436034493,0.31628181747149825,Crisis,3956.3701171875
2022-11-11,0.009240746788147902,0.30749590298119167,Crisis,3992.929931640625
2022-11-14,-0.008935777048800997,0.29464444501451553,Crisis,3957.25
2022-11-15,0.008713116550319144,0.28450428096046204,Crisis,3991.72998046875
2022-11-16,-0.008252046497990273,0.2862426313483575,Crisis,3958.7900390625
2022-11-17,-0.0030893228355314273,0.28496457232357697,Crisis,3946.56005859375
2022-11-18,0.00475858190881473,0.2820333606359019,Crisis,3965.340087890625
2022-11-21,-0.003883688698329779,0.2736671862290617,Crisis,3949.93994140625
2022-11-22,0.013579987927526016,0.2744564040534897,Crisis,4003.580078125
2022-11-23,0.0059146891478476515,0.27030202567470807,Crisis,4027.260009765625
2022-11-25,-0.0002830441976333642,0.2682497248828756,Crisis,4026.1201171875
2022-11-28,-0.015444192913123267,0.27392702878943115,Crisis,3963.93994140625
2022-11-29,-0.0015918653377758885,0.2614882128720658,Crisis,3957.6298828125
2022-11-30,0.030947872397389053,0.2794142631429462,Crisis,4080.110107421875
2022-12-01,-0.0008676332180498347,0.2786545454773127,Crisis,4076.570068359375
2022-12-02,-0.001194660488065602,0.26033216695882033,Crisis,4071.699951171875
2022-12-05,-0.017894212283564803,0.2666214288825436,Crisis,3998.840087890625
2022-12-06,-0.014399194981406072,0.2709613266104993,Crisis,3941.260009765625
2022-12-07,-0.0018623708845491027,0.26994438446327285,Crisis,3933.919921875
2022-12-08,0.00752178195750397,0.27037628976818656,Crisis,3963.510009765625
2022-12-09,-0.007349578247904498,0.2600569499691912,Crisis,3934.3798828125
2022-12-12,0.014279296218109305,0.18161705399243572,Elevated,3990.56005859375
2022-12-13,0.0072896644387934195,0.18055273842654507,Elevated,4019.64990234375
2022-12-14,-0.006052724634100337,0.17894774380737463,Normal,3995.320068359375
2022-12-15,-0.024921675023714007,0.19659658176339845,Elevated,3895.75
2022-12-16,-0.011137750774080746,0.19816986883632942,Elevated,3852.360107421875
2022-12-19,-0.009007516001852345,0.19992488235501302,Elevated,3817.659912109375
2022-12-20,0.0010373383615349674,0.19886877868398264,Elevated,3821.6201171875
2022-12-21,0.014867993802734736,0.20670716065969427,Elevated,3878.43994140625
2022-12-22,-0.01445169956861636,0.20495600742836004,Elevated,3822.389892578125
2022-12-23,0.005868102525282026,0.2049330475882042,Elevated,3844.820068359375
2022-12-27,-0.004049622110409712,0.20492161855169747,Elevated,3829.25
2022-12-28,-0.012020638322615351,0.20248452958936677,Elevated,3783.219970703125
2022-12-29,0.01746133164481911,0.21358974841370518,Elevated,3849.280029296875
2022-12-30,-0.0025407424823445934,0.1786584594184844,Normal,3839.5
2023-01-03,-0.004000548879248611,0.17855452909717734,Normal,3824.139892578125
2023-01-04,0.007538970575044379,0.18218048723206196,Elevated,3852.969970703125
2023-01-05,-0.011645528874622113,0.17676009488789718,Normal,3808.10009765625
2023-01-06,0.02284078102943865,0.19104729539970336,Elevated,3895.080078125
2023-01-09,-0.0007676325452631305,0.1909859933201554,Elevated,3892.090087890625
2023-01-10,0.006978233159061986,0.19070956656743315,Elevated,3919.25
2023-01-11,0.012849424614881588,0.194325093296974,Elevated,3969.610107421875
2023-01-12,0.0034159058663651987,0.18816245307941665,Elevated,3983.169921875
2023-01-13,0.003996858363534361,0.18689184334229486,Elevated,3999.090087890625
2023-01-17,-0.0020304911890052235,0.1858151039404881,Elevated,3990.969970703125
2023-01-18,-0.015562598500411085,0.17232950505062364,Normal,3928.860107421875
2023-01-19,-0.007638350296294338,0.1697696816994629,Normal,3898.85009765625
2023-01-20,0.018918401045981525,0.17720276014941283,Normal,3972.610107421875
2023-01-23,0.01188134498366522,0.18044673183779966,Elevated,4019.81005859375
2023-01-24,-0.0007115031258156934,0.17494832533266838,Normal,4016.949951171875
2023-01-25,-0.0001817250594663422,0.1650197235038688,Normal,4016.219970703125
2023-01-26,0.011007853469181317,0.16732147163374414,Normal,4060.429931640625
2023-01-27,0.002494840970949097,0.16554402852269187,Normal,4070.56005859375
2023-01-30,-0.012968740984683369,0.16665435387850264,Normal,4017.77001953125
2023-01-31,0.014642470285510134,0.16381737355309015,Normal,4076.60009765625
2023-02-01,0.010452303944590291,0.16467446837667843,Normal,4119.2099609375
2023-02-02,0.014699373244309921,0.16680536871192428,Normal,4179.759765625
2023-02-03,-0.010354610691310495,0.1737922745542734,Normal,4136.47998046875
2023-02-06,-0.006140463017754394,0.16874281463667384,Normal,4111.080078125
2023-02-07,0.01287251059802652,0.15766996484627172,Normal,4164.0
2023-02-08,-0.011080724476164705,0.16484953818840872,Normal,4117.85986328125
2023-02-09,-0.00882979617773516,0.16877721767106688,Normal,4081.5
2023-02-10,0.0021952617756952897,0.1641083604319039,Normal,4090.4599609375
2023-02-13,0.011448609342766147,0.16762379912562742,Normal,4137.2900390625
2023-02-14,-0.0002804145319874607,0.16759240292581332,Normal,4136.1298828125
2023-02-15,0.002773175690496066,0.1670853845434212,Normal,4147.60009765625
2023-02-16,-0.013788741489130674,0.1648491579183376,Normal,4090.409912109375
2023-02-17,-0.002767405825327751,0.1621120418357446,Normal,4079.090087890625
2023-02-21,-0.020041234255327334,0.16758445068945504,Normal,3997.340087890625
2023-02-22,-0.0015735561458868341,0.16231653127283813,Normal,3991.050048828125
2023-02-23,0.005329429416074394,0.16346471444904107,Normal,4012.320068359375
2023-02-24,-0.010537551485558128,0.16749303466382487,Normal,3970.0400390625
2023-02-27,0.0030730045671669703,0.16281544692670294,Normal,3982.239990234375
2023-02-28,-0.0030360018281855305,0.1624999234283812,Normal,3970.14990234375
2023-03-01,-0.004725264845680033,0.15736634719958703,Normal,3951.389892578125
2023-03-02,0.0075821940867943916,0.15041411462595622,Normal,3981.35009765625
2023-03-03,0.0161477371607488,0.15706423977748404,Normal,4045.639892578125
2023-03-06,0.0006871667698291617,0.14679369718003557,Normal,4048.419921875
2023-03-07,-0.015326919115337678,0.15151660827383978,Normal,3986.3701171875
2023-03-08,0.0014147940136839399,0.15099578384877316,Normal,3992.010009765625
2023-03-09,-0.01845935787384867,0.15279434952276674,Normal,3918.320068359375
2023-03-10,-0.01447813845705137,0.15552979201974482,Normal,3861.590087890625
2023-03-13,-0.001509761003189447,0.15413894347814777,Normal,3855.760009765625
2023-03-14,0.016476655480623936,0.16719419942128882,Normal,3919.2900390625
2023-03-15,-0.00698088356543769,0.16060149661352777,Normal,3891.929931640625
2023-03-16,0.017562006217166637,0.1754197464294578,Normal,3960.280029296875
2023-03-17,-0.011019457310067593,0.17718052315883265,Normal,3916.639892578125
2023-03-20,0.008918403718310097,0.17667839246875167,Normal,3951.570068359375
2023-03-21,0.012982193897784988,0.1836359819827013,Elevated,4002.8701171875
2023-03-22,-0.01646322377571363,0.17928738169280847,Normal,3936.969970703125
2023-03-23,0.0029845287333754023,0.17969074269284377,Normal,3948.719970703125
2023-03-24,0.005639807253104534,0.17981962157365652,Normal,3970.989990234375
2023-03-27,0.0016469543057482383,0.17610701287456496,Normal,3977.530029296875
2023-03-28,-0.0015738434957162095,0.17587019558647507,Normal,3971.27001953125
2023-03-29,0.014237268879836451,0.18226603663442725,Elevated,4027.81005859375
2023-03-30,0.005715269388667954,0.18190245854038412,Elevated,4050.830078125
2023-03-31,0.014436542471763847,0.18640438456001282,Elevated,4109.31005859375
2023-04-03,0.0036988464765423945,0.17898070676841052,Normal,4124.509765625
2023-04-04,-0.005796972083329965,0.18051742297544707,Elevated,4100.60009765625
2023-04-05,-0.002492370531228194,0.17143167577984972,Normal,4090.3798828125
2023-04-06,0.0035791630944272956,0.17161652429720378,Normal,4105.02001953125
2023-04-10,0.0009963029974375814,0.15577138650399322,Normal,4109.10986328125
2023-04-11,-4.1352477946232646e-05,0.14372639970757992,Normal,4108.93994140625
2023-04-12,-0.004134884052006904,0.14504583946726154,Normal,4091.949951171875
2023-04-13,0.01326268999363811,0.1416354846291197,Normal,4146.22021484375
2023-04-14,-0.0020693734728036706,0.13838059395705313,Normal,4137.64013671875
2023-04-17,0.00330615690296554,0.12783051890535643,Calm,4151.31982421875
2023-04-18,0.0008552202959737354,0.11854932446076151,Calm,4154.8701171875
2023-04-19,-8.42619976980652e-05,0.11682482280333524,Calm,4154.52001953125
2023-04-20,-0.00595254815297297,0.11361095327702248,Calm,4129.7900390625
2023-04-21,0.0009031888869577287,0.09305932314941051,Calm,4133.52001953125
2023-04-24,0.0008515791660903549,0.09316612637767369,Calm,4137.0400390625
2023-04-25,-0.015810858882773227,0.11118567267163447,Calm,4071.6298828125
2023-04-26,-0.003841187197329843,0.11253473718825564,Calm,4055.989990234375
2023-04-27,0.01956614972249704,0.12915083413678113,Calm,4135.35009765625
2023-04-28,0.008253202753460531,0.12352501624657296,Calm,4169.47998046875
2023-05-01,-0.0003861064902076494,0.12281745609292495,Calm,4167.8701171875
2023-05-02,-0.011586262936400304,0.12104517420624505,Calm,4119.580078125
2023-05-03,-0.006998305064656485,0.12274966726908758,Calm,4090.75
2023-05-04,-0.007218732334382416,0.12363830977176855,Calm,4061.219970703125
2023-05-05,0.018474751389515376,0.13954387508713081,Normal,4136.25
2023-05-08,0.0004521286642489297,0.13911339520126353,Normal,4138.1201171875
2023-05-09,-0.004579421277258522,0.14015875018059518,Normal,4119.169921875
2023-05-10,0.004483965263404999,0.14095391462365917,Normal,4137.64013671875
2023-05-11,-0.0016966239932159066,0.14022344894913086,Normal,4130.6201171875
2023-05-12,-0.0015833068345566526,0.13238990602573053,Normal,4124.080078125
2023-05-15,0.0029581644391338813,0.13265120294748914,Normal,4136.27978515625
2023-05-16,-0.006377683373153031,0.13386230112261482,Normal,4109.89990234375
2023-05-17,0.011890829058788244,0.1405053305470374,Normal,4158.77001953125
2023-05-18,0.009445048649426635,0.14419276439960016,Normal,4198.0498046875
2023-05-19,-0.0014458676054706077,0.14247254139682455,Normal,4191.97998046875
2023-05-22,0.0001550346964389604,0.1424859919445014,Normal,4192.6298828125
2023-05-23,-0.011222026747550129,0.14835714798672653,Normal,4145.580078125
2023-05-24,-0.007318600335353365,0.13950546603088,Normal,4115.240234375
2023-05-25,0.008757581265902425,0.1413303106736124,Normal,4151.27978515625
2023-05-26,0.01304908677799732,0.13213043555247744,Normal,4205.4501953125
2023-05-30,1.660326849850513e-05,0.1293542940971631,Calm,4205.52001953125
2023-05-31,-0.006108624209833935,0.13131960397979625,Normal,4179.830078125
2023-06-01,0.009854453563032717,0.12810106547510344,Calm,4221.02001953125
2023-06-02,0.014534424705965554,0.13240334961520592,Normal,4282.3701171875
2023-06-05,-0.0020035816359177394,0.12890765602747792,Calm,4273.7900390625
2023-06-06,0.0023538963079141606,0.11502748657043863,Calm,4283.85009765625
2023-06-07,-0.0038120096998572883,0.11654688462603077,Calm,4267.52001953125
2023-06-08,0.0061886426142414575,0.11544188574714873,Calm,4293.93017578125
2023-06-09,0.001148059539441082,0.11511747078026996,Calm,4298.85986328125
2023-06-12,0.009321148810237156,0.11715329482278883,Calm,4338.93017578125
2023-06-13,0.006932489951473775,0.11724516362817412,Calm,4369.009765625
2023-06-14,0.0008194255259321714,0.11743745120294853,Calm,4372.58984375
2023-06-15,0.01217813742034668,0.11700515946454067,Calm,4425.83984375
2023-06-16,-0.0036716195284263176,0.11545072632825079,Calm,4409.58984375
2023-06-20,-0.0047351076976228645,0.1156441780047588,Calm,4388.7099609375
2023-06-21,-0.005245281583003636,0.11785740201585664,Calm,4365.68994140625
2023-06-22,0.003710798414438443,0.11781433363128375,Calm,4381.89013671875
2023-06-23,-0.007658808766684566,0.11328538816876658,Calm,4348.330078125
2023-06-26,-0.004486838293256468,0.11064981119727736,Calm,4328.81982421875
2023-06-27,0.011455854954693034,0.112962988461902,Calm,4378.41015625
2023-06-28,-0.00035407668843834283,0.10665312210081193,Calm,4376.85986328125
2023-06-29,0.004473544672805918,0.10676539459356747,Calm,4396.43994140625
2023-06-30,0.012269004495714109,0.10785461714331235,Calm,4450.3798828125
2023-07-03,0.0011706778016009611,0.10507324215081174,Calm,4455.58984375
2023-07-05,-0.0019683184132291975,0.0966700141503646,Calm,4446.81982421875
2023-07-06,-0.007922511336500904,0.10166050837837386,Calm,4411.58984375
2023-07-07,-0.0028651005386203243,0.10273066102909771,Calm,4398.9501953125
2023-07-10,0.002405026057131332,0.10108974910867272,Calm,4409.52978515625
2023-07-11,0.0067422110558885695,0.10142541454178004,Calm,4439.259765625
2023-07-12,0.007411233485312474,0.10337127253037941,Calm,4472.16015625
2023-07-13,0.008470153458069118,0.10264135022382155,Calm,4510.0400390625
2023-07-14,-0.0010244071333035398,0.10138326272804013,Calm,4505.419921875
2023-07-17,0.0038553825145495324,0.1016773816818098,Calm,4522.7900390625
2023-07-18,0.007117275205842377,0.09643792219546685,Calm,4554.97998046875
2023-07-19,0.002357910335732072,0.09469819479946613,Calm,4565.72021484375
2023-07-20,-0.006756896218903741,0.09666125108952771,Calm,4534.8701171875
2023-07-21,0.0003240945218980773,0.09358339156213479,Calm,4536.33984375
2023-07-24,0.004034153877153557,0.09367132292477741,Calm,4554.64013671875
2023-07-25,0.002814673351556163,0.08705433917500231,Calm,4567.4599609375
2023-07-26,-0.00015543889679858758,0.08400262631269581,Calm,4566.75
2023-07-27,-0.006424666064487883,0.08298583356876064,Calm,4537.41015625
2023-07-28,0.009877842794752345,0.08723508030740978,Calm,4582.22998046875
2023-07-31,0.0014687129405193122,0.08686870364993732,Calm,4588.9599609375
2023-08-01,-0.002665087639215691,0.07987109669147562,Calm,4576.72998046875
2023-08-02,-0.013839541336347905,0.09565252616660802,Calm,4513.39013671875
2023-08-03,-0.0025479738404268204,0.09587184571452671,Calm,4501.89013671875
2023-08-04,-0.005300074155050516,0.09332995632062177,Calm,4478.02978515625
2023-08-07,0.00902409277936278,0.09659208784471335,Calm,4518.43994140625
2023-08-08,-0.004218283044793103,0.09834189498942207,Calm,4499.3798828125
2023-08-09,-0.007038730380597102,0.09974346813163709,Calm,4467.7099609375
2023-08-10,0.00025071394456976925,0.09635876310692384,Calm,4468.830078125
2023-08-11,-0.0010696923700230787,0.09130470930228986,Calm,4464.0498046875
2023-08-14,0.005750475751703066,0.0937713153394776,Calm,4489.72021484375
2023-08-15,-0.011550909428841738,0.10043120523135739,Calm,4437.85986328125
2023-08-16,-0.007555395210577687,0.09854788380510517,Calm,4404.330078125
2023-08-17,-0.007712913029036983,0.09964375542669754,Calm,4370.35986328125
2023-08-18,-0.00014870682600087726,0.09834115862070726,Calm,4369.7099609375
2023-08-21,0.006879188518795987,0.10260945907807081,Calm,4399.77001953125
2023-08-22,-0.002777466728829614,0.10073104899965481,Calm,4387.5498046875
2023-08-23,0.011044879965972587,0.10912454802753052,Calm,4436.009765625
2023-08-24,-0.013457974663146133,0.11672823460115576,Calm,4376.31005859375
2023-08-25,0.006717966037625089,0.1193020673862615,Calm,4405.7099609375
2023-08-28,0.006264619755036449,0.11560738223520962,Calm,4433.31005859375
2023-08-29,0.01450830719454621,0.12804811174240752,Calm,4497.6298828125
2023-08-30,0.003833182103508026,0.1289117335768209,Calm,4514.8701171875
2023-08-31,-0.0015969365120942491,0.11973842164110124,Calm,4507.66015625
2023-09-01,0.0017991292600010311,0.11953490898568533,Calm,4515.77001953125
2023-09-05,-0.004194177587506065,0.11895682881378473,Calm,4496.830078125
2023-09-06,-0.006971599351452862,0.11693904517720768,Calm,4465.47998046875
2023-09-07,-0.0032112659361860363,0.11659095377518294,Calm,4451.14013671875
2023-09-08,0.0014266227216406246,0.11426216043700847,Calm,4457.490234375
2023-09-11,0.006723453106275201,0.11667585657680911,Calm,4487.4599609375
2023-09-12,-0.005695885604828921,0.11840978161660753,Calm,4461.89990234375
2023-09-13,0.0012416323054647016,0.1166698355970071,Calm,4467.43994140625
2023-09-14,0.00842991886716793,0.11266274769258956,Calm,4505.10009765625
2023-09-15,-0.012159612938677844,0.11793981862660473,Calm,4450.31982421875
2023-09-18,0.0007212876971294246,0.11407613586023371,Calm,4453.52978515625
2023-09-19,-0.002151010615372817,0.11452308147444422,Calm,4443.9501953125
2023-09-20,-0.0093947947580596,0.11752344145400694,Calm,4402.2001953125
2023-09-21,-0.01640093410321941,0.1304241888681043,Normal,4330.0
2023-09-22,-0.002295598477193961,0.1234201871034606,Calm,4320.06005859375
2023-09-25,0.0040230650909416354,0.11624799184692579,Calm,4337.43994140625
2023-09-26,-0.014734533990868215,0.12324190038353965,Calm,4273.52978515625
2023-09-27,0.00022931406074522265,0.12023644979018822,Calm,4274.509765625
2023-09-28,0.005893173970516585,0.10875128782401072,Calm,4299.7001953125
2023-09-29,-0.002709582086142026,0.10657982622110117,Calm,4288.0498046875
2023-10-02,7.936755559079245e-05,0.10690260491743318,Calm,4288.39013671875
2023-10-03,-0.013744071674259506,0.11270339528331516,Calm,4229.4501953125
2023-10-04,0.008109754957160709,0.11906474422466315,Calm,4263.75
2023-10-05,-0.001304030159777203,0.11799934003827495,Calm,4258.18994140625
2023-10-06,0.011814893014644445,0.12752801412193865,Calm,4308.5
2023-10-09,0.00630385429964031,0.13004180127118395,Normal,4335.66015625
2023-10-10,0.005207990781392224,0.1289671481342983,Calm,4358.240234375
2023-10-11,0.00429300817103373,0.12937596983233396,Calm,4376.9501953125
2023-10-12,-0.00624643434611849,0.130422557766573,Normal,4349.60986328125
2023-10-13,-0.005018858888767519,0.12610842831126498,Calm,4327.77978515625
2023-10-16,0.01059436938392988,0.1273657292432181,Calm,4373.6298828125
2023-10-17,-9.824505308242415e-05,0.12727426952590365,Calm,4373.2001953125
2023-10-18,-0.013399820506516447,0.134499162986234,Normal,4314.60009765625
2023-10-19,-0.008482848196321058,0.13384923283557057,Normal,4278.0
2023-10-20,-0.012585283719027562,0.1289999620501261,Calm,4224.16015625
2023-10-23,-0.0016855698941634634,0.1289487754005075,Calm,4217.0400390625
2023-10-24,0.007265792222727274,0.13104965805758453,Normal,4247.68017578125
2023-10-25,-0.014339628627712542,0.13053288011270625,Normal,4186.77001953125
2023-10-26,-0.011832519778109618,0.13575000902065731,Normal,4137.22998046875
2023-10-27,-0.004800280229768528,0.13342807885779429,Normal,4117.3701171875
2023-10-30,0.012010022325859904,0.14195089704566952,Normal,4166.81982421875
2023-10-31,0.006474957307233353,0.14445586768577312,Normal,4193.7998046875
2023-11-01,0.010505999486313922,0.14195011770000868,Normal,4237.85986328125
2023-11-02,0.01885855702012762,0.1539383473689116,Normal,4317.77978515625
2023-11-03,0.009393730253031363,0.15666847077423968,Normal,4358.33984375
2023-11-06,0.0017529924220356374,0.15184443730802874,Normal,4365.97998046875
2023-11-07,0.0028401189192852616,0.1506962786942587,Normal,4378.3798828125
2023-11-08,0.0010049156221052513,0.14974561513245277,Normal,4382.77978515625
2023-11-09,-0.008083839306732843,0.15172219452545277,Normal,4347.35009765625
2023-11-10,0.015616441094852496,0.1595871580873897,Normal,4415.240234375
2023-11-13,-0.0008358389332403515,0.15833103174178034,Normal,4411.5498046875
2023-11-14,0.019075017703661823,0.1673039547336204,Normal,4495.7001953125
2023-11-15,0.0015970120755575135,0.16722024552646844,Normal,4502.8798828125
2023-11-16,0.0011904273935798848,0.15830025283809726,Normal,4508.240234375
2023-11-17,0.0012820490603360213,0.15358771071537058,Normal,4514.02001953125
2023-11-20,0.007390278097329839,0.1439823315869244,Normal,4547.3798828125
2023-11-21,-0.0020209310950652926,0.144140765652856,Normal,4538.18994140625
2023-11-22,0.00406112922094648,0.14352328482338783,Normal,4556.6201171875
2023-11-24,0.0005968736678840791,0.1288548720742668,Calm,4559.33984375
2023-11-27,-0.001954157460090089,0.11751032447319992,Calm,4550.43017578125
2023-11-28,0.0009801185306033133,0.11333490871614808,Calm,4554.89013671875
2023-11-29,-0.0009462486392383118,0.11189134668654646,Calm,4550.580078125
2023-11-30,0.0037840728581564065,0.11159825193131014,Calm,4567.7998046875
2023-12-01,0.005873742123607695,0.10937920284592137,Calm,4594.6298828125
2023-12-04,-0.005408509126972105,0.09934773552224846,Calm,4569.77978515625
2023-12-05,-0.0005688697261614362,0.09688319147262545,Calm,4567.18017578125
2023-12-06,-0.003906202808869552,0.09920379122788879,Calm,4549.33984375
2023-12-07,0.007968189065892917,0.10133205144049384,Calm,4585.58984375
2023-12-08,0.00409549786994079,0.10142923828361246,Calm,4604.3701171875
2023-12-11,0.003924494286698943,0.09409899425310451,Calm,4622.43994140625
2023-12-12,0.00459935752021523,0.08241655885380106,Calm,4643.7001953125
2023-12-13,0.013650676351045998,0.09012746692015236,Calm,4707.08984375
2023-12-14,0.0026470624846992585,0.06892979718617075,Calm,4719.5498046875
2023-12-15,-7.62494933082003e-05,0.06939476407309018,Calm,4719.18994140625
2023-12-18,0.004528344366900416,0.0697176903558345,Calm,4740.56005859375
2023-12-19,0.005866407818910568,0.07059069485996228,Calm,4768.3701171875
2023-12-20,-0.014684266911006771,0.09043557467260371,Calm,4698.35009765625
2023-12-21,0.010301467821202559,0.09426038461871755,Calm,4746.75
2023-12-22,0.0016600585268868873,0.09401644646935205,Calm,4754.6298828125
2023-12-26,0.0042316894655107795,0.09415438178164014,Calm,4774.75
2023-12-27,0.0014304577464787638,0.09298767729092307,Calm,4781.580078125
2023-12-28,0.0003701746080437829,0.0931271630247364,Calm,4783.35009765625
2023-12-29,-0.0028264750133749628,0.09418733387113866,Calm,4769.830078125
2024-01-02,-0.005660579005492328,0.09787209322825835,Calm,4742.830078125
2024-01-03,-0.008016314922730805,0.10233195634073228,Calm,4704.81005859375
2024-01-04,-0.0034283812973570083,0.10095380981457105,Calm,4688.68017578125
2024-01-05,0.0018256861788026324,0.1007528412249578,Calm,4697.240234375
2024-01-08,0.014114629309846638,0.10797175249312303,Calm,4763.5400390625
2024-01-09,-0.0014779006799081618,0.10657965874100873,Calm,4756.5
2024-01-10,0.00566597189372442,0.10714957561550952,Calm,4783.4501953125
2024-01-11,-0.0006710555783868699,0.10720585098408426,Calm,4780.240234375
2024-01-12,0.0007509755941104146,0.10668655623672861,Calm,4783.830078125
2024-01-16,-0.0037313402367431525,0.09827638003420792,Calm,4765.97998046875
2024-01-17,-0.005616897183990499,0.10026786171920474,Calm,4739.2099609375
2024-01-18,0.008805260963896,0.10456859868843663,Calm,4780.93994140625
2024-01-19,0.012313502764936146,0.11146638199599988,Calm,4839.81005859375
2024-01-22,0.0021943252026270788,0.11016908509623537,Calm,4850.43017578125
2024-01-23,0.002921374261968035,0.09471579214509801,Calm,4864.60009765625
2024-01-24,0.0008119284117831249,0.08937889011047088,Calm,4868.5498046875
2024-01-25,0.005260365527706368,0.09046465932564042,Calm,4894.16015625
2024-01-26,-0.0006517852510764532,0.09011536842243603,Calm,4890.97021484375
2024-01-29,0.007556774896180896,0.09280484375265899,Calm,4927.93017578125
2024-01-30,-0.0006006499345398986,0.09300826251442147,Calm,4924.97021484375
2024-01-31,-0.016105744611597972,0.11037737063079092,Calm,4845.64990234375
2024-02-01,0.012493688211609788,0.11486609328673429,Calm,4906.18994140625
2024-02-02,0.01068444607751462,0.11331720120724784,Calm,4958.60986328125
2024-02-05,-0.0031863375266721894,0.11315985265570012,Calm,4942.81005859375
2024-02-06,0.0023104108269635937,0.1131337100360592,Calm,4954.22998046875
2024-02-07,0.008241457963390042,0.10725489805281284,Calm,4995.06005859375
2024-02-08,0.0005705832608251526,0.1065821786110787,Calm,4997.91015625
2024-02-09,0.0057423415255595245,0.10661215349287582,Calm,5026.60986328125
2024-02-12,-0.0009489536011326738,0.10671683337621757,Calm,5021.83984375
2024-02-13,-0.013674255653625456,0.12031152326586392,Calm,4953.169921875
2024-02-14,0.009579763275017639,0.12159006715795474,Calm,5000.6201171875
2024-02-15,0.005821250684729495,0.11860282434647745,Calm,5029.72998046875
2024-02-16,-0.0048034698371121065,0.11937937431148893,Calm,5005.56982421875
2024-02-20,-0.006005322001165325,0.11669157244657591,Calm,4975.509765625
2024-02-21,0.001264199922982101,0.11665059190030298,Calm,4981.7998046875
2024-02-22,0.02112288421741404,0.13537717922342019,Normal,5087.02978515625
2024-02-23,0.0003479475462115911,0.13544517296437805,Normal,5088.7998046875
2024-02-26,-0.003786751350190576,0.13644434412549697,Normal,5069.52978515625
2024-02-27,0.0017063496993998672,0.1361736492834441,Normal,5078.18017578125
2024-02-28,-0.001658155060430544,0.13502330486747843,Normal,5069.759765625
2024-02-29,0.005229094697149161,0.13545183020583018,Normal,5096.27001953125
2024-03-01,0.00800782894888763,0.12052688758452458,Calm,5137.080078125
2024-03-04,-0.0011932620709189656,0.115911667835998,Calm,5130.9501953125
2024-03-05,-0.010193100883444606,0.11908588617754652,Calm,5078.64990234375
2024-03-06,0.005141103203274655,0.1187441533045283,Calm,5104.759765625
2024-03-07,0.010304127925951478,0.12254606441488523,Calm,5157.35986328125
2024-03-08,-0.0065285190034379825,0.12365792079395665,Calm,5123.68994140625
2024-03-11,-0.001122238087346461,0.12391221637950525,Calm,5117.93994140625
2024-03-12,0.011201787981366396,0.1278373200582837,Calm,5175.27001953125
2024-03-13,-0.0019245297153407392,0.12810945306808627,Calm,5165.31005859375
2024-03-14,-0.0028710915621273925,0.11711542559514997,Calm,5150.47998046875
2024-03-15,-0.006482917484461503,0.11704065445918542,Calm,5117.08984375
2024-03-18,0.006318059504952345,0.11730430600555981,Calm,5149.419921875
2024-03-19,0.0056491496501236416,0.11620740277913107,Calm,5178.509765625
2024-03-20,0.008904173912846591,0.11531535914391737,Calm,5224.6201171875
2024-03-21,0.0032365354015160275,0.11528287859657854,Calm,5241.52978515625
2024-03-22,-0.0014021878490156903,0.09369227833433147,Calm,5234.18017578125
2024-03-25,-0.0030549644525015296,0.09489630280224318,Calm,5218.18994140625
2024-03-26,-0.002799795225030266,0.09430078531978134,Calm,5203.580078125
2024-03-27,0.008630626525532925,0.0977026503189086,Calm,5248.490234375
2024-03-28,0.0011164855071790214,0.0970106779282156,Calm,5254.35009765625
2024-04-01,-0.0020135845401164643,0.09695610973704227,Calm,5243.77001953125
2024-04-02,-0.0072390590731691296,0.09819629903472998,Calm,5205.81005859375
2024-04-03,0.001091122364688113,0.09797423387172015,Calm,5211.490234375
2024-04-04,-0.012334336350379616,0.10121754814708499,Calm,5147.2099609375
2024-04-05,0.011099194174331695,0.10650856708386151,Calm,5204.33984375
2024-04-08,-0.00037463099831791524,0.10096069511339256,Calm,5202.39013671875
2024-04-09,0.0014454931932483817,0.09776061129999668,Calm,5209.91015625
2024-04-10,-0.009456980649108493,0.10390969145112866,Calm,5160.64013671875
2024-04-11,0.007444797710585593,0.09972691839820542,Calm,5199.06005859375
2024-04-12,-0.01455068829580164,0.11201035531443986,Calm,5123.41015625
2024-04-15,-0.01202135494776202,0.11886607076302477,Calm,5061.81982421875
2024-04-16,-0.0020565070133361507,0.1171764851882119,Calm,5051.41015625
2024-04-17,-0.005780602724641426,0.11567627433204214,Calm,5022.2099609375
2024-04-18,-0.002208160119998248,0.11301591933607752,Calm,5011.1201171875
2024-04-19,-0.00875854812743615,0.10893980513918047,Calm,4967.22998046875
2024-04-22,0.008731248071466746,0.11405233062943285,Calm,5010.60009765625
2024-04-23,0.011964576270872662,0.12406984381953745,Calm,5070.5498046875
2024-04-24,0.0002130100613548791,0.12406433067745817,Calm,5071.6298828125
2024-04-25,-0.004576430353515626,0.12448210309895812,Calm,5048.419921875
2024-04-26,0.01020914263474304,0.12619486027708457,Calm,5099.9599609375
2024-04-29,0.0031784486665891176,0.1268999501933621,Calm,5116.169921875
2024-04-30,-0.01573051358686217,0.13649032587915597,Normal,5035.68994140625
2024-05-01,-0.0034354388154940185,0.13524274595023758,Normal,5018.39013671875
2024-05-02,0.009128437077573048,0.1401181441267954,Normal,5064.2001953125
2024-05-03,0.012556739721478527,0.14199844798865943,Normal,5127.7900390625
2024-05-06,0.01032612390701182,0.1412506283520367,Normal,5180.740234375
2024-05-07,0.0013434298232750663,0.14134594500941525,Normal,5187.7001953125
2024-05-08,-5.835618166138978e-06,0.1412357734196432,Normal,5187.669921875
2024-05-09,0.005090947698625836,0.1381343143432556,Normal,5214.080078125
2024-05-10,0.001649398844549843,0.1359183442923095,Normal,5222.68017578125
2024-05-13,-0.00024130405535727206,0.12487402741167097,Calm,5221.419921875
2024-05-14,0.004837813139759728,0.11619362194077779,Calm,5246.68017578125
2024-05-15,0.011715927882596233,0.12025473158695023,Calm,5308.14990234375
2024-05-16,-0.0020816677921287052,0.11774419936674546,Calm,5297.10009765625
2024-05-17,0.0011647735102702228,0.11659475352036235,Calm,5303.27001953125
2024-05-20,0.0009163899374069473,0.10916575441376397,Calm,5308.1298828125
2024-05-21,0.002501874243978186,0.10729723556969364,Calm,5321.41015625
2024-05-22,-0.002706123039226127,0.10363973765757924,Calm,5307.009765625
2024-05-23,-0.0073807894850155265,0.10868349715313501,Calm,5267.83984375
2024-05-24,0.0070010425881694704,0.10747572161895179,Calm,5304.72021484375
2024-05-28,0.0002488018529340774,0.10381288458134624,Calm,5306.0400390625
2024-05-29,-0.007367046509680453,0.10850861691103797,Calm,5266.9501953125
2024-05-30,-0.005975035585443322,0.09329128265691555,Calm,5235.47998046875
2024-05-31,0.00802787620486467,0.09352694314406035,Calm,5277.509765625
2024-06-03,0.0011160825806737495,0.09034654136326929,Calm,5283.39990234375
2024-06-04,0.0015028090913065117,0.0818407167120626,Calm,5291.33984375
2024-06-05,0.011847649793331305,0.0840461775897394,Calm,5354.02978515625
2024-06-06,-0.00019981663563317653,0.08427092904203623,Calm,5352.9599609375
2024-06-07,-0.0011152197300303701,0.08460894846570113,Calm,5346.990234375
2024-06-10,0.0025808546645145203,0.08369163412753983,Calm,5360.7900390625
2024-06-11,0.0027103813151374556,0.08382238367364414,Calm,5375.31982421875
2024-06-12,0.008503672791998707,0.08709351588909497,Calm,5421.02978515625
2024-06-13,0.0023446558536817097,0.08642431631507119,Calm,5433.740234375
2024-06-14,-0.000393860697500914,0.07853289624800526,Calm,5431.60009765625
2024-06-17,0.007664386564552705,0.08077190418861402,Calm,5473.22998046875
2024-06-18,0.0025213273947457537,0.08082259962550452,Calm,5487.02978515625
2024-06-20,-0.0025259318472709014,0.08207853604272883,Calm,5473.169921875
2024-06-21,-0.001562130321101196,0.0826413077878824,Calm,5464.6201171875
2024-06-24,-0.003065171894990004,0.08286847182389025,Calm,5447.8701171875
2024-06-25,0.003933590015736899,0.0770671807318207,Calm,5469.2998046875
2024-06-26,0.0015724312002203256,0.07470925839511401,Calm,5477.89990234375
2024-06-27,0.0009073212238914774,0.07460044292037897,Calm,5482.8701171875
2024-06-28,-0.004083652583445674,0.07039103309952967,Calm,5460.47998046875
2024-07-01,0.0026755639309195,0.06460198539526461,Calm,5475.08984375
2024-07-02,0.006195317856513505,0.06278424201926577,Calm,5509.009765625
2024-07-03,0.005084444409779065,0.0635378572918613,Calm,5537.02001953125
2024-07-05,0.005448765178485582,0.06442300597171915,Calm,5567.18994140625
2024-07-08,0.0010166989647510949,0.054660535682301566,Calm,5572.85009765625
2024-07-09,0.0007410719362856977,0.054297843739293944,Calm,5576.97998046875
2024-07-10,0.010208065293514812,0.060078512771952766,Calm,5633.91015625
2024-07-11,-0.008763028841120457,0.07162552785264573,Calm,5584.5400390625
2024-07-12,0.0055170270744306915,0.0726491829539466,Calm,5615.35009765625
2024-07-15,0.0028262026252154904,0.0689016233159018,Calm,5631.22021484375
2024-07-16,0.006389375498743188,0.07068959033843238,Calm,5667.2001953125
2024-07-17,-0.013927543241993745,0.08953416817707245,Calm,5588.27001953125
2024-07-18,-0.007816403936922511,0.09185184857814363,Calm,5544.58984375
2024-07-19,-0.007140265531926926,0.09537907237887884,Calm,5505.0
2024-07-22,0.01079203564940956,0.10158646833482018,Calm,5564.41015625
2024-07-23,-0.001558102589770738,0.10158528567828269,Calm,5555.740234375
2024-07-24,-0.02314909375473495,0.13084289583299694,Normal,5427.1298828125
2024-07-25,-0.005142620237842288,0.13105193485733616,Normal,5399.22021484375
2024-07-26,0.011090468702846357,0.13703392976476325,Normal,5459.10009765625
2024-07-29,0.0008133101292933098,0.137025366869344,Normal,5463.5400390625
2024-07-30,-0.004960171878030217,0.1373770174787167,Normal,5436.43994140625
2024-07-31,0.0157933986591674,0.14791697531869907,Normal,5522.2998046875
2024-08-01,-0.013693502993456064,0.15410024048990204,Normal,5446.68017578125
2024-08-02,-0.018381860868696753,0.1644825297507421,Normal,5346.56005859375
2024-08-05,-0.02996879838863975,0.18921833511499128,Elevated,5186.330078125
2024-08-06,0.010354085880061037,0.19459111581573874,Elevated,5240.02978515625
2024-08-07,-0.007734647858502863,0.19483187829178336,Elevated,5199.5
2024-08-08,0.023042611519136447,0.21045671660023385,Elevated,5319.31005859375
2024-08-09,0.004671676849538509,0.2106841424336875,Elevated,5344.16015625
2024-08-12,4.303397765514916e-05,0.209067569678995,Elevated,5344.39013671875
2024-08-13,0.016847579753558328,0.21878962639756608,Elevated,5434.43017578125
2024-08-14,0.0038237284285767004,0.21778713123796048,Elevated,5455.2099609375
2024-08-15,0.016133247764330783,0.2214280231304743,Elevated,5543.22021484375
2024-08-16,0.001989779357261412,0.2198294850925169,Elevated,5554.25
2024-08-19,0.009722284736913167,0.22051941501527428,Elevated,5608.25
2024-08-20,-0.0019845553982971165,0.2177790973216585,Elevated,5597.1201171875
2024-08-21,0.004239676828782013,0.21805854458643012,Elevated,5620.85009765625
2024-08-22,-0.008932805548120926,0.2035938087605176,Elevated,5570.64013671875
2024-08-23,0.01148337085011919,0.20508273847222924,Elevated,5634.60986328125
2024-08-26,-0.0031537266931381813,0.20315393735813958,Elevated,5616.83984375
2024-08-27,0.0015951960865450143,0.20314181499433384,Elevated,5625.7998046875
2024-08-28,-0.00597597320797616,0.20357714179831296,Elevated,5592.18017578125
2024-08-29,-3.937906806072977e-05,0.19677086212850176,Elevated,5591.9599609375
2024-08-30,0.010093051774424433,0.19208922903005213,Elevated,5648.39990234375
2024-09-03,-0.02115107439771169,0.19595635642664208,Elevated,5528.93017578125
2024-09-04,-0.0016025435809103872,0.1594907860315899,Normal,5520.06982421875
2024-09-05,-0.003018017615584734,0.1584688180668343,Normal,5503.41015625
2024-09-06,-0.01726024985928465,0.16920540745744891,Normal,5408.419921875
2024-09-09,0.0115800702824842,0.15527121602636126,Normal,5471.0498046875
2024-09-10,0.004472672652839682,0.15521967661886202,Normal,5495.52001953125
2024-09-11,0.010665025888896507,0.1583987012258816,Normal,5554.1298828125
2024-09-12,0.007495302358939249,0.150375333819589,Normal,5595.759765625
2024-09-13,0.005407711405364557,0.15079165172530828,Normal,5626.02001953125
2024-09-16,0.0012566297656613212,0.14111216325765252,Normal,5633.08984375
2024-09-17,0.00026455008109871336,0.14105603041410428,Normal,5634.580078125
2024-09-18,-0.002896455862498093,0.13764265964647612,Normal,5618.259765625
2024-09-19,0.01697685316676334,0.14917736786082864,Normal,5713.64013671875
2024-09-20,-0.0019410273951238066,0.1490349492799142,Normal,5702.5498046875
2024-09-23,0.0028092730585327352,0.14493742659732992,Normal,5718.56982421875
2024-09-24,0.0025111788443470395,0.14024206771726375,Normal,5732.93017578125
2024-09-25,-0.0018612489301417234,0.13984673616742996,Normal,5722.259765625
2024-09-26,0.00403867571712313,0.14025031882232258,Normal,5745.3701171875
2024-09-27,-0.0012532169669905446,0.13821322182689474,Normal,5738.169921875
2024-09-30,0.004236552581176722,0.1384985009154772,Normal,5762.47998046875
2024-10-01,-0.009324107094664358,0.13959119869817793,Normal,5708.75
2024-10-02,0.00013839090212397487,0.11526385295391087,Calm,5709.5400390625
2024-10-03,-0.001681413492255035,0.11529141343641036,Calm,5699.93994140625
2024-10-04,0.008970249395274354,0.11677220842701284,Calm,5751.06982421875
2024-10-07,-0.009586022165882668,0.10292584883297715,Calm,5695.93994140625
2024-10-08,0.009689347495581924,0.10101236269821234,Calm,5751.1298828125
2024-10-09,0.007113411987488272,0.10210359424715507,Calm,5792.0400390625
2024-10-10,-0.002070122839989974,0.09878805315092738,Calm,5780.0498046875
2024-10-11,0.006051847587953629,0.09788378863453873,Calm,5815.02978515625
2024-10-14,0.0077076668832223305,0.0992517589938651,Calm,5859.85009765625
2024-10-15,-0.007609466332438197,0.10464826275184581,Calm,5815.259765625
2024-10-16,0.004679145956573816,0.10508817043302819,Calm,5842.47021484375
2024-10-17,-0.00017116047891174713,0.10398898396168245,Calm,5841.47021484375
2024-10-18,0.00397155273894878,0.08885243897592798,Calm,5864.669921875
2024-10-21,-0.0018227694906369774,0.08879971902136936,Calm,5853.97998046875
2024-10-22,-0.0004748538883844189,0.08880824628719705,Calm,5851.2001953125
2024-10-23,-0.009191323428069387,0.0954792328776092,Calm,5797.419921875
2024-10-24,0.002145772011323821,0.09521277509255215,Calm,5809.85986328125
2024-10-25,-0.00029944716993013376,0.09450283200215848,Calm,5808.1201171875
2024-10-28,0.0026514435020339455,0.09454023419742039,Calm,5823.52001953125
2024-10-29,0.001614127248163344,0.09374435576421332,Calm,5832.919921875
2024-10-30,-0.003300233889343751,0.08785021284019741,Calm,5813.669921875
2024-10-31,-0.018614700871699585,0.1108571502732006,Calm,5705.4501953125
2024-11-01,0.004092509543626166,0.11156293293703518,Calm,5728.7998046875
2024-11-04,-0.002812083478299976,0.10736478132818805,Calm,5712.68994140625
2024-11-05,0.012265644545291332,0.11019067911469421,Calm,5782.759765625
2024-11-06,0.025295927786425976,0.1363194496793461,Normal,5929.0400390625
2024-11-07,0.007431229727488331,0.13648907648527012,Normal,5973.10009765625
2024-11-08,0.0037568333092317108,0.13605950928361027,Normal,5995.5400390625
2024-11-11,0.0009690634297987444,0.13518493478292387,Normal,6001.35009765625
2024-11-12,-0.00289265965137242,0.13407128908366578,Normal,5983.990234375
2024-11-13,0.00023222772482434095,0.13040418824444797,Normal,5985.3798828125
2024-11-14,-0.006049734794859041,0.1322936461045009,Normal,5949.169921875
2024-11-15,-0.013203489851361216,0.14103151370132602,Normal,5870.6201171875
2024-11-18,0.003917814394541086,0.1410138857456014,Normal,5893.6201171875
2024-11-19,0.003963584828470035,0.14135505804250192,Normal,5916.97998046875
2024-11-20,2.195086225209586e-05,0.14132025610264173,Normal,5917.10986328125
2024-11-21,0.0053404615405816536,0.13758799147023137,Normal,5948.7099609375
2024-11-22,0.003467959094991535,0.1377709751032645,Normal,5969.33984375
2024-11-25,0.003020480305938378,0.1377574189967031,Normal,5987.3701171875
2024-11-26,0.005722005647630368,0.1384939179191689,Normal,6021.6298828125
2024-11-27,-0.003801238017440034,0.13976660377825645,Normal,5998.740234375
2024-11-29,0.005607785488815242,0.1394201597095628,Normal,6032.3798828125
2024-12-02,0.0024484564662998753,0.11801541703372714,Calm,6047.14990234375
2024-12-03,0.0004514491145146682,0.11818675739885867,Calm,6049.8798828125
2024-12-04,0.006051417924264779,0.11703040776159633,Calm,6086.490234375
2024-12-05,-0.0018697756269248078,0.11318370953621165,Calm,6075.10986328125
2024-12-06,0.0024954538421815275,0.07667694635576278,Calm,6090.27001953125
2024-12-09,-0.006144213927296471,0.07739381169044741,Calm,6052.85009765625
2024-12-10,-0.002963883313944371,0.07748855458272692,Calm,6034.91015625
2024-12-11,0.008165786048233592,0.08211662444079647,Calm,6084.18994140625
2024-12-12,-0.005414022527810203,0.083937631662169,Calm,6051.25
2024-12-13,-2.6466639124200775e-05,0.08395458819784483,Calm,6051.08984375
2024-12-16,0.0037993543260221863,0.081108004831599,Calm,6074.080078125
2024-12-17,-0.003863994965801476,0.06543535817658876,Calm,6050.60986328125
2024-12-18,-0.02949284635160343,0.12488750609508306,Calm,5872.16015625
2024-12-19,-0.0008651123249070469,0.12400355841862681,Calm,5867.080078125
2024-12-20,0.010869123768910471,0.12998839918889074,Calm,5930.85009765625
2024-12-23,0.007287273468533639,0.13113909334603926,Normal,5974.06982421875
2024-12-24,0.01104275925539211,0.1360258263374235,Normal,6040.0400390625
2024-12-26,-0.00040565878647391695,0.13577398749269762,Normal,6037.58984375
2024-12-27,-0.011055736101235558,0.1399153796285406,Normal,5970.83984375
2024-12-30,-0.010701995701766776,0.14403180044530514,Normal,5906.93994140625
2024-12-31,-0.004284800394927402,0.1426478103560921,Normal,5881.6298828125
2025-01-02,-0.0022238866412221947,0.14207335500479729,Normal,5868.5498046875
2025-01-03,0.01259602672149196,0.15005900319880192,Normal,5942.47021484375
2025-01-06,0.005538045085450305,0.14977350862651875,Normal,5975.3798828125
2025-01-07,-0.01110391288210788,0.15393605810276223,Normal,5909.02978515625
2025-01-08,0.001560360190925314,0.15368142200081963,Normal,5918.25
2025-01-10,-0.01541164380306681,0.16054782415423885,Normal,5827.0400390625
2025-01-13,0.0015754440882007614,0.16088856487724984,Normal,5836.22021484375
2025-01-14,0.0011462798112440442,0.1573496137351966,Normal,5842.91015625
2025-01-15,0.018312792279639112,0.17146464533517056,Normal,5949.91015625
2025-01-16,-0.0021126894641922966,0.1715063205159904,Normal,5937.33984375
2025-01-17,0.009991058969353706,0.17492712098742877,Normal,5996.66015625
2025-01-21,0.008768227105582893,0.1773703147983679,Normal,6049.240234375
2025-01-22,0.006137941522227575,0.14201886883252793,Normal,6086.3701171875
2025-01-23,0.00531348622041139,0.14220039854645466,Normal,6118.7099609375
2025-01-24,-0.002855132319398823,0.1393830244184397,Normal,6101.240234375
2025-01-27,-0.014580715690809543,0.14803484956700766,Normal,6012.27978515625
2025-01-28,0.009217869449967608,0.14650024523733715,Normal,6067.7001953125
2025-01-29,-0.004678895760321544,0.14748875282279175,Normal,6039.31005859375
2025-01-30,0.005275414405311762,0.14276195887065546,Normal,6071.169921875
2025-01-31,-0.005046825754019935,0.1382786531643678,Normal,6040.52978515625
2025-02-03,-0.007608597684666707,0.14037351623935745,Normal,5994.56982421875
2025-02-04,0.007224881828679752,0.14149884796040993,Normal,6037.8798828125
2025-02-05,0.003908672930614365,0.13592295937460028,Normal,6061.47998046875
2025-02-06,0.003644298722618622,0.13527951529097693,Normal,6083.56982421875
2025-02-07,-0.009464770111542897,0.13355667850925154,Normal,6025.990234375
2025-02-10,0.006712541085862833,0.13502925695816143,Normal,6066.43994140625
2025-02-11,0.00033958278885926063,0.12087738605417796,Calm,6068.5
2025-02-12,-0.0027238667143857365,0.12196363863721216,Calm,6051.97021484375
2025-02-13,0.010426292122230674,0.12556057698225592,Calm,6115.06982421875
2025-02-14,-7.194380749464546e-05,0.11115976593263943,Calm,6114.6298828125
2025-02-18,0.0024449877750611915,0.11050328844361197,Calm,6129.580078125
2025-02-19,0.0023769693899173827,0.10623293717826555,Calm,6144.14990234375
2025-02-20,-0.0043341850761716705,0.10411397941810008,Calm,6117.52001953125
2025-02-21,-0.01706412670256352,0.11847165954123519,Calm,6013.1298828125
2025-02-24,-0.00496910650440241,0.11740968249573912,Calm,5983.25
2025-02-25,-0.004679730915472358,0.11793418612327614,Calm,5955.25
2025-02-26,0.00013602428004699796,0.10732061104702068,Calm,5956.06005859375
2025-02-27,-0.015864553655509872,0.11389436324660573,Calm,5861.56982421875
2025-02-28,0.01585414463498891,0.12825110935224437,Calm,5954.5
2025-03-03,-0.0175967394669998,0.13897931837285205,Normal,5849.72021484375
2025-03-04,-0.012234826602200433,0.14330330224107296,Normal,5778.14990234375
2025-03-05,0.011159277893187936,0.14881135602163692,Normal,5842.6298828125
2025-03-06,-0.017819007085749905,0.15609907016369184,Normal,5738.52001953125
2025-03-07,0.00552061780274804,0.1570135121079212,Normal,5770.2001953125
2025-03-10,-0.0269730913054258,0.17697271259220979,Normal,5614.56005859375
2025-03-11,-0.007567865323653167,0.17632218922659057,Normal,5572.06982421875
2025-03-12,0.004886869929446425,0.1750775611489559,Normal,5599.2998046875
2025-03-13,-0.013890984206835322,0.1778078214534494,Normal,5521.52001953125
2025-03-14,0.021265869083087807,0.1988764405605081,Elevated,5638.93994140625
2025-03-17,0.006416130719105961,0.19585493979748392,Elevated,5675.1201171875
2025-03-18,-0.010653512117636543,0.19696437348021653,Elevated,5614.66015625
2025-03-19,0.010798495567894584,0.2024473263423338,Elevated,5675.2900390625
2025-03-20,-0.0021848931523151816,0.20136918388639258,Elevated,5662.89013671875
2025-03-21,0.0008246534476661349,0.20198870343716668,Elevated,5667.56005859375
2025-03-24,0.017646000146633645,0.2084221828178365,Elevated,5767.56982421875
2025-03-25,0.0015743334544251475,0.2084411959009711,Elevated,5776.64990234375
2025-03-26,-0.011156934922627149,0.2108448749077617,Elevated,5712.2001953125
2025-03-27,-0.003306980860763864,0.21076367080122127,Elevated,5693.31005859375
2025-03-28,-0.01973722070834405,0.21435554299049012,Elevated,5580.93994140625
2025-03-31,0.005538521570653376,0.20620359975994806,Elevated,5611.85009765625
2025-04-01,0.0037812354559083605,0.19999798028067167,Elevated,5633.06982421875
2025-04-02,0.006728194715792668,0.19821577494594222,Elevated,5670.97021484375
2025-04-03,-0.04839563335990149,0.2527402204302048,Crisis,5396.52001953125
2025-04-04,-0.05974960534553109,0.3161402203336106,Crisis,5074.080078125
2025-04-07,-0.0023314724921273955,0.31380611299161465,Crisis,5062.25
2025-04-08,-0.015700524562941354,0.3066723446984698,Crisis,4982.77001953125
2025-04-09,0.09515387644904849,0.4639839001848746,Crisis,5456.89990234375
2025-04-10,-0.03460757958472693,0.4780616893411811,Crisis,5268.0498046875
2025-04-11,0.018092095201708958,0.4812665638192452,Crisis,5363.35986328125
2025-04-14,0.007944712390868913,0.4756977512850691,Crisis,5405.97021484375
2025-04-15,-0.0017277808903947145,0.47480710163544587,Crisis,5396.6298828125
2025-04-16,-0.0224083715440897,0.47923975716247064,Crisis,5275.7001953125
2025-04-17,0.0013268380955802073,0.47703762093733293,Crisis,5282.7001953125
2025-04-21,-0.023567493023827546,0.482307010018551,Crisis,5158.2001953125
2025-04-22,0.025117204723895226,0.49260269442236804,Crisis,5287.759765625
2025-04-23,0.01666113847096007,0.4920980071663374,Crisis,5375.85986328125
2025-04-24,0.020259113708281262,0.49845138905406927,Crisis,5484.77001953125
2025-04-25,0.007373133469998461,0.49829727483058545,Crisis,5525.2099609375
2025-04-28,0.0006407067039131409,0.49826678967224386,Crisis,5528.75
2025-04-29,0.005802410694099036,0.49395868487186645,Crisis,5560.830078125
2025-04-30,0.00147999135976562,0.4936144996880819,Crisis,5569.06005859375
2025-05-01,0.006299102138585644,0.4939287536891163,Crisis,5604.14013671875
2025-05-02,0.01472657412963474,0.49603154725325055,Crisis,5686.669921875
2025-05-05,-0.006381597588933863,0.46407521423796266,Crisis,5650.3798828125
2025-05-06,-0.007693239651855532,0.4075598616984771,Crisis,5606.91015625
2025-05-07,0.00434635623313584,0.40668749891761274,Crisis,5631.27978515625
2025-05-08,0.005799775094835535,0.3993948509210449,Crisis,5663.93994140625
2025-05-09,-0.0007114809122162891,0.2354002370817583,Elevated,5659.91015625
2025-05-12,0.032558782749008364,0.21874097245646826,Elevated,5844.18994140625
2025-05-13,0.0072482009835321826,0.21375984843863508,Elevated,5886.5498046875
2025-05-14,0.001024415597859818,0.21371046730918752,Elevated,5892.580078125
2025-05-15,0.004132332074135769,0.21262421115546495,Elevated,5916.93017578125
2025-05-16,0.007005272294898557,0.18884472534624733,Elevated,5958.3798828125
2025-05-19,0.0008761131291423752,0.1889880065172986,Elevated,5963.60009765625
2025-05-20,-0.0038802294486252054,0.16052875104390987,Normal,5940.4599609375
2025-05-21,-0.01613513066101424,0.16475130085664833,Normal,5844.60986328125
2025-05-22,-0.00044487103794299543,0.15985727292100568,Normal,5842.009765625
2025-05-23,-0.006708297825321674,0.15245470004625622,Normal,5802.81982421875
2025-05-27,0.0204590558452733,0.16379264719631395,Normal,5921.5400390625
2025-05-28,-0.005571225417268844,0.16648094675779979,Normal,5888.5498046875
2025-05-29,0.004011194261904327,0.16622442318248173,Normal,5912.169921875
2025-05-30,-8.118516130162234e-05,0.16648891467891153,Normal,5911.68994140625
2025-06-02,0.0041020419271569075,0.16609706871920432,Normal,5935.93994140625
2025-06-03,0.005800290454605506,0.16081148074184884,Normal,5970.3701171875
2025-06-04,7.36874595066439e-05,0.15791401005483574,Normal,5970.81005859375
2025-06-05,-0.005277383403094138,0.15612671138261344,Normal,5939.2998046875
2025-06-06,0.010280683010067904,0.15821068736141292,Normal,6000.35986328125
2025-06-09,0.0009199480792858594,0.15805451017438576,Normal,6005.8798828125
2025-06-10,0.00548298940767844,0.15775608849984915,Normal,6038.81005859375
2025-06-11,-0.002743888954607865,0.11690975877977247,Calm,6022.240234375
2025-06-12,0.0038224199557175265,0.11536323663682901,Calm,6045.259765625
2025-06-13,-0.011296379879250695,0.12334350835253424,Calm,5976.97021484375
2025-06-16,0.009392659896159117,0.12649055319418276,Calm,6033.10986328125
2025-06-17,-0.008352184790166306,0.128410195943189,Calm,5982.72021484375
2025-06-18,-0.0003092402101070313,0.1284001455737168,Calm,5980.8701171875
2025-06-20,-0.002178658486505891,0.127858204583138,Calm,5967.83984375
2025-06-23,0.009606504133156335,0.1169211346700624,Calm,6025.169921875
2025-06-24,0.01112172017970181,0.1213103503911463,Calm,6092.18017578125
2025-06-25,-3.2861029504172024e-06,0.11738745650785959,Calm,6092.16015625
2025-06-26,0.008020121275230219,0.0997933245163839,Calm,6141.02001953125
2025-06-27,0.005218970885222163,0.09676876863184292,Calm,6173.06982421875
2025-06-30,0.005164427424532603,0.09711249782474668,Calm,6204.9501953125
2025-07-01,-0.001118531087121899,0.09750166679365212,Calm,6198.009765625
2025-07-02,0.004745096791088033,0.09767897190965329,Calm,6227.419921875
2025-07-03,0.008338955206607324,0.09920803922262206,Calm,6279.35009765625
2025-07-07,-0.007862297279128794,0.10520489015114963,Calm,6229.97998046875
2025-07-08,-0.0007158868810946961,0.10235183790818035,Calm,6225.52001953125
2025-07-09,0.0060621034026635545,0.09918249139388965,Calm,6263.259765625
2025-07-10,0.0027462050044453346,0.09911912179924293,Calm,6280.4599609375
2025-07-11,-0.0032975229626984737,0.10006096115058004,Calm,6259.75
2025-07-14,0.001407413809457303,0.09874620791982955,Calm,6268.56005859375
2025-07-15,-0.003956298214731202,0.10052757618548235,Calm,6243.759765625
2025-07-16,0.003193657417327689,0.08905778026405795,Calm,6263.7001953125
2025-07-17,0.00537376740890938,0.08603255073660734,Calm,6297.35986328125
2025-07-18,-9.048620868445933e-05,0.07780391943511435,Calm,6296.7900390625
2025-07-21,0.001399134882868358,0.07726350963830617,Calm,6305.60009765625
2025-07-22,0.0006375316336257875,0.07570009618154275,Calm,6309.6201171875
2025-07-23,0.007811886951519131,0.07385989424845403,Calm,6358.91015625
2025-07-24,0.0006982236416543941,0.06719830603583614,Calm,6363.35009765625
2025-07-25,0.00397432777929585,0.06705374330730186,Calm,6388.64013671875
2025-07-28,0.00017685810881817865,0.06402072715059247,Calm,6389.77001953125
2025-07-29,-0.002959442388724254,0.06494103581866259,Calm,6370.85986328125
2025-07-30,-0.0012494327466496813,0.06419091909735933,Calm,6362.89990234375
2025-07-31,-0.0036948193411530106,0.0659621279553536,Calm,6339.39013671875
2025-08-01,-0.015992133140148468,0.08716399900864732,Calm,6238.009765625
2025-08-04,0.01473710033091602,0.09704610146866137,Calm,6329.93994140625
2025-08-05,-0.004857865996303334,0.09434359108744042,Calm,6299.18994140625
2025-08-06,0.007281907295092482,0.09702863190465152,Calm,6345.06005859375
2025-08-07,-0.0007974800154801898,0.09534676843166515,Calm,6340.0
2025-08-08,0.007799715348974834,0.09834188449585363,Calm,6389.4501953125
2025-08-11,-0.0025041278217863283,0.09795916497539615,Calm,6373.4501953125
2025-08-12,0.01134543584661274,0.10447168960138078,Calm,6445.759765625
2025-08-13,0.0032300788824048965,0.1028265694118484,Calm,6466.580078125
2025-08-14,0.00030309080129242716,0.10278190859577528,Calm,6468.5400390625
2025-08-15,-0.0028971350972291088,0.10290173229558128,Calm,6449.7998046875
2025-08-18,-0.00010076318078544588,0.10290331157573739,Calm,6449.14990234375
2025-08-19,-0.005858103118756786,0.10572233470917437,Calm,6411.3701171875
2025-08-20,-0.0024316693228262354,0.10631964564420489,Calm,6395.77978515625
2025-08-21,-0.004004181529308926,0.10417258132727807,Calm,6370.169921875
2025-08-22,0.015186444876893468,0.11656548093779542,Calm,6466.91015625
2025-08-25,-0.004266385548063467,0.11722676430525816,Calm,6439.31982421875
2025-08-26,0.004133995191134998,0.11793025980920542,Calm,6465.93994140625
2025-08-27,0.0023909843081744153,0.11735589299228773,Calm,6481.39990234375
2025-08-28,0.0031567194195349924,0.11735744235199563,Calm,6501.85986328125
2025-08-29,-0.00639818429357164,0.11909687980647077,Calm,6460.259765625
2025-09-02,-0.006922279936861564,0.10632156639568754,Calm,6415.5400390625
2025-09-03,0.0051000736279842585,0.0957585231964866,Calm,6448.259765625
2025-09-04,0.008346486409699372,0.09667564295680368,Calm,6502.080078125
2025-09-05,-0.003165152978388819,0.09560935146970795,Calm,6481.5
2025-09-08,0.0021059789159529885,0.09543865177954372,Calm,6495.14990234375
2025-09-09,0.0026881536531127015,0.09256335115754574,Calm,6512.60986328125
2025-09-10,0.002983469943562689,0.09195128125420246,Calm,6532.0400390625
2025-09-11,0.008485890387959882,0.08843720875896104,Calm,6587.47021484375
2025-09-12,-0.00048276131466740146,0.08821940904317413,Calm,6584.2900390625
2025-09-15,0.004706619226962694,0.08917398814181804,Calm,6615.27978515625
2025-09-16,-0.0012879303382402618,0.08844005320231184,Calm,6606.759765625
2025-09-17,-0.0009701681605103207,0.08864729653524349,Calm,6600.35009765625
2025-09-18,0.004789119185128365,0.08571283176045354,Calm,6631.9599609375
2025-09-19,0.004885418870829605,0.08509393365808247,Calm,6664.35986328125
2025-09-22,0.004410046474333074,0.08260072346517615,Calm,6693.75
2025-09-23,-0.005502159197012135,0.07266260944437217,Calm,6656.919921875
2025-09-24,-0.002846617843333288,0.07142599125365617,Calm,6637.97021484375
2025-09-25,-0.0050090613431266195,0.07408199707665918,Calm,6604.72021484375
2025-09-26,0.005901836747171263,0.07587597098778781,Calm,6643.7001953125
2025-09-29,0.00263554421636214,0.07572703117450252,Calm,6661.2099609375
2025-09-30,0.0040908483833717035,0.07110433917979497,Calm,6688.4599609375
2025-10-01,0.003399920834961989,0.06403866402311809,Calm,6711.2001953125
2025-10-02,0.0006183547238911569,0.063319999280437,Calm,6715.35009765625
2025-10-03,6.551280273581206e-05,0.059125656007265374,Calm,6715.7900390625
2025-10-06,0.0036465919796933033,0.05695298727369948,Calm,6740.27978515625
2025-10-07,-0.0038114057910215715,0.06024081747968929,Calm,6714.58984375
2025-10-08,0.0058276636405680815,0.061920015297072396,Calm,6753.72021484375
2025-10-09,-0.002755570407195318,0.06363544168483017,Calm,6735.10986328125
2025-10-10,-0.02711167321141361,0.11383740281885762,Calm,6552.509765625
2025-10-13,0.015598671787557583,0.12633008620513742,Calm,6654.72021484375
2025-10-14,-0.0015643266604626893,0.125587842793888,Calm,6644.31005859375
2025-10-15,0.004026001159503689,0.12612193009157804,Calm,6671.06005859375
2025-10-16,-0.006294387099829435,0.1282304210931283,Calm,6629.06982421875
2025-10-17,0.0052707155502571545,0.12845643693574996,Calm,6664.009765625
2025-10-20,0.010672270853256949,0.13257931394523192,Normal,6735.1298828125
2025-10-21,3.2696450934288634e-05,0.13183297340286082,Normal,6735.35009765625
2025-10-22,-0.005337539220865439,0.13174244352959544,Normal,6699.39990234375
2025-10-23,0.0058273934429324825,0.1325264494497878,Normal,6738.43994140625
2025-10-24,0.00790242258787388,0.13300459943178977,Normal,6791.68994140625
2025-10-27,0.012290050865671143,0.13751533811257663,Normal,6875.16015625
2025-10-28,0.0022879438603986557,0.1374897946378087,Normal,6890.89013671875
2025-10-29,-4.3578255173426506e-05,0.13731139412137328,Normal,6890.58984375
2025-10-30,-0.00990481243951924,0.14257069249714857,Normal,6822.33984375
2025-10-31,0.0026179217059763005,0.14270306820463396,Normal,6840.2001953125
2025-11-03,0.0017207127269924793,0.14269391779511245,Normal,6851.97021484375
2025-11-04,-0.011736830084583816,0.14890761971013183,Normal,6771.5498046875
2025-11-05,0.0036535556982648654,0.14857926994185042,Normal,6796.2900390625
2025-11-06,-0.011178189042419073,0.15268800243322259,Normal,6720.31982421875
2025-11-07,0.0012618418007710464,0.15247210322550034,Normal,6728.7998046875
2025-11-10,0.01540101862170995,0.12605904476901414,Calm,6832.43017578125
2025-11-11,0.002075350517340535,0.11601446905872036,Calm,6846.60986328125
2025-11-12,0.0006295171887717999,0.11556095848318113,Calm,6850.919921875
2025-11-13,-0.01655685496159698,0.13084313577783022,Normal,6737.490234375
2025-11-14,-0.0005017255648851471,0.1285695923681525,Calm,6734.10986328125
2025-11-17,-0.00916226617680782,0.13189623038547954,Normal,6672.41015625
2025-11-18,-0.008256436690967983,0.12903399183564876,Calm,6617.31982421875
2025-11-19,0.0037538357962292324,0.12998004370994762,Calm,6642.16015625
2025-11-20,-0.015567283563270418,0.13915391077266456,Normal,6538.759765625
2025-11-21,0.009823035415319481,0.14231923964814291,Normal,6602.990234375
2025-11-24,0.015467217001293498,0.15041566689134725,Normal,6705.1201171875
2025-11-25,0.009061696817220577,0.14732239254461024,Normal,6765.8798828125
2025-11-26,0.006906711511012631,0.1493659172528301,Normal,6812.60986328125
2025-11-28,0.005354773163420257,0.15073886324981522,Normal,6849.08984375
2025-12-01,-0.005323329342915684,0.14784716425725342,Normal,6812.6298828125
2025-12-02,0.002457235261999813,0.14781199517265947,Normal,6829.3701171875
2025-12-03,0.0029797912994984355,0.14806447178316365,Normal,6849.72021484375
2025-12-04,0.0010803218396737702,0.14175750069335097,Normal,6857.1201171875
2025-12-05,0.001936641757662061,0.1414213991059148,Normal,6870.39990234375
2025-12-08,-0.003477255626794018,0.13577478570441953,Normal,6846.509765625
2025-12-09,-0.0008763589340257116,0.13590915008269297,Normal,6840.509765625
2025-12-10,0.00674955693920154,0.12724155726190273,Calm,6886.68017578125
2025-12-11,0.002079350841514227,0.1272422187616598,Calm,6901.0
2025-12-12,-0.010663649289958,0.13288278780959573,Normal,6827.41015625
2025-12-15,-0.0015965630269072495,0.11895686271302414,Calm,6816.509765625
2025-12-16,-0.0023839179519623555,0.11935098186901114,Calm,6800.259765625
2025-12-17,-0.011592143912241393,0.1220929966356325,Calm,6721.43017578125
2025-12-18,0.007934262269941872,0.12054023081683822,Calm,6774.759765625
2025-12-19,0.008818059450332205,0.12316769468173602,Calm,6834.5
2025-12-22,0.006436496360377575,0.10760167570680591,Calm,6878.490234375
2025-12-23,0.004550388765703239,0.10454812536318153,Calm,6909.7900390625
2025-12-24,0.0032214822012188726,0.09290438046967985,Calm,6932.0498046875
2025-12-26,-0.00030436354912266594,0.08901324568935176,Calm,6929.93994140625
2025-12-29,-0.00349205148036813,0.08783020744353913,Calm,6905.740234375
2025-12-30,-0.0013756671519022934,0.08638111155792397,Calm,6896.240234375
2025-12-31,-0.007357666300846111,0.08832743416755671,Calm,6845.5
2026-01-02,0.0018947067188299638,0.08817118946267419,Calm,6858.47021484375
2026-01-05,0.006354126864826393,0.09025355159472714,Calm,6902.0498046875
2026-01-06,0.006196712678341321,0.09246836922369503,Calm,6944.81982421875
2026-01-07,-0.003439923431013958,0.0933761484541295,Calm,6920.93017578125
2026-01-08,7.65482590914246e-05,0.09233914520038951,Calm,6921.4599609375
2026-01-09,0.006475487031883276,0.09441231580076548,Calm,6966.27978515625
2026-01-12,0.001577633215136931,0.09203426152258137,Calm,6977.27001953125
2026-01-13,-0.0019391230550597216,0.09229397727282475,Calm,6963.740234375
2026-01-14,-0.005333360445499591,0.08582935756400234,Calm,6926.60009765625
2026-01-15,0.0025799262171273263,0.08563983838446951,Calm,6944.47021484375
2026-01-16,-0.0006423023039563436,0.08500857998827482,Calm,6940.009765625
2026-01-20,-0.02062675805627745,0.10520893714615226,Calm,6796.85986328125
2026-01-21,0.011587741323274559,0.10912702582300324,Calm,6875.6201171875
2026-01-22,0.005487502192628835,0.1065959686898635,Calm,6913.35009765625
2026-01-23,0.0003268698377891788,0.1044370560910071,Calm,6915.60986328125
2026-01-26,0.005006083031276365,0.10468363537528955,Calm,6950.22998046875
2026-01-27,0.004081896177137168,0.10502818362530798,Calm,6978.60009765625
2026-01-28,-8.172305219089626e-05,0.10501381124205197,Calm,6978.02978515625
2026-01-29,-0.001292631274007694,0.10427360725842018,Calm,6969.009765625
2026-01-30,-0.004301899620894223,0.10540748706002531,Calm,6939.02978515625
2026-02-02,0.00539126612916796,0.10293645260129715,Calm,6976.43994140625
2026-02-03,-0.008403983020698336,0.10777955796392577,Calm,6917.81005859375
2026-02-04,-0.005072391906223106,0.10713571671949362,Calm,6882.72021484375
2026-02-05,-0.012251015567674717,0.11237970243351697,Calm,6798.39990234375
2026-02-06,0.0196957966973359,0.1327557787695739,Normal,6932.2998046875
2026-02-09,0.004691086716887227,0.1336995124357096,Normal,6964.81982421875
2026-02-10,-0.003303712975458173,0.1323215427909632,Normal,6941.81005859375
2026-02-11,-4.895607156218951e-05,0.13217625545502296,Normal,6941.47021484375
2026-02-12,-0.01566101212770199,0.1425738688837406,Normal,6832.759765625
2026-02-13,0.0004990891480125548,0.14169973279197007,Normal,6836.169921875
2026-02-17,0.0010313220779065713,0.14136470950258198,Normal,6843.22021484375
2026-02-18,0.005566070147410729,0.1430016894522189,Normal,6881.31005859375
2026-02-19,-0.0028221256867719813,0.12313760490218734,Calm,6861.89013671875
2026-02-20,0.006939724763506794,0.11883316462118158,Calm,6909.509765625
2026-02-23,-0.010385652247284827,0.12269521158847081,Calm,6837.75
2026-02-24,0.0076516140863223114,0.12589538928516128,Calm,6890.06982421875
2026-02-25,0.008136355657339944,0.12795961387481714,Calm,6946.1298828125
2026-02-26,-0.005365580569328343,0.12834947448651346,Calm,6908.85986328125
2026-02-27,-0.00433935281103115,0.12904231166657962,Calm,6878.8798828125
2026-03-02,0.0003983547353176853,0.12906912456456404,Calm,6881.6201171875
2026-03-03,-0.009444031095625416,0.13213559550177842,Normal,6816.6298828125
2026-03-04,0.007756049264286302,0.1337786172083969,Normal,6869.5
2026-03-05,-0.005646704863891072,0.13210888482206282,Normal,6830.7099609375
2026-03-06,-0.013276795812569242,0.1385327699892458,Normal,6740.02001953125
2026-03-09,0.008304161513105202,0.1356958144374115,Normal,6795.990234375
2026-03-10,-0.0021351198877325173,0.11535525787561611,Calm,6781.47998046875
2026-03-11,-0.0008376012017449197,0.11348001231938808,Calm,6775.7998046875
2026-03-12,-0.015227676506708532,0.12324970776441659,Calm,6672.6201171875
2026-03-13,-0.006059115470564369,0.12389817740811045,Calm,6632.18994140625
2026-03-16,0.010130883162251969,0.12060133047307109,Calm,6699.3798828125
2026-03-17,0.0024942548757938,0.12109225492229715,Calm,6716.08984375
2026-03-18,-0.013607567880073446,0.1286604471512908,Calm,6624.7001953125
2026-03-19,-0.002748797741878972,0.12609470939114265,Calm,6606.490234375
2026-03-20,-0.015138182356779217,0.13417735976579712,Normal,6506.47998046875
2026-03-23,0.011453200463990454,0.13900055553948212,Normal,6581.0
2026-03-24,-0.0037425745042546366,0.1359920850905758,Normal,6556.3701171875
2026-03-25,0.005419124381509377,0.1342113720385428,Normal,6591.89990234375
2026-03-26,-0.017406172392416708,0.1388236039569635,Normal,6477.16015625
2026-03-27,-0.01672184352107431,0.1463370044422752,Normal,6368.85009765625
2026-03-30,-0.003945748828622642,0.14632600603160112,Normal,6343.72021484375
2026-03-31,0.02913114047102594,0.18537619705727917,Elevated,6528.52001953125
2026-04-01,0.007168516684867399,0.18639768275377233,Elevated,6575.31982421875
2026-04-02,0.0011208758485563575,0.18357493845311584,Elevated,6582.68994140625
2026-04-06,0.0044267825126402816,0.184344605596141,Elevated,6611.830078125
2026-04-07,0.0007592481161695641,0.17937788912348404,Normal,6616.85009765625
2026-04-08,0.025081414644149813,0.19852091378686987,Elevated,6782.81005859375
2026-04-09,0.006170023529293189,0.1994874338109352,Elevated,6824.66015625
2026-04-10,-0.0011385210916523558,0.1995132441035475,Elevated,6816.89013671875
2026-04-13,0.010173274948748201,0.19382593847383497,Elevated,6886.240234375
2026-04-14,0.011782866364792755,0.19482625047866314,Elevated,6967.3798828125
2026-04-15,0.007975783355387733,0.19389260906767994,Elevated,7022.9501953125
2026-04-16,0.0026099558353673835,0.19389433811140966,Elevated,7041.27978515625
2026-04-17,0.012040463669150903,0.1875932767303727,Elevated,7126.06005859375
2026-04-20,-0.002374372617670484,0.18743938483529693,Elevated,7109.14013671875
2026-04-21,-0.006348217959672997,0.17865610877757335,Normal,7064.009765625
2026-04-22,0.010460084168953943,0.17816531113167913,Normal,7137.89990234375
2026-04-23,-0.004132868267081369,0.1783822339983846,Normal,7108.39990234375
2026-04-24,0.007973689797975636,0.17887215071119772,Normal,7165.080078125
2026-04-27,0.0012323767534654362,0.16152913350182868,Normal,7173.91015625
2026-04-28,-0.004894172187521972,0.1460072045281085,Normal,7138.7998046875
2026-04-29,-0.0003991720531409948,0.14361687997488504,Normal,7135.9501953125
2026-04-30,0.010238239941821936,0.1171902181889105,Calm,7209.009765625
2026-05-01,0.002928328889657106,0.11701183420933246,Calm,7230.1201171875
2026-05-04,-0.004062189384334225,0.12026169280581937,Calm,7200.75
2026-05-05,0.008120017337603702,0.12098534782947337,Calm,7259.22021484375
2026-05-06,0.014588330317794274,0.12503516239818266,Calm,7365.1201171875
2026-05-07,-0.003803095327784889,0.10551482998215456,Calm,7337.10986328125
2026-05-08,0.008425703533400997,0.10644688950953095,Calm,7398.93017578125
2026-05-11,0.0018799566475542484,0.10516102032802926,Calm,7412.83984375
2026-05-12,-0.0016026088601545085,0.10438787412476584,Calm,7400.9599609375
2026-05-13,0.005849246488426552,0.100372698028456,Calm,7444.25
2026-05-14,0.007655604577358366,0.10018575371929074,Calm,7501.240234375
2026-05-15,-0.012363320128051747,0.11373466510524415,Calm,7408.5
2026-05-18,-0.0007356678561787344,0.10865548697052753,Calm,7403.0498046875
2026-05-19,-0.006678320788135905,0.11173795237460475,Calm,7353.60986328125
2026-05-20,0.010792026370445518,0.11208329051043533,Calm,7432.97021484375
2026-05-21,0.0017153304306989359,0.10823761315858671,Calm,7445.72021484375
2026-05-22,0.0037269732409066503,0.10599584980413497,Calm,7473.47021484375
2026-05-26,0.006108260424063872,0.10495372665646849,Calm,7519.1201171875
2026-05-27,0.00016487914469087706,0.10515807057942635,Calm,7520.35986328125
2026-05-28,0.005753716619668614,0.10245296879674168,Calm,7563.6298828125
2026-05-29,0.002172260678511728,0.10183411646062407,Calm,7580.06005859375
2026-06-01,0.0026252961308912415,0.0982731722749499,Calm,7599.9599609375
2026-06-02,0.0012920889411551784,0.09835433927103811,Calm,7609.77978515625
2026-06-03,-0.007372041104846239,0.10172954791509554,Calm,7553.68017578125
