Date,returns,vol,regime,price,mom_5,mom_21,drawdown
2015-01-02,,,,2058.199951171875,,,
2015-01-05,-0.0182781051451137,,,2020.5799560546875,,,
2015-01-06,-0.0088934717229465,,,2002.6099853515625,,,
2015-01-07,0.0116298426717429,,,2025.9000244140625,,,
2015-01-08,0.0178882806295161,,,2062.139892578125,,,
2015-01-09,-0.0084038110347154,,,2044.81005859375,-0.0012114529203033203,,
2015-01-12,-0.0080936851609125,,,2028.260009765625,0.00082543107653692,,
2015-01-13,-0.0025785552362955,,,2023.030029296875,0.00208841437386712,,
2015-01-14,-0.0058130673273852,,,2011.27001953125,-0.0014001676259585004,,
2015-01-15,-0.0092478759218379,,,1992.6700439453125,-0.006827398936229301,,
2015-01-16,0.0134241993958204,,,2019.4200439453125,-0.00246179685012214,,
2015-01-20,0.0015499523698385,,,2022.550048828125,-0.0005330693439719402,,
2015-01-21,0.0047316239687653,,,2032.1199951171875,0.0009289664970402198,,
2015-01-22,0.0152697219165804,,,2063.14990234375,0.00514552434583334,,
2015-01-23,-0.0054915224393071,,,2051.820068359375,0.005896795042339501,,
2015-01-26,0.0025684608570302,,,2057.090087890625,0.0037256473345814597,,
2015-01-27,-0.013387862410411,,,2029.550048828125,0.0007380843785315602,,
2015-01-28,-0.0134956093663483,,,2002.1600341796875,-0.00290736228849116,,
2015-01-29,0.0095346852870998,,,2021.25,-0.00405436961438728,,
2015-01-30,-0.0129919652520098,,,1994.989990234375,-0.00555445817692782,,
2015-02-02,0.0129624637106697,,,2020.8499755859373,-0.00347565760619992,,
2015-02-03,0.0144394952932995,0.1810908948988032,Elevated,2050.030029296875,0.00208981393454218,-0.00012746690080571915,
2015-02-04,-0.0041560462088314,0.1694925613306156,Normal,2041.510009765625,0.00395772656604556,0.0005450120961601047,
2015-02-05,0.0102914066867774,0.1690601186490538,Normal,2062.52001953125,0.004109070845981081,0.0014585777347183855,
2015-02-06,-0.0034181723141418,0.1656550380412073,Normal,2055.469970703125,0.00602382943355468,0.0007420055925334001,
2015-02-09,-0.0042471943609877,0.1541327704289662,Normal,2046.739990234375,0.0025818978192232002,-0.000312064645109638,
2015-02-10,0.0106755610192323,0.1556748762307532,Normal,2068.590087890625,0.00182911096440976,0.0005964768812688238,
2015-02-11,-2.903358867545336e-05,0.1524763440637013,Normal,2068.530029296875,0.0026545134884409494,0.0009805079085182069,
2015-02-12,0.0096445064317758,0.1547436835556772,Normal,2088.47998046875,0.0025251334374406294,0.0015625584641406499,
2015-02-13,0.0040747384917307,0.1525812157695929,Normal,2096.989990234375,0.0040237155986151294,0.002033406360289026,
2015-02-17,0.0015975744623728,0.1470009460349976,Normal,2100.340087890625,0.005192669363287229,0.002549856378584774,
2015-02-18,-0.0003143092177338,0.1418077104074847,Normal,2099.679931640625,0.002994695315894009,0.0018956416827012404,
2015-02-19,-0.0010620573331896,0.1421761303877386,Normal,2097.449951171875,0.00278809056699118,0.0017712602682713311,
2015-02-20,0.0061265336267357,0.1426235016166148,Normal,2110.300048828125,0.00208449600598316,0.001837684537698493,
2015-02-23,-0.0003033391953459,0.1340910956788967,Normal,2109.659912109375,0.0012088804685678402,0.0010961101990353357,
2015-02-24,0.0027587708928666,0.1320136830032046,Normal,2115.47998046875,0.0014411197546666,0.0014889813100912262,
2015-02-25,-0.0007657236475081,0.1321753172855633,Normal,2113.860107421875,0.0013508368687117401,0.001330210619398926,
2015-02-26,-0.0014760282274807,0.121470041730833,Calm,2110.739990234375,0.0012680426898535198,0.0018974408185860835,
2015-02-27,-0.0029563045487578,0.1095428992754243,Calm,2104.5,-0.00054852494524518,0.0023993124765665833,
2015-03-02,0.0061249192578403,0.107359443219531,Calm,2117.389892578125,0.00073712674539206,0.002236942665649464,
2015-03-03,-0.0045385421527393,0.0956002984512203,Calm,2107.780029296875,-0.00072233586372912,0.0026394866227575833,
2015-03-04,-0.0043885034830155,0.0907657764107242,Calm,2098.530029296875,-0.0014468918308306,0.0018132500897249547,
2015-03-05,0.0011960799848387,0.0782896839219037,Calm,2101.0400390625,-0.0009124701883667201,0.0011826112655125354,
2015-03-06,-0.0141739465898818,0.0931736252463102,Calm,2071.260009765625,-0.0031559985965915202,0.0007055683902244213,
2015-03-09,0.0039444211911976,0.0873586715158086,Calm,2079.429931640625,-0.0035920982099200602,0.00040333098567300223,
2015-03-10,-0.0169613300858424,0.1055309175334016,Calm,2044.1600341796875,-0.00607665579654068,-0.00024158128916988345,
2015-03-11,-0.0019176795748703,0.1047222499098172,Calm,2040.239990234375,-0.00558249101491164,-0.00013065201364048345,
2015-03-12,0.0126014395662084,0.1074044056891011,Calm,2065.949951171875,-0.0033014190986377,-3.894351140352629e-05,
2015-03-13,-0.0060747109681946,0.1094202867562725,Calm,2053.39990234375,-0.00168157197430026,-0.00032683291042824754,
2015-03-16,0.013533671171787,0.1145930493228538,Calm,2081.18994140625,0.00023627802181761976,-0.00014163458947533315,
2015-03-17,-0.003320173700583,0.1140265539675491,Calm,2074.280029296875,0.002964509298869499,-0.0004937732652997951,
2015-03-18,0.0121584214025691,0.1220533089627747,Calm,2099.5,0.005779729494357379,9.124208042885815e-06,
2015-03-19,-0.0048725794087878,0.1232213310971553,Calm,2089.27001953125,0.0022849256993581397,-0.00020793627724539982,
2015-03-20,0.0090127546697984,0.1272189833775892,Calm,2108.10009765625,0.005302418826956739,0.0002718166752778382,
2015-03-23,-0.0017457310425351,0.1255662189145004,Calm,2104.419921875,0.002246538384092319,-0.00010305307087791418,
2015-03-24,-0.0061394219569488,0.1272990558241779,Calm,2091.5,0.0016826887328191594,-0.0003809617738113856,
2015-03-25,-0.0145589056523428,0.1357706751138484,Normal,2061.050048828125,-0.00366077667816322,-0.001205613037868976,
2015-03-26,-0.0023774999967425,0.1358196716728284,Normal,2056.14990234375,-0.003161760795754161,-0.0012823642925944238,
2015-03-27,0.0023685613495147,0.1364023121915267,Normal,2061.02001953125,-0.004490599459810901,-0.0010992885984517857,
2015-03-30,0.0122366451873965,0.1437515842403628,Normal,2086.239990234375,-0.0016941242138245806,-0.000375814801492057,
2015-03-31,-0.0087957750508792,0.1445398134089337,Normal,2067.889892578125,-0.002225394832610661,-0.0010863240542882237,
2015-04-01,-0.003965371271123,0.1443808728473063,Normal,2059.68994140625,-0.00010668795636670087,-0.0010590302027826857,
2015-04-02,0.0035296669586522,0.1446853462920151,Normal,2066.9599609375,0.001074745434712239,-0.000681974467465176,
2015-04-06,0.0066088151237357,0.1467705359303446,Normal,2080.6201171875,0.0019227961895564392,-0.0004242251751367475,
2015-04-07,-0.0020619040578628,0.1382218195592286,Normal,2076.330078125,-0.0009369136594954208,0.00015253875495939537,
2015-04-08,0.0026825331277673,0.1378542689735691,Normal,2081.89990234375,0.0013587479762338793,9.244884717700013e-05,
2015-04-09,0.004457481018385,0.123709898675305,Calm,2091.179931640625,0.0030433184341354795,0.0011123922330925906,
2015-04-10,0.0052028650373423,0.1239711890226144,Calm,2102.06005859375,0.0033779580498734993,0.0014514657860550955,
2015-04-13,-0.0045812805936512,0.1186752578070967,Calm,2092.429931640625,0.0011399389063961195,0.0006332410165379715,
2015-04-14,0.0016297588743277,0.1161626295122149,Calm,2095.840087890625,0.0018782714928342193,0.0010001205328485573,
2015-04-15,0.0051481956969028,0.1081158470751192,Calm,2106.6298828125,0.002371404006661319,0.0006008121769016906,
2015-04-16,-0.0007784436134247,0.1073099048496632,Calm,2104.989990234375,0.001324219080299379,0.0007218469429568478,
2015-04-17,-0.0113112455186064,0.106589500011584,Calm,2081.179931640625,-0.0019786030308903612,-0.0003957562437657952,
2015-04-20,0.0092351316726246,0.1102636699746394,Calm,2100.39990234375,0.0007846794223647991,0.0002760395220157477,
2015-04-21,-0.0014806053255762,0.1056841106040726,Calm,2097.2900390625,0.00016260658238401916,-0.00022364428728780469,
2015-04-22,0.0050874803562075,0.1070856942273513,Calm,2107.9599609375,0.00015046351424495926,0.00010174673169993819,
2015-04-23,0.0023577158936711,0.1048682694928891,Calm,2112.929931640625,0.0007776954156641193,0.0005063723436342192,
2015-04-24,0.0022528005753266,0.0894789094625875,Calm,2117.68994140625,0.0034905046344507196,0.0013069297830470474,
2015-04-27,-0.0041413142499162,0.0905956604987936,Calm,2108.919921875,0.0008152154499425591,0.0012229386281340144,
2015-04-28,0.0027692316953564,0.0906701018618321,Calm,2114.760009765625,0.001665182854129079,0.0012420181684121906,
2015-04-29,-0.003740335580798,0.0828104977974431,Calm,2106.85009765625,-0.00010038033327202091,0.00048120956040292856,
2015-04-30,-0.0101289066148392,0.0847971988685638,Calm,2085.510009765625,-0.002597704834974081,0.00041772710497626185,
2015-05-01,0.010923001659165,0.0905872352879279,Calm,2108.2900390625,-0.0008636646182064008,0.0011266972445137858,
2015-05-04,0.0029407486906458,0.090413202820283,Calm,2114.489990234375,0.0005527479699059992,0.0010986535174658618,
2015-05-05,-0.0118373836776123,0.0984699321069345,Calm,2089.4599609375,-0.0023685751046877406,0.0002202630983540524,
2015-05-06,-0.0044557248130147,0.0995126231203401,Calm,2080.14990234375,-0.0025116529511310806,0.0001062716338230095,
2015-05-07,0.003773813438832,0.0999394854084207,Calm,2088.0,0.0002688910596031592,0.0001582373629213285,
2015-05-08,0.0134579011763649,0.1092479083612665,Calm,2116.10009765625,0.0007758709630431391,0.0005868287990156094,
2015-05-11,-0.0050895605284355,0.1095858407503473,Calm,2105.330078125,-0.0008301908807731211,9.671329588333322e-05,
2015-05-12,-0.0029496376848567,0.1088515348715845,Calm,2099.1201171875,0.0009473583177779989,0.0001744105772544999,
2015-05-13,-0.0003049547824864,0.1087318667871419,Calm,2098.47998046875,0.001777512323883659,8.228135550144751e-05,
2015-05-14,0.0107792866255731,0.1136749752925903,Calm,2121.10009765625,0.0031786069612318793,0.00035042854258098563,
2015-05-15,0.0007684139066803,0.1136076972548535,Calm,2122.72998046875,0.000640709507294959,0.0004240884244907475,
2015-05-18,0.0030479480492833,0.1055201207184604,Calm,2129.199951171875,0.0022682112228387193,0.0011078595467712094,
2015-05-19,-0.0006433745436266,0.1014017984562361,Calm,2127.830078125,0.002729463851084739,0.0006374544888544856,
2015-05-20,-0.0009305162517933,0.1012748480259414,Calm,2125.85009765625,0.002604351557223359,0.0006636492066536713,
2015-05-21,0.0023378744854138,0.1002037487876007,Calm,2130.820068359375,0.0009160691291914991,0.0005327155937587333,
2015-05-22,-0.0022338863033564,0.100412236207416,Calm,2126.06005859375,0.00031560908718415904,0.000314067870090757,
2015-05-26,-0.0102819801978378,0.1065629667131807,Calm,2104.199951171875,-0.0023503765622400604,-0.00028282645244088106,
2015-05-27,0.0091626412623655,0.1103902771168273,Calm,2123.47998046875,-0.0003891734010416408,0.0003506952386201522,
2015-05-28,-0.0012667608976734,0.1101612545171066,Calm,2120.7900390625,-0.00045642233021766094,0.00015850511514254272,
2015-05-29,-0.0063184691730722,0.1116627373893376,Calm,2107.389892578125,-0.0021876910619148607,3.573684884377127e-05,
2015-06-01,0.0020594612823712,0.1054950436298014,Calm,2111.72998046875,-0.0013290215447693409,0.0006161353201395046,
2015-06-02,-0.001008596189948,0.0986839929996529,Calm,2109.60009765625,0.0005256552568086191,4.7963993991266474e-05,
2015-06-03,0.0021188711112078,0.0984211506351029,Calm,2114.070068359375,-0.0008830987734229211,8.826966398980757e-06,
2015-06-04,-0.0086231675768898,0.0940806825721049,Calm,2095.840087890625,-0.0023543801092662012,0.00016188487595719496,
2015-06-05,-0.0014361829335245,0.0927858888626635,Calm,2092.830078125,-0.0013779228613566613,0.0003056725845043473,
2015-06-08,-0.0064745097892824,0.0947305889472869,Calm,2079.280029296875,-0.0030847170756873816,-0.00018234280731062406,
2015-06-09,0.0004183530042218,0.0808214346221315,Calm,2080.14990234375,-0.0027993272368534213,-0.0008032736726507717,
2015-06-10,0.0120424248271244,0.0905740677525995,Calm,2105.199951171875,-0.0008146164936701013,1.253515380446167e-05,
2015-06-11,0.0017386264178671,0.0900969249667216,Calm,2108.860107421875,0.001257742305281279,0.00023578582536273787,
2015-06-12,-0.0069942998817651,0.0935177918699455,Calm,2094.110107421875,0.00014611891563315882,-8.275441746005737e-05,
2015-06-15,-0.0046225724936533,0.0858855913159635,Calm,2084.429931640625,0.0005165063747589788,-0.000816176280280362,
2015-06-16,0.0056898566086796,0.0886763971650046,Calm,2096.2900390625,0.0015708070956505387,-0.000581821865899443,
2015-06-17,0.001979641302692,0.0882013635498992,Calm,2100.43994140625,-0.00044174960923594117,-0.0006326936157371241,
2015-06-18,0.0099027105789082,0.0954530297645905,Calm,2121.239990234375,0.0011910672229722787,-0.00013049908609260975,
2015-06-19,-0.0053035017498218,0.0971026168366165,Calm,2109.989990234375,0.0015292268493609389,-0.00033873649076063354,
2015-06-22,0.006094866554531,0.0992557777960033,Calm,2122.85009765625,0.0036727146589977987,-0.00015983210651695733,
2015-06-23,0.0006358685039113,0.0989976982423702,Calm,2124.199951171875,0.0026619170380441388,-2.3177115694685933e-05,
2015-06-24,-0.0073532969616433,0.0956365092999981,Calm,2108.580078125,0.0007953293851770791,0.0001162839907907664,
2015-06-25,-0.0029735743006855,0.090261416969356,Calm,2102.31005859375,-0.001779927590741661,-0.000461631036021186,
2015-06-26,-0.0003900796440671,0.0902139623822113,Calm,2101.489990234375,-0.0007972431695907212,-0.0004198843096589812,
2015-06-29,-0.0208661939195624,0.1133165101596447,Calm,2057.639892578125,-0.0061894552644094014,-0.0011126331071108955,
2015-06-30,0.0026584898861461,0.1135465627611093,Calm,2063.110107421875,-0.005784930987962442,-0.0010841079355025669,
2015-07-01,0.0069360401084006,0.1168988737428939,Calm,2077.419921875,-0.0029270635739536617,-0.0007057919212954907,
2015-07-02,-0.0003080227407983,0.1164614720945305,Calm,2076.780029296875,-0.0023939532619762214,-0.0008213582952005432,
2015-07-06,-0.0038617568630825,0.1135746753685376,Calm,2068.760009765625,-0.0030882887057793016,-0.0005946244516859098,
2015-07-07,0.0060809751085748,0.1158355750064043,Calm,2081.340087890625,0.0023011450998481385,-0.00023666454491927638,
2015-07-08,-0.016652749054007,0.1275186032802238,Calm,2046.6800537109373,-0.0015611026881824815,-0.0007213426051442574,
2015-07-09,0.0022622025726091,0.1278856814666766,Calm,2051.31005859375,-0.0024958701953407816,-0.0006335402447448622,
2015-07-10,0.0123384851001515,0.1282590002937686,Calm,2076.6201171875,3.3431372849178356e-05,-0.0006194421365054764,
2015-07-13,0.0110660492396044,0.1343452546836853,Normal,2099.60009765625,0.0030189925933865585,-0.00017527914499417647,
2015-07-14,0.0044531592116336,0.1328685654195375,Normal,2108.949951171875,0.002693429413998318,0.00036983795469147597,
2015-07-15,-0.000734986066058,0.1317054412410928,Normal,2107.39990234375,0.005876982011588119,0.0005549611179102998,
2015-07-16,0.0080146804125622,0.1330864818389845,Normal,2124.2900390625,0.007027477579578739,0.0006656670133332808,
2015-07-17,0.0011061829940426,0.1330121976245782,Normal,2126.639892578125,0.004781017158356958,0.0006240737605404523,
2015-07-20,0.0007712338720222,0.1286767818545384,Calm,2128.280029296875,0.0027220540848405185,0.00018924153640302357,
2015-07-21,-0.0042616893616069,0.1281660406794456,Calm,2119.2099609375,0.0009790843701924187,0.00023885165012754264,
2015-07-22,-0.0023877098952062,0.1266419995514695,Calm,2114.14990234375,0.0006485396043627784,-0.00016508056176470502,
2015-07-23,-0.0056760402782682,0.1280190584270863,Calm,2102.14990234375,-0.002089604533803301,-0.00046564764663039546,
2015-07-24,-0.0107033280428355,0.1307861329399821,Normal,2079.64990234375,-0.004451506741178922,-0.0006251729362109765,
2015-07-27,-0.0057750151850509,0.1317762417628471,Normal,2067.639892578125,-0.005760756552593542,-0.0007585748830855193,
2015-07-28,0.0123861546267334,0.1394360246589219,Normal,2093.25,-0.002431187754925481,-0.00015018277495216215,
2015-07-29,0.00731879534665,0.1194208462029651,Calm,2108.570068359375,-0.0004898867065542413,0.001191959571057952,
2015-07-30,2.836730636679441e-05,0.1193614207018247,Calm,2108.6298828125,0.0006509948103727575,0.001066715638687509,
2015-07-31,-0.002271519985995,0.1179094412288406,Calm,2103.840087890625,0.0023373564217408576,0.0006282603960972423,
2015-08-03,-0.0027568867336966,0.1184583423263459,Calm,2098.0400390625,0.0029409821120117176,0.0005116478250068471,
2015-08-04,-0.0022497047793397,0.1178384465062822,Calm,2093.320068359375,1.3810230797097791e-05,0.0005884122099469804,
2015-08-05,0.0031146787487494,0.1165371773168178,Calm,2099.840087890625,-0.0008270130887830223,0.000447160002336247,
2015-08-06,-0.0077529852824311,0.1034230024274298,Calm,2083.56005859375,-0.0023832836065426012,0.0008709582771731947,
2015-08-07,-0.002874882444434,0.1040811714341206,Calm,2077.570068359375,-0.002503956098230401,0.0006263351811235232,
2015-08-10,0.0128081664664447,0.1047576351119534,Calm,2104.179931640625,0.0006090545417978589,0.0006487009604708184,
2015-08-11,-0.0095571024981548,0.1032666606312914,Calm,2084.070068359375,-0.0008524250019651613,-0.00033335388418438157,
2015-08-12,0.0009500546545004,0.1019250664422673,Calm,2086.050048828125,-0.0012853498208149612,-0.00050016838690501,
2015-08-13,-0.0012752120935421,0.1019579228685248,Calm,2083.389892578125,1.0204816962838814e-05,-0.0005258934358328244,
2015-08-14,0.0039119641087868,0.098561700010175,Calm,2091.5400390625,0.0013675741276069988,-0.0007212608788697483,
2015-08-17,0.0052114241851357,0.1005270990223525,Calm,2102.43994140625,-0.00015177432865480094,-0.0005257732031034102,
2015-08-18,-0.0026255301863975,0.1006634586623265,Calm,2096.919921875,0.0012345401336966591,-0.0006875238725519673,
2015-08-19,-0.008254876246131,0.1033641167852745,Calm,2079.610107421875,-0.000606446046429621,-0.0008776756289578767,
2015-08-20,-0.0211001700734777,0.1248922628627192,Calm,2035.72998046875,-0.004571437642416741,-0.0017687451612565196,
2015-08-21,-0.0318509657186373,0.1624711715209251,Normal,1970.8900146484373,-0.011724023607901559,-0.0030151701822264767,
2015-08-24,-0.0394136928664656,0.2045744205501917,Elevated,1893.2099609375,-0.020649047018221824,-0.004382330411923148,
2015-08-25,-0.0135219949789724,0.2069849444637297,Elevated,1867.6099853515625,-0.0228283399767368,-0.004751234211633696,
2015-08-26,0.0390338587745018,0.2507431055385075,Crisis,1940.510009765625,-0.01337059297261024,-0.0034822959188828195,
2015-08-27,0.0242977486211253,0.2663700097030627,Crisis,1987.6600341796875,-0.004291009233689639,-0.0026737743343839956,
2015-08-28,0.0006087363616984,0.2664517660680034,Crisis,1988.8699951171875,0.002200931182377501,-0.0026461377127015378,
2015-08-31,-0.0083916703692171,0.2671857819296541,Crisis,1972.1800537109373,0.008405335681827202,-0.002937573445235924,
2015-09-01,-0.0295764466409867,0.2826616173962747,Crisis,1913.8499755859373,0.005194445349424341,-0.004214695345583071,
2015-09-02,0.0182929750044313,0.2932214824929587,Crisis,1948.8599853515625,0.0010462685954102408,-0.0032364724987368337,
2015-09-03,0.0011647935451044,0.2927667761611602,Crisis,1951.1300048828125,-0.0035803224197939396,-0.0033293241751008807,
2015-09-04,-0.0153295957239322,0.2953740979299973,Crisis,1921.219970703125,-0.006767988836920059,-0.003690115148505695,
2015-09-08,0.0250830535864803,0.3117691068928908,Crisis,1969.4100341796875,-7.30440457805799e-05,-0.0023587848613193002,
2015-09-09,-0.0138975605090728,0.3091135807915653,Crisis,1942.0400390625,0.0030627331806022005,-0.003630486145867753,
2015-09-10,0.0052779550337942,0.3098007848774565,Crisis,1952.2900390625,0.00045972918647478063,-0.0029240548348225615,
2015-09-11,0.0044870432109727,0.3105993517808978,Crisis,1961.050048828125,0.0011241791196484406,-0.0027556268083238807,
2015-09-14,-0.0040896557107467,0.3105833439494739,Crisis,1953.030029296875,0.0033721671222855408,-0.0028896479329526717,
2015-09-15,0.0128313114225178,0.3145559605336221,Crisis,1978.0899658203125,0.0009218186894930407,-0.00246491710848929,
2015-09-16,0.0087054143496938,0.3158604733915893,Crisis,1995.31005859375,0.005442413661246361,-0.002298536624462714,
2015-09-17,-0.0025610593200119,0.3158597113811803,Crisis,1990.199951171875,0.0038746107904851406,-0.002295466583206257,
2015-09-18,-0.0161641657442799,0.3189135211056357,Crisis,1958.030029296875,-0.00025563100056537927,-0.002672099416451443,
2015-09-21,0.0045657836051984,0.3125568477645096,Crisis,1966.969970703125,0.001475456862623641,-0.001449911146038295,
2015-09-22,-0.0123184292742856,0.2954759182115497,Crisis,1942.739990234375,-0.0035544912767370386,-0.0005197903629739286,
2015-09-23,-0.0020486428903282,0.2596869499362217,Crisis,1938.760009765625,-0.0057053027247414385,0.0012594977311278525,
2015-09-24,-0.0033629843293694,0.2547383193021368,Crisis,1932.239990234375,-0.00586568772661294,0.0017432601430137098,
2015-09-25,-0.0004657932858295,0.2156282601253371,Elevated,1931.3399658203125,-0.002726013234922859,-0.00013767566938301885,
2015-09-28,-0.0256660904689601,0.213742371697627,Elevated,1881.77001953125,-0.008772388049754559,-0.0025169061022442285,
2015-09-29,0.001232853252514,0.2138682656013009,Elevated,1884.0899658203125,-0.006062131544394639,-0.0024871862503006285,
2015-09-30,0.0190755559068616,0.2251801196136371,Elevated,1920.030029296875,-0.0018372917849566787,-0.001179223094296881,
2015-10-01,0.0019738842280374,0.2001834995156344,Elevated,1923.8199462890625,-0.0007699180734753187,0.0003231736137518858,
2015-10-02,0.0143152892845419,0.1961174293084643,Elevated,1951.3599853515625,0.002186298440598961,0.00013376000804286685,
2015-10-05,0.0182898408005083,0.2059762043326103,Elevated,1987.050048828125,0.010977484694492641,0.0009492384487763859,
2015-10-06,-0.0035882361830883,0.1981511866870936,Elevated,1979.9200439453125,0.01001326680737218,0.0015083508078641904,
2015-10-07,0.0080356336398674,0.1806203008420414,Elevated,1995.8299560546875,0.00780528235397334,0.0006965689056445288,
2015-10-08,0.008818435459823,0.1745324671507533,Normal,2013.4300537109373,0.00917419260033046,0.0017782829994014717,
2015-10-09,0.0007251113267179,0.1740942260175691,Normal,2014.8900146484373,0.006456157008765661,0.001561480918112124,
2015-10-12,0.0012754772073804,0.1737693855939325,Normal,2017.4599609375,0.0030532842901400802,0.0014085492036553478,
2015-10-13,-0.0068254239478691,0.1751132954001016,Normal,2003.68994140625,0.0024058467371839204,0.0012782745256971384,
2015-10-14,-0.0047162741982138,0.1710290506764861,Normal,1994.239990234375,-0.00014453483043231995,0.00044267521042420504,
2015-10-15,0.0148527736191401,0.1760239357113962,Normal,2023.8599853515625,0.0010623328014311,0.0007354066042073622,
2015-10-16,0.00457047427537,0.1760747227508325,Normal,2033.1099853515625,0.0018314053911615204,0.0010750034420826907,
2015-10-19,0.0002705455347167,0.1646323827481265,Normal,2033.6600341796875,0.0016304190566287801,0.0018576087410825286,
2015-10-20,-0.0014210903493528,0.1646977629691051,Normal,2030.77001953125,0.0027112857763320402,0.0015725195051515192,
2015-10-21,-0.0058254149958992,0.1592431219713302,Normal,2018.93994140625,0.00248945761679496,0.0018817106612651572,
2015-10-22,0.0166275715641113,0.1664157437290989,Normal,2052.510009765625,0.0028444172057892005,0.0027710542067146578,
2015-10-23,0.0110303445393233,0.1671984630808888,Normal,2075.14990234375,0.00413639125857986,0.003456450819509548,
2015-10-26,-0.0019131006866738,0.1677006711459006,Normal,2071.179931640625,0.0036996620143017606,0.0033875314194693434,
2015-10-27,-0.0025541185397203,0.1327102649510286,Normal,2065.889892578125,0.0034730563762282603,0.004488101511337905,
2015-10-28,0.011840033278637,0.1345066196587078,Normal,2090.35009765625,0.0070061460311355,0.0049932053221056665,
2015-10-29,-0.0004497742019048,0.1254505353382139,Calm,2089.409912109375,0.003590676877932281,0.0040634276978786955,
2015-10-30,-0.0048098770036724,0.1290243345512552,Calm,2079.360107421875,0.00042263256933314025,0.0037403914487496573,
2015-11-02,0.0118738170065511,0.1267603514010042,Calm,2104.050048828125,0.0031800161079781203,0.003624130864083429,
2015-11-03,0.0027280673468637,0.1149911123664587,Calm,2109.7900390625,0.004236453285294921,0.0028830940329574953,
2015-11-04,-0.0035453672309846,0.1149608064245559,Calm,2102.31005859375,0.0011593731833706,0.0028851354116291,
2015-11-05,-0.0011321483923818,0.1141694174707133,Calm,2099.929931640625,0.0010228983452751999,0.0024485743624743763,
2015-11-06,-0.0003476213457177,0.1121227676953968,Calm,2099.199951171875,0.00191534947686614,0.0020120954669724384,
2015-11-09,-0.0098227293857185,0.1193678597174642,Calm,2078.580078125,-0.00242395980158778,0.0015098173378088001,
2015-11-10,0.0015105949543003,0.1193648224570184,Calm,2081.719970703125,-0.00266745428010046,0.001521013420995462,
2015-11-11,-0.0032280858125481,0.1168187571094566,Calm,2075.0,-0.0026039979964131597,0.0016923152369631284,
2015-11-12,-0.013990375564759,0.1271867287457674,Calm,2045.969970703125,-0.0051756434308886,0.001250691362365738,
2015-11-13,-0.0112073647066993,0.1240698820281987,Calm,2023.0400390625,-0.00734759210308492,9.732394468623914e-06,
2015-11-16,0.0149032652649434,0.1336491276288137,Normal,2053.18994140625,-0.0024023931729525395,0.0005017700606387858,
2015-11-17,-0.0013393792481354,0.133800494815252,Normal,2050.43994140625,-0.00297238801343968,0.00042510697574106674,
2015-11-18,0.0161624517985254,0.1442036203315569,Normal,2083.580078125,0.00090571950877502,0.0012624185065924095,
2015-11-19,-0.0011231091692577,0.1421975014766217,Normal,2081.239990234375,0.00347917278787528,0.001486337831670576,
2015-11-20,0.0038101956899896,0.1315331313484215,Normal,2089.169921875,0.006482684867213059,0.0008759865995695429,
2015-11-23,-0.001234860772866,0.1263631536402941,Calm,2086.590087890625,0.00325505965965118,0.00029192920375100475,
2015-11-24,0.00122199597434,0.1261403402098842,Calm,2089.139892578125,0.00376733470414626,0.000441219520942138,
2015-11-25,-0.0001291322766768,0.125693707307843,Calm,2088.8701171875,0.00050901788910582,0.0005566950572775428,
2015-11-27,0.0005936176807606,0.1188229069917814,Calm,2090.110107421875,0.0008523632591094799,2.1151457378666633e-05,
2015-11-30,-0.0046409972747631,0.1199142112063977,Calm,2080.409912109375,-0.0008378753338410601,-0.00017843059370982388,
2015-12-01,0.0106805733686374,0.1243018031840446,Calm,2102.6298828125,0.00154521149445962,0.0005592099002096904,
2015-12-02,-0.0109956931725662,0.1233141202804448,Calm,2079.510009765625,-0.0008983263349216199,-0.0005298143940339905,
2015-12-03,-0.014373526666262,0.1315748046092109,Normal,2049.6201171875,-0.00374720521283866,-0.001344176013706643,
2015-12-04,0.0205256690573854,0.151425512485354,Normal,2091.68994140625,0.00023920506248630014,-0.00019793619045092858,
2015-12-07,-0.0069895029647873,0.1532295133704066,Normal,2077.070068359375,-0.00023049607551854022,-0.0004768578367559524,
2015-12-08,-0.0064899016523778,0.1546350902153929,Normal,2063.590087890625,-0.0036645910797215805,-0.0007693473751683381,
2015-12-09,-0.0077389850179799,0.153260297148062,Normal,2047.6199951171875,-0.0030132494488043205,-0.0006701214528950716,
2015-12-10,0.002251387153161,0.1534145152617408,Normal,2052.22998046875,0.00031173331508027954,-0.0006348456339017048,
2015-12-11,-0.0194227672974829,0.1665579262634956,Normal,2012.3699951171875,-0.00767795395589338,-0.0014060209427081238,
2015-12-14,0.0047555600174336,0.1612874619553179,Normal,2021.93994140625,-0.005328941359449201,-0.0005133573435560952,
2015-12-15,0.0106185610827318,0.1607739133785932,Normal,2043.4100341796875,-0.0019072488124272802,0.0005259724559406239,
2015-12-16,0.0145149694303006,0.1603414416349315,Normal,2073.070068359375,0.00254354207722882,0.0005074821781004905,
2015-12-17,-0.0150405209099436,0.1691144490349131,Normal,2041.8900146484373,-0.0009148395353921,-0.00014495313912847138,
2015-12-18,-0.0177972200067638,0.1687696559395526,Normal,2005.550048828125,-0.0005897300772482802,-0.0017620803679517668,
2015-12-21,0.0077784025360287,0.1719807329198855,Normal,2021.1500244140625,1.4838426470739803e-05,-0.0013381988581762237,
2015-12-22,0.008816736053143,0.1747217905967901,Normal,2038.969970703125,-0.00034552657944702007,-0.0010997921742165382,
2015-12-23,0.0124180683007526,0.1808813503667096,Elevated,2064.2900390625,-0.0007649068053566202,-0.0004496526945204142,
2015-12-24,-0.001598636221499,0.1808167963152089,Elevated,2060.989990234375,0.0019234701323323,-0.0005839685133698905,
2015-12-28,-0.002178559942382,0.1808911976709059,Elevated,2056.5,0.00504720214520866,-0.0006815603069748999,
2015-12-29,0.0106297629087648,0.1850751800984477,Elevated,2078.360107421875,0.00561747421975588,-0.00020364862945089035,
2015-12-30,-0.0072172285959659,0.186065964495682,Elevated,2063.360107421875,0.0024106812899341,-0.0003263263114129284,
2015-12-31,-0.0094119130954266,0.1840975516513648,Elevated,2043.93994140625,-0.0019553149893017396,-0.0012831113811302617,-0.04077309400414009
2016-01-04,-0.0153037310895943,0.1875341075970744,Elevated,2012.6600341796875,-0.0046963339629208,-0.001488256043845886,-0.05545284462740433
2016-01-05,0.0020122259542274,0.18185257156956,Elevated,2016.7099609375,-0.0038581767835989197,-0.0007079821095368666,-0.05355220232637197
2016-01-06,-0.0131153967026469,0.1692633526203026,Normal,1990.260009765625,-0.00860720870588126,-0.002309937621919357,-0.06596524065120817
2016-01-07,-0.0237004430144116,0.1843143703923416,Elevated,1943.0899658203125,-0.0119038515895704,-0.003105696671901466,-0.08810227823863387
2016-01-08,-0.0108383743902185,0.1859288681646485,Elevated,1922.030029296875,-0.01218914384852878,-0.0033127668022748333,-0.09798576715267089
2016-01-11,0.0008532721255336,0.1857338963214517,Elevated,1923.6700439453125,-0.0089577432055032,-0.0029036117002027616,-0.09721610355094772
2016-01-12,0.0078027985167563,0.1886479783736681,Elevated,1938.6800537109373,-0.007799628692997419,-0.0026392587781267946,-0.0901718627027837
2016-01-13,-0.0249654523042196,0.1957063200191852,Elevated,1890.280029296875,-0.010169639813311959,-0.0029031961593999713,-0.1128861336695143
2016-01-14,0.0166959053866622,0.205709310316553,Elevated,1921.8399658203125,-0.0020903701330971997,-0.0023346082846747995,-0.09807496449006449
2016-01-15,-0.02159909800185,0.2103700715549821,Elevated,1880.3299560546875,-0.0042425148554235004,-0.003868782526797742,-0.11755573172236564
2016-01-19,0.0005318215543925,0.2003095791583702,Elevated,1881.3299560546875,-0.004306804969651719,-0.004534646711364795,-0.11708642883994537
2016-01-20,-0.0116938551524135,0.198424560972667,Elevated,1859.3299560546875,-0.00820613570348568,-0.004375281675291933,-0.1274110922531912
2016-01-21,0.0051954383611314,0.1947803434314361,Elevated,1868.989990234375,-0.0021739575704154794,-0.0032803931815826378,-0.12287761036838557
2016-01-22,0.0202837010244947,0.2080888495649456,Elevated,1906.9000244140625,-0.0014563984428489795,-0.002684902777369971,-0.10508632205520749
2016-01-25,-0.0156379820533789,0.2083011783791508,Elevated,1877.0799560546875,-0.0002641752531547595,-0.003849413163394824,-0.1190809660902315
2016-01-26,0.0141443355902264,0.210078099362518,Elevated,1903.6300048828125,0.0024583275540120205,-0.0037672099591341663,-0.10662095164679367
2016-01-27,-0.0108634837956395,0.2113209660901973,Elevated,1882.949951171875,0.00262440182536682,-0.00420839317695038,-0.11632616046194252
2016-01-28,0.0055285772057875,0.2139242487057891,Elevated,1893.3599853515625,0.0026910295942980398,-0.0038413866460851663,-0.11144070141532171
2016-01-29,0.0247602174153414,0.2308952487909633,Elevated,1940.239990234375,0.0035863328724673807,-0.003168507860057709,-0.08943977999594172
2016-02-01,-0.0004432365871701,0.2305908156863781,Elevated,1939.3800048828125,0.006625281965709141,-0.002845936812019814,-0.08984337360026921
2016-02-02,-0.0187430908302749,0.2361375356966009,Elevated,1903.030029296875,4.7796681608880395e-05,-0.0032902786089173525,-0.10690252191865593
2016-02-03,0.0049920389346194,0.2335800375952701,Elevated,1912.530029296875,0.00321890122766066,-0.0023238133696690806,-0.1024441445356634
2016-02-04,0.0015267325638141,0.2334725110682174,Elevated,1915.449951171875,0.0024185322992659806,-0.0023469321025459044,-0.10107381678328392
2016-02-05,-0.0184812463108693,0.2372994457640324,Elevated,1880.050048828125,-0.00622976044597616,-0.002602448750556495,-0.11768709299060168
2016-02-08,-0.0141539356563734,0.2287554812988585,Elevated,1853.43994140625,-0.008971900259816819,-0.0021478531620784855,-0.13017529310520048
2016-02-09,-0.0006636203533073,0.2265901475768536,Elevated,1852.2099609375,-0.005356006164423299,-0.001663341065082714,-0.1307525264845055
2016-02-10,-0.0001889502774082,0.2264730301140674,Elevated,1851.8599853515625,-0.006392204006828819,-0.001712970703318038,-0.13091677103576269
2016-02-11,-0.0123011617925047,0.2265373852442226,Elevated,1829.0799560546875,-0.009157782878092578,-0.002670302146616181,-0.14160750444640421
2016-02-12,0.0195180495658551,0.2237678664661417,Elevated,1864.780029296875,-0.0015579237027476983,-0.0005520401528030999,-0.12485335717123104
2016-02-16,0.0165166541221624,0.223594571469412,Elevated,1895.5799560546875,0.004576194252959462,-0.0005605759273030903,-0.1103988627654566
2016-02-17,0.016480439210486,0.2172705437919637,Elevated,1926.8199462890625,0.008005006165718122,0.0012527353685224335,-0.0957378453016835
2016-02-18,-0.0046657137070276,0.2182317241887819,Elevated,1917.8299560546875,0.007109653479794242,0.0010052336894071905,-0.09995687363160571
2016-02-19,-2.6032942938902792e-05,0.2133655090000926,Elevated,1917.780029296875,0.009564679249707402,0.0015608442708107426,-0.09998030440295702
2016-02-22,0.0144541971861538,0.2177189976308403,Elevated,1945.5,0.008551908773767141,0.002001737548192762,-0.08697124225137517
2016-02-23,-0.0124543718677717,0.2125566497587566,Elevated,1921.27001953125,0.0027577035757803204,0.0004427816961800762,-0.09834244192634625
2016-02-24,0.0044397868129728,0.2046497284947417,Elevated,1929.800048828125,0.00034957309627768054,0.0013988659279111095,-0.09433927459019352
2016-02-25,0.0113482753599518,0.2026752867657162,Elevated,1951.699951171875,0.0035523709096735604,0.001265720202659938,-0.08406158729554933
2016-02-26,-0.0018701144822791,0.198239661538229,Elevated,1948.050048828125,0.003183554601805521,0.0016939758842485285,-0.08577449698602368
2016-02-29,-0.0081209763419023,0.200538535275349,Elevated,1932.22998046875,-0.0013314801038056985,0.0010439971438823477,-0.093198900667164
2016-03-01,0.0238687918018947,0.1992297176666429,Elevated,1978.3499755859373,0.005933152630127582,0.0010015483051467903,-0.07155465402145948
2016-03-02,0.0040943087350044,0.1994350687153885,Elevated,1986.449951171875,0.005864057014533901,0.0012176218919170046,-0.06775331213144514
2016-03-03,0.0034987406745825,0.1858033171632955,Elevated,1993.4000244140625,0.004294150077460041,0.0022767567254816426,-0.06449162272585458
2016-03-04,0.0033058923144386,0.185584522477503,Elevated,1999.989990234375,0.005329351436803581,0.002196464029282557,-0.06139893277133091
2016-03-07,0.0008850141950174,0.1856270105430957,Elevated,2001.760009765625,0.007130549544187521,0.002165906011720809,-0.06056825750337512
2016-03-08,-0.011240108649505,0.1769716710584044,Normal,1979.260009765625,0.0001087694539075805,0.0025107220908333946,-0.07112757235783107
2016-03-09,0.0050523932937867,0.166372724251997,Normal,1989.260009765625,0.0003003863656640406,0.003425309183698162,-0.06643454353362843
2016-03-10,0.0001558049334506,0.1661430300907216,Normal,1989.5699462890625,-0.00036820078256233937,0.0034643294354485383,-0.06628908942981189
2016-03-11,0.0163955005341884,0.171397859036751,Normal,2022.18994140625,0.0022497208613876203,0.00425406518838171,-0.05098043169678084
2016-03-14,-0.0012609729212871,0.1619690709447989,Normal,2019.6400146484373,0.0018205234381267206,0.0047797884679635,-0.05217711967418291
2016-03-15,-0.0018369416879204,0.1541916818499156,Normal,2015.9300537109373,0.0037011568304436407,0.0037628841225456192,-0.05391821503581825
2016-03-16,0.0056003515456326,0.1472977175141225,Normal,2027.219970703125,0.0038107484808128206,0.0032430601903299145,-0.04861982444909903
2016-03-17,0.0065952364866208,0.1398988890801915,Normal,2040.5899658203125,0.005098634791446861,0.002772336251098238,-0.042345247202658066
2016-03-18,0.0044056436889678,0.1373275230482102,Normal,2049.580078125,0.002700663422402741,0.003204305650907543,-0.038126161584786336
2016-03-21,0.0009855772666846,0.1370721678273856,Normal,2051.60009765625,0.0031499734599970803,0.003252477565651519,-0.03717816059622548
2016-03-22,-0.0008773877668368,0.1314595688271459,Normal,2049.800048828125,0.0033418842442138005,0.0025224020916995854,-0.03802292869976176
2016-03-23,-0.0063860316025012,0.124230569649644,Calm,2036.7099609375,0.0009446076145870408,0.002811370675760086,-0.04416614467796667
2016-03-24,-0.0003780702927851,0.124555487229092,Calm,2035.93994140625,-0.00045005374129413925,0.002581948908819233,-0.0445275170635022
2016-03-28,0.0005452554858313,0.1205322435203291,Calm,2037.050048828125,-0.0012221313819214391,0.0020675193910039713,-0.044006540450620135
2016-03-29,0.0088166517792884,0.1218116372533668,Calm,2055.010009765625,0.00034408352059932067,0.0025764130225071854,-0.03557787901449603
2016-03-30,0.0043503152606394,0.1155098858756533,Calm,2063.949951171875,0.0013896241260945607,0.0031702840511996476,-0.03138233874387463
2016-03-31,-0.002039759217567,0.0887896821437366,Calm,2059.739990234375,0.0022588786030814005,0.0019365435264633757,-0.033358085546720095
2016-04-01,0.0063309151273098,0.0898067567268167,Calm,2072.780029296875,0.003600675687100381,0.0020430485927636333,-0.027238357627816002
2016-04-04,-0.003208322345054,0.091427740533317,Calm,2066.1298828125,0.0028499601209233207,0.0017236646394476094,-0.03035929054145018
2016-04-05,-0.0101444923872143,0.0999684466992383,Calm,2045.1700439453125,-0.0009422687123772193,0.0010831701298450905,-0.04019580333688557
2016-04-06,0.0105076192699393,0.1051511954935849,Calm,2066.659912109375,0.0002891920894827607,0.0015413894191270857,-0.030110546264659557
2016-04-07,-0.011975786526205,0.1063025203090958,Calm,2041.9100341796875,-0.0016980133722448395,0.0015063571392842285,-0.04172573531661159
2016-04-08,0.002786577915288,0.1056378688827028,Calm,2047.5999755859373,-0.0024068808146492,0.0013984611688795283,-0.03905542941385616
2016-04-11,-0.0027397858070188,0.1065394196197574,Calm,2041.989990234375,-0.0023131735070421595,0.001260575895523843,-0.0416882117096798
2016-04-12,0.0096621337827838,0.0965743232348921,Calm,2061.719970703125,0.0016481517269574604,0.0009399393835521951,-0.0324288750055999
2016-04-13,0.0100401371020408,0.1011552648568078,Calm,2082.419921875,0.0015546552933777605,0.001478087479901143,-0.022714328254680224
2016-04-14,0.0001729273803483,0.1005632167980551,Calm,2082.780029296875,0.0039843980746884205,0.0015737955307710807,-0.022545328803613356
2016-04-15,-0.0009842848497145,0.0998254073206771,Calm,2080.72998046875,0.0032302255216879205,0.0012602414167069333,-0.023507422627754706
2016-04-18,0.0065410252890232,0.0997890723370756,Calm,2094.340087890625,0.00508638774089632,0.0012576599311070475,-0.01712015998461933
2016-04-19,0.0030844851678346,0.0993679930343985,Calm,2100.800048828125,0.003770858017906481,0.0011947476205768951,-0.014088481696328266
2016-04-20,0.0007615448773992,0.0993769652452833,Calm,2102.39990234375,0.0019151395729781607,0.0011840794115633047,-0.01333766582999526
2016-04-21,-0.0051940270082901,0.101605249315216,Calm,2091.47998046875,0.0008417486952504809,0.0009785251619702903,-0.01846241664173686
2016-04-22,4.785972478082989e-05,0.0981138149332601,Calm,2091.580078125,0.0010481776101495467,0.0012849009394599108,-0.018415440523135224
2016-04-25,-0.0018120458796383,0.0985448605880033,Calm,2087.7900390625,-0.0006224366235827531,0.0012166163877049966,-0.02019411677965187
2016-04-26,0.0018727515871905,0.0985382033974969,Calm,2091.699951171875,-0.0008647833397115732,0.0012798304877697205,-0.018359183756712284
2016-04-27,0.0016493528003107,0.0946834177966747,Calm,2095.14990234375,-0.0006872217551292733,0.0009385305363898299,-0.016740111727542178
2016-04-28,-0.0092307685136826,0.1000531815718513,Calm,2075.81005859375,-0.0014945700562077734,0.0002918122614221157,-0.02581635614497472
2016-04-29,-0.0050630883698217,0.101478879057584,Calm,2065.300048828125,-0.002516759675128279,0.00014784420655284425,-0.030748734022247662
2016-05-02,0.0078099464635428,0.1027359050253825,Calm,2081.429931640625,-0.0005923612064920594,0.00021827427018298709,-0.023178933525240326
2016-05-03,-0.0086766381988606,0.1067037313223862,Calm,2063.3701171875,-0.0027022391637022795,-4.212172285542247e-05,-0.03165445650406704
2016-05-04,-0.0059368893142145,0.1026009886019141,Calm,2051.1201171875,-0.004219487586607319,0.00015824032823980613,-0.037403416813715284
2016-05-05,-0.0002390081258001,0.0954467165555616,Calm,2050.6298828125,-0.002421135509030819,-0.00035350383346207005,-0.037633485218964285
2016-05-06,0.0031746390805036,0.0861813246314645,Calm,2057.139892578125,-0.0007735900189657591,0.00036794500495262517,-0.0345783188713724
2016-05-09,0.0007534970439868,0.0857490895946213,Calm,2058.68994140625,-0.002184879902876959,0.00027113163012875856,-0.033850876488441185
2016-05-10,0.0124836434350672,0.0947568489836269,Calm,2084.389892578125,0.0020471764239086004,0.0009960568321328539,-0.021789815325420188
2016-05-11,-0.0095615180785463,0.0959962813503861,Calm,2064.4599609375,0.0013222506710422403,8.064483873618244e-05,-0.031142989690804333
2016-05-12,-0.0001694649071644,0.0889028678690513,Calm,2064.110107421875,0.0013361593147693804,-0.0004055266855116843,-0.03130717695411201
2016-05-13,-0.0084782890250804,0.0931436165821091,Calm,2046.6099853515625,-0.0009944263063474193,-0.0008174893714844794,-0.03952003468441615
2016-05-16,0.009796652464963,0.100125729412538,Calm,2066.659912109375,0.0008142047778478207,-0.0003041114041188843,-0.030110546264659557
2016-05-17,-0.0094112974553336,0.1016225663510156,Calm,2047.2099609375,-0.0035647834002323396,-0.001063745820516827,-0.039238464412553895
2016-05-18,0.0002051787326786,0.1006262458219486,Calm,2047.6300048828125,-0.0016114440379873594,-0.001200855650762351,-0.03904133657827556
2016-05-19,-0.003706707658226,0.1007187097229743,Calm,2040.0400390625,-0.0023188925881996794,-0.0014136295810302177,-0.04260332941521951
2016-05-20,0.006019504059596,0.1028829889515163,Calm,2052.320068359375,0.0005806660287356006,-0.0008796519111308794,-0.035690773719563154
2016-05-23,-0.0020854589704891,0.1029060703557279,Calm,2048.0400390625,-0.0017957562583548197,-0.000981238515667543,-0.037701801045835155
2016-05-24,0.0136813826862858,0.1146553072746067,Calm,2076.06005859375,0.0028227797699690604,-0.0002434562030044905,-0.024536231127619535
2016-05-25,0.0069747406433695,0.1171762949262288,Calm,2090.5400390625,0.004176692152107241,-5.043431864428523e-07,-0.0177326243327309
2016-05-26,-0.0002104439035032,0.1170233590625663,Calm,2090.10009765625,0.004875944903051801,-8.906609098710475e-05,-0.017939336513550144
2016-05-27,0.0042868573364247,0.1130181995193524,Calm,2099.06005859375,0.004529415558417541,0.0005546303780656238,-0.013729382553468996
2016-05-31,-0.0010052630048559,0.111338459652856,Calm,2096.949951171875,0.00474545475154418,0.0007478601573497097,-0.014720843917964401
2016-06-01,0.0011350423274503,0.1083651616683044,Calm,2099.330078125,0.0022361866797770804,0.0004300075794405428,-0.013602510371456742
2016-06-02,0.0028246780734553,0.1033971158243196,Calm,2105.260009765625,0.0014061741657942404,0.000977689306693681,-0.010816255010791592
2016-06-03,-0.0029118146569494,0.1013590900899733,Calm,2099.1298828125,0.0008659000151050005,0.001121740480849162,-0.013696574737867274
2016-06-06,0.0048972811930538,0.1020495710741341,Calm,2109.409912109375,0.0009879847864308205,0.0013663256865088715,-0.008866369522686433
2016-06-07,0.0012894462510633,0.1018373953441593,Calm,2112.1298828125,0.0014469266376146606,0.0012765545993926669,-0.007588355978564796
2016-06-08,0.0033095665337075,0.1020566769229613,Calm,2119.1201171875,0.0018818314788661007,0.0013982721941412715,-0.004303903613849716
2016-06-09,-0.0017177585589538,0.0941729379064087,Calm,2115.47998046875,0.0009733441523842807,0.0007220149563307478,-0.00601426910553391
2016-06-10,-0.0091751811827943,0.093649431503299,Calm,2096.070068359375,-0.00027932915278469953,0.0007404119513665572,-0.015134268279602887
2016-06-13,-0.0081151913871557,0.0985394215284818,Calm,2079.06005859375,-0.0028818236688265995,0.00036204402374792377,-0.023126642183165118
2016-06-14,-0.0017988851350955,0.0935808598283094,Calm,2075.320068359375,-0.0034994899460583603,0.0006801108756519668,-0.024883925145412614
2016-06-15,-0.0018407128700851,0.087800825496202,Calm,2071.5,-0.00452954582681688,0.0001259506216020572,-0.026678833854224322
2016-06-16,0.0031329906996742,0.0811320999476563,Calm,2077.989990234375,-0.0035593959750912798,0.0007232976766024286,-0.02362942769289361
2016-06-17,-0.0032579654199809,0.0822894581940828,Calm,2071.219970703125,-0.0023759528225285997,0.0005583860502853096,-0.0268104092545571
2016-06-20,0.0058081852565332,0.0826758068986852,Calm,2083.25,0.0004087225062091804,0.0010114761890833667,-0.021157943821777853
2016-06-21,0.0027120616074642,0.0809268330094089,Calm,2088.89990234375,0.0013109118547211204,0.0008539789294580429,-0.018503263861445483
2016-06-22,-0.0016515636618127,0.0807420038955137,Calm,2085.449951171875,0.0013487416963756005,0.0008746406108235858,-0.02012426820503967
2016-06-23,0.0133640786593027,0.0801128945814347,Calm,2113.320068359375,0.0033949592883013003,0.0008595308952529619,-0.0070291318489899834
2016-06-24,-0.0359197999944317,0.1479431837825265,Normal,2037.4100341796875,-0.00313740762658886,-0.0011830662779756666,-0.042696446833271486
2016-06-27,-0.018096502176123,0.1590211615047472,Normal,2000.5400390625,-0.007918345113120099,-0.0020347833385766095,-0.06002029266636344
2016-06-28,0.0177701650872592,0.1720967398130674,Normal,2036.0899658203125,-0.0049067244171610985,-0.0013927210647273474,-0.04331669808837118
2016-06-29,0.0170326725700282,0.1835696452812484,Elevated,2070.77001953125,-0.0011698771707929184,-0.0005337717516376285,-0.027021824653696874
2016-06-30,0.0135650447059223,0.1899331643634964,Elevated,2098.860107421875,-0.0011296839614689993,5.8133123527704904e-05,-0.013823332207237565
2016-07-01,0.0019486023558872,0.1897965745665886,Elevated,2102.949951171875,0.0064439965085947805,1.6415232214938228e-05,-0.011901666029055565
2016-07-05,-0.0068474774379322,0.1910471958844709,Elevated,2088.550048828125,0.00869380145623294,-0.00017099728116519512,-0.018667647077379987
2016-07-06,0.0053529632420816,0.1912059695762282,Elevated,2099.72998046875,0.00621036108719742,-0.00014929813597339516,-0.013414611063919606
2016-07-07,-0.0008715778419239,0.1911476189723363,Elevated,2097.89990234375,0.0026295110048069996,-0.00025220404516326176,-0.014274497028082228
2016-07-08,0.0152533492967181,0.1982959736177852,Elevated,2129.89990234375,0.00296717192296616,0.00031654751498010015,0.0
2016-07-11,0.0034086154741994,0.1984284470865246,Elevated,2137.159912109375,0.0032591745466285993,0.0005606605641778716,0.0
2016-07-12,0.0070092932137983,0.1963322291874716,Elevated,2152.139892578125,0.0060305286769747005,0.0013313498211584714,0.0
2016-07-13,0.0001347677553398,0.1933886241147406,Elevated,2152.429931640625,0.0049868895796263395,0.001724205018420162,0.0
2016-07-14,0.0052592041176209,0.1933140684174651,Elevated,2163.75,0.0062130459715353005,0.0020603045066447524,0.0
2016-07-15,-0.0009289473209127,0.1931079313523696,Elevated,2161.739990234375,0.0029765866480091397,0.0021037219137482,-0.0009289473209127672
2016-07-18,0.0023822949878407,0.1930750228659365,Elevated,2166.889892578125,0.0027713225507374,0.0020679744988989857,0.0
2016-07-19,-0.0014351736522938,0.192543999363135,Elevated,2163.780029296875,0.0010824291775189798,0.0021547741068840857,-0.0014351736522938612
2016-07-20,0.0042703001734318,0.1922498008036885,Elevated,2173.02001953125,0.0019095356611373796,0.0020815414838792575,0.0
2016-07-21,-0.0036125289162974,0.1932343115398779,Elevated,2165.169921875,0.00013518905435371957,0.0017803705065572762,-0.0036125289162975004
2016-07-22,0.0045539647130032,0.1930412355707657,Elevated,2175.030029296875,0.0012317714611368995,0.002075871857738986,0.0
2016-07-25,-0.0030114751244342,0.1892738431580883,Elevated,2168.47998046875,0.0001530174386819196,0.001296083582322943,-0.003011475124434233
2016-07-26,0.000322784244346,0.1326541812518711,Normal,2169.179931640625,0.0005046090180098796,0.0030219209270266425,-0.002689662936810656
2016-07-27,-0.0011985421207814,0.1096849855142484,Calm,2166.580078125,-0.0005891594408327604,0.0038265856915667192,-0.0038849813832715807
2016-07-28,0.0016062090221755,0.097398233843589,Calm,2170.06005859375,0.0004545881468618197,0.0030568734979913048,-0.00228501245324491
2016-07-29,0.0016313092573088,0.0831181785734385,Calm,2173.60009765625,-0.00012994294427706021,0.002323475245004667,-0.0006574307579041821
2016-08-01,-0.0012697872845152,0.0731230146820352,Calm,2170.840087890625,0.00021839462370673983,0.0016170546740314528,-0.0019263832452025907
2016-08-02,-0.0063616194812253,0.0781425671665016,Calm,2157.030029296875,-0.0011184861214075202,0.001221329824645143,-0.008275747809246977
2016-08-03,0.0031339432802557,0.0726102216390546,Calm,2163.7900390625,-0.0002519890412001003,0.0016966355731302812,-0.005167740253227017
2016-08-04,0.0002125718896919,0.0715240861265671,Calm,2164.25,-0.0005307164676968204,0.0014518550325402957,-0.004956266879846195
2016-08-05,0.0086034964479611,0.075088273869362,Calm,2182.8701171875,0.0008637209704336395,0.001903049046344343,0.0
2016-08-08,-0.0009071655678379,0.0577525157438267,Calm,2180.889892578125,0.0009362453137690995,0.001133500719460724,-0.000907165567838
2016-08-09,0.0003897939364765,0.057198205459752,Calm,2181.739990234375,0.0022865279973094594,0.0009897473129024906,-0.0005177252389991495
2016-08-10,-0.0028646859974036,0.0542565308695614,Calm,2175.489990234375,0.0010868021417775994,0.000519557826654781,-0.0033809281161601406
2016-08-11,0.0047345880120621,0.0561521876384267,Calm,2185.7900390625,0.0019912053662516395,0.0007385968864987001,0.0
2016-08-12,-0.0007960463737501,0.0538818240965342,Calm,2184.050048828125,0.00011129680190939966,0.000450251625004843,-0.0007960463737501949
2016-08-15,0.002792909218769,0.0542228864010448,Calm,2190.14990234375,0.0008513117592307797,0.0006274828887992096,0.0
2016-08-16,-0.005479077019869,0.0577416282571432,Calm,2178.14990234375,-0.0003224624320383205,0.0002531318408130334,-0.0054790770198690116
2016-08-17,0.001868589648029,0.0576586009332413,Calm,2182.219970703125,0.0006241926970481995,0.0004104539027331668,-0.0036207255184400504
2016-08-18,0.0021996173129046,0.0563431943561669,Calm,2187.02001953125,0.00011719855721669947,0.00031184995699377627,-0.0014290724160709782
2016-08-19,-0.0014402713809749,0.0549213618919269,Calm,2183.8701171875,-1.1646444228260522e-05,0.0004152907920091334,-0.0028672855449436586
2016-08-22,-0.0005633231572211,0.0528856333070341,Calm,2182.639892578125,-0.0006828929194262805,0.0001716104172365477,-0.003428993493818983
2016-08-23,0.0019517694055308,0.0519073721305412,Calm,2186.89990234375,0.0008032763656536795,0.0004079553948539287,-0.0014839166928811906
2016-08-24,-0.0052402768527348,0.055476906339928,Calm,2175.43994140625,-0.0006184969344990804,0.00014304772356436678,-0.006716417411318922
2016-08-25,-0.0013652276243513,0.0555306749456535,Calm,2172.469970703125,-0.0013314659219502603,0.00013511031863246676,-0.008072475597083623
2016-08-26,-0.0015788165944199,0.0555636053929735,Calm,2169.0400390625,-0.0013591749646392603,-1.6557567872076098e-05,-0.009638547233072793
2016-08-29,0.0052280472217107,0.0582401197661471,Calm,2180.3798828125,-0.00020090088885290036,0.00015471566852801437,-0.004460890791445273
2016-08-30,-0.0019536804841114,0.0584984966295106,Calm,2176.1201171875,-0.0009819908667813404,0.00012214932569010008,-0.006405856120275728
2016-08-31,-0.002375864261715,0.0544194139693889,Calm,2170.949951171875,-0.0004091083485773804,0.00031194719328582867,-0.00876650093736895
2016-09-01,-4.1384533048027805e-05,0.0534476742085422,Calm,2170.860107421875,-0.00014433973031672593,0.0001607411069380321,-0.008807522672869272
2016-09-02,0.0042010413364248,0.0552517694111851,Calm,2179.97998046875,0.001011631855852214,0.00035066822344912265,-0.004643482103264639
2016-09-06,0.0029816787577114,0.0475693121766056,Calm,2186.47998046875,0.0005623581630523542,8.29626191515179e-05,-0.0016756487175022578
2016-09-07,-0.0001463852229309,0.0474426232005672,Calm,2186.159912109375,0.0009238172152884541,0.0001191902546232798,-0.0018217886502221528
2016-09-08,-0.0022230136296667,0.0481134738501551,Calm,2181.300048828125,0.0009543873416981141,-5.229153288301147e-06,-0.004040752418888993
2016-09-09,-0.024522068966675,0.0974885002458289,Calm,2127.81005859375,-0.00394174954502728,-0.001036533104205987,-0.028463733776070817
2016-09-12,0.0146770527484909,0.1101643952415846,Calm,2159.0400390625,-0.0018465472626140607,-0.0005630824024712821,-0.014204444749630302
2016-09-13,-0.0148306742588959,0.1207569307168592,Calm,2127.02001953125,-0.0054090178659355215,-0.0012313980160496537,-0.028824457515416034
2016-09-14,-0.0005876766502063,0.1199022219913849,Calm,2125.77001953125,-0.0054972761513906,-0.001392378295524668,-0.029395194704985722
2016-09-15,0.0101092733630299,0.1252483116910409,Calm,2147.260009765625,-0.0030308187528512807,-0.0006500758963390059,-0.01958308540078793
2016-09-16,-0.0037722947474507,0.1253433104446119,Calm,2139.159912109375,0.0011191360909935796,-0.0009186894389808964,-0.023281506978042446
2016-09-19,-1.8603060785604697e-05,0.1248826680736943,Calm,2139.1201171875,-0.0018199950708617213,-0.0010243189805851918,-0.023299676931538515
2016-09-20,0.0002991382171499,0.1249550112718396,Calm,2139.760009765625,0.0012059674243474385,-0.0009414899521030585,-0.023007508538206062
2016-09-21,0.0109171623524424,0.1315476346435025,Normal,2163.1201171875,0.0035069352248771786,-0.0003948001659286062,-0.01234152289180049
2016-09-22,0.0064997844277856,0.1334988155613702,Normal,2177.179931640625,0.0027850374378283185,-0.000178228022011711,-0.0059219557023222095
2016-09-23,-0.0057367744635433,0.1337468762723283,Normal,2164.68994140625,0.002392141494609799,-0.00020187076538354432,-0.011624757241618246
2016-09-26,-0.0085877627989177,0.1368427828122779,Normal,2146.10009765625,0.00067830954698338,-0.0005458010117914681,-0.02011268938274996
2016-09-27,0.0064441700550121,0.1388866899864208,Normal,2159.929931640625,0.0019073159145558197,-0.00016375402848518237,-0.013798128918383914
2016-09-28,0.0052965540128355,0.1389203988750413,Normal,2171.3701171875,0.0007831942466344398,-0.00016049180033638245,-0.008574657440640546
2016-09-29,-0.009321411497187,0.1424191503636087,Normal,2151.1298828125,-0.0023810449383600803,-0.0005113361342923633,-0.017816141027375988
2016-09-30,0.0079679692312861,0.145193445445164,Normal,2168.27001953125,0.0003599038006057998,-1.8772634625644268e-05,-0.00999013025961631
2016-10-03,-0.0032606955294726,0.1456273964163883,Normal,2161.199951171875,0.0014253172544948195,-0.00017207315826490963,-0.013218251016012521
2016-10-04,-0.0049555622707156,0.1456172338301045,Normal,2150.489990234375,-0.0008546292106507199,-0.0006081019014620717,-0.01810830942070844
2016-10-05,0.0042966906501935,0.1460961638475384,Normal,2159.72998046875,-0.00105460188317912,-0.0005454822875343524,-0.013889424574293596
2016-10-06,0.0004815597652971,0.1461339668492727,Normal,2160.77001953125,0.0009059923693177001,-0.0005155801452377811,-0.013414553397034441
2016-10-07,-0.0032534833570118,0.146329139394874,Normal,2153.739990234375,-0.00133829814834188,-0.0005646501322542144,-0.01662439272782725
2016-10-10,0.0046059050395961,0.1183559902636627,Calm,2163.659912109375,0.0002350219654718602,0.0008223962489967905,-0.012095058062476549
2016-10-11,-0.0124464715965323,0.1156137191775387,Calm,2136.72998046875,-0.0012631598996914798,-0.00046920014838526677,-0.024390988862375867
2016-10-12,0.0011465890375803,0.1031866737085519,Calm,2139.179931640625,-0.0018931802222141199,0.0002916219133516951,-0.023272366265240745
2016-10-13,-0.0030992637479612,0.1038211877614516,Calm,2132.550048828125,-0.00260934492486578,0.00017202252774431892,-0.026299502812106853
2016-10-14,0.000201604478573,0.0973432899087677,Calm,2132.97998046875,-0.0019183273577488198,-0.0002997712286583906,-0.026103200431084935
2016-10-17,-0.0030379940403031,0.0970460178133221,Calm,2126.5,-0.00344710717372866,-0.0002648045283180287,-0.029061893104045614
2016-10-18,0.0061604033182458,0.099571217118487,Calm,2139.60009765625,0.00027426780922696037,2.94338706834668e-05,-0.02308052276851234
2016-10-19,0.002191971018971,0.099851318481711,Calm,2144.2900390625,0.0004833442055051004,0.00011956876600828109,-0.02093914358655263
2016-10-20,-0.0013757239543792,0.0918628323690479,Calm,2141.340087890625,0.0008280521642215006,-0.00046580677241179504,-0.022286061059515628
2016-10-21,-8.414160005176807e-05,0.0883360704166049,Calm,2141.159912109375,0.0007709029484965469,-0.0007793270594516697,-0.022368327474730946
2016-10-24,0.0047498395416929,0.0883901686516117,Calm,2151.330078125,0.0023284696648957466,-0.0002799644877737554,-0.01772473389935897
2016-10-25,-0.0037977277864983,0.0841744028234418,Calm,2143.159912109375,0.0003368434439469267,-5.186758242045076e-05,-0.021455147971419442
2016-10-26,-0.0017404116452881,0.0809281247931802,Calm,2139.429931640625,-0.00044963308890489333,-0.00044160956814903165,-0.02315821882732681
2016-10-27,-0.0029867267366989,0.0785807711852015,Calm,2133.0400390625,-0.0007718336453688333,-0.0008360515086030507,-0.026075778292679826
2016-10-28,-0.0031082993435224,0.0728671004032839,Calm,2126.409912109375,-0.0013766651940629597,-0.0005401890250952126,-0.029103026311653273
2016-10-31,-0.0001222764078291,0.0660336682411785,Calm,2126.14990234375,-0.0023510883839673595,-0.0009254388174340318,-0.02922174410596806
2016-11-01,-0.0067868834764276,0.0686816141425283,Calm,2111.719970703125,-0.0029489195219532197,-0.0010933525291937935,-0.03581030301017049
2016-11-02,-0.0065255002974123,0.0699967072126294,Calm,2097.93994140625,-0.00390593725237806,-0.0011681114828460174,-0.04210212316463962
2016-11-03,-0.0044234008389461,0.0679054407863638,Calm,2088.659912109375,-0.004193272072827501,-0.0015833539347098078,-0.04633928943665787
2016-11-04,-0.0016661307322337,0.0674888356298215,Calm,2085.179931640625,-0.00390483835056976,-0.0016856249107827033,-0.0479282128546513
2016-11-07,0.0222235439673372,0.1064757803621054,Calm,2131.52001953125,0.0005643257244634999,-0.00047243313343275076,-0.026769803632965154
2016-11-08,0.0037719744542996,0.1060128084334306,Calm,2139.56005859375,0.0026760973106089397,-0.0005121441136849652,-0.023098804194115745
2016-11-09,0.0110770207532533,0.1039442057865416,Calm,2163.260009765625,0.00619660152074206,0.0006080221886857777,-0.012277649374295914
2016-11-10,0.0019507459501284,0.1040339937784087,Calm,2167.47998046875,0.00747143087855696,0.000646315374997592,-0.010350853998961526
2016-11-11,-0.0013979503036608,0.103427370105436,Calm,2164.449951171875,0.00752506696427154,0.0007273303009166588,-0.011734334323131331
2016-11-14,-0.0001155027862227,0.1034535098504148,Calm,2164.199951171875,0.0030572576135595607,0.0007122299549740063,-0.01184848176104527
2016-11-15,0.0074807974177633,0.1050537158658369,Calm,2180.389892578125,0.0037990222062523004,0.0012131247863105016,-0.004456320435044423
2016-11-16,-0.0015822634216101,0.1038767569132516,Calm,2176.93994140625,0.0012671653712796203,0.0008444263701268872,-0.006031532783835296
2016-11-17,0.0046763696083751,0.1046365757335875,Calm,2187.1201171875,0.0018122901029289603,0.0009627310648604157,-0.0013833688520624682
2016-11-18,-0.0023867984216902,0.1049793404184722,Calm,2181.89990234375,0.0016145204793230803,0.0009145846616551301,-0.0037668654511599452
2016-11-21,0.0074614006258433,0.1073032102910216,Calm,2198.179931640625,0.0031299011617362802,0.0012738961962215618,0.0
2016-11-22,0.0021654322729041,0.1066196552615083,Calm,2202.93994140625,0.0020668281327644402,0.0011508291834220951,0.0
2016-11-23,0.0008080244329033,0.1051092397629037,Calm,2204.719970703125,0.0025448857036671204,0.001370150717679314,0.0
2016-11-25,0.0039143868916706,0.1048256420599376,Calm,2213.35009765625,0.0023924891603262204,0.0016394268384868713,0.0
2016-11-28,-0.0052545356315027,0.1063696844574949,Calm,2201.719970703125,0.0018189417183637202,0.0015314359387343095,-0.005254535631502815
2016-11-29,0.0013352930642269,0.1050328767723308,Calm,2204.659912109375,0.0005937202060404403,0.0017430355771985617,-0.0039262589122602744
2016-11-30,-0.0026534040390964,0.1059611359145323,Calm,2198.81005859375,-0.0003700470563596598,0.001622505689995357,-0.006569245000100376
2016-12-01,-0.0035155289737457,0.1032614599025317,Calm,2191.080078125,-0.0012347577376894598,0.0017782844758373524,-0.010061679602712675
2016-12-02,0.0003970065063159,0.0989414500627433,Calm,2191.949951171875,-0.0019382338147604001,0.0021079276569672665,-0.009668667648663417
2016-12-05,0.0058213052532531,0.0967609825628722,Calm,2204.7099609375,0.00027693436219076024,0.0025957708042148473,-0.00390364666118531
2016-12-06,0.0034108883546988,0.0955339195415562,Calm,2212.22998046875,0.0006920534202851401,0.0028375336178783,-0.0005060732094240803
2016-12-07,0.0131632413648645,0.0754028657109908,Calm,2241.35009765625,0.0038553825010773203,0.002406090636808172,0.0
2016-12-08,0.0021593430473272,0.0752415570419647,Calm,2246.18994140625,0.0049903569052919,0.002329298665047581,0.0
2016-12-09,0.0059389847869557,0.0696092154763932,Calm,2259.530029296875,0.006098752561419861,0.0020846302857000765,0.0
2016-12-12,-0.0011374349205595,0.0705003856743257,Calm,2256.9599609375,0.00470700452665734,0.001937574053762557,-0.0011374349205594575
2016-12-13,0.006539774750587,0.0711279618159704,Calm,2271.719970703125,0.00533278180583498,0.0023155609611076903,0.0
2016-12-14,-0.0081171718539511,0.0794840370751412,Calm,2253.280029296875,0.0010766991620718598,0.0019345291007396715,-0.00811717185395109
2016-12-15,0.0038832279549072,0.077267098217055,Calm,2262.030029296875,0.0014214761435878598,0.0017632162691750951,-0.004265464727701823
2016-12-16,-0.0017506226204834,0.0773610904149688,Calm,2258.070068359375,-0.00011644533789996014,0.001755199164466843,-0.006008620129146106
2016-12-19,0.0019751207015203,0.0766384426033836,Calm,2262.530029296875,0.0005060657865159999,0.0016265682641404236,-0.0040453671776304375
2016-12-20,0.0036375121488696,0.0754962181945856,Calm,2270.760009765625,-7.438673382748001e-05,0.0019134401960718428,-0.000422570101015963
2016-12-21,-0.0024573614565177,0.074118370112286,Calm,2265.179931640625,0.0010575753456592,0.0014411181921498903,-0.002878893150054836
2016-12-22,-0.0018629737285675,0.0749315694555348,Calm,2260.9599609375,-9.166499103573986e-05,0.001249289334936957,-0.004736503576316515
2016-12-23,0.0012517152775348,0.0749144088469655,Calm,2263.7900390625,0.0005088025885679002,0.0012704174703955999,-0.003490717052670268
2016-12-27,0.0022483727122095,0.074394036387922,Calm,2268.8798828125,0.0005634529907057402,0.0011910834618498334,-0.0012501927734279495
2016-12-28,-0.0083565291759726,0.0784461381566516,Calm,2249.919921875,-0.0018353552742627001,0.0010433694835417428,-0.00959627467701383
2016-12-29,-0.0002933047096294,0.0785725386037696,Calm,2249.260009765625,-0.0014025439248850399,0.0009658172085962045,-0.009886764754085588
2016-12-30,-0.0046370502277821,0.0800111196072159,Calm,2238.830078125,-0.00195735922472796,0.000871357866277838,-0.014477969557112788
2017-01-03,0.0084865752812792,0.0824836840503398,Calm,2257.830078125,-0.00051038722397908,0.0014428866403266428,-0.006114262654400097
2017-01-04,0.0057222737885258,0.0836869529515756,Calm,2270.75,0.00018439299128417998,0.0016964707966223523,-0.0004269763507976656
2017-01-05,-0.0007706704833204,0.0827027656462569,Calm,2269.0,0.00170156472981462,0.0013825671901188524,-0.0011973177760475188
2017-01-06,0.0035169592193697,0.0827363531437637,Calm,2276.97998046875,0.00246361751561444,0.0013876181836746096,0.0
2017-01-09,-0.0035485942758867,0.0723710170041185,Calm,2268.89990234375,0.00268130870599352,0.0005918164864959809,-0.003548594275886693
2017-01-10,0.0,0.0721679956485628,Calm,2268.89990234375,0.0009839936497376804,0.0004889906270994475,-0.003548594275886693
2017-01-11,0.0028296382793233,0.0699799888013325,Calm,2275.320068359375,0.0004054665478971803,0.00034092650768838083,-0.0007289972347641294
2017-01-12,-0.0021448089967596,0.0703342440780792,Calm,2270.43994140625,0.0001306388452093403,0.00029295631358361413,-0.002872242671696058
2017-01-13,0.0018498402425362,0.0668772237059155,Calm,2274.639892578125,-0.00020278495015735968,6.962609891452848e-05,-0.0010277156192402088
2017-01-17,-0.002967502689997,0.0610604436289197,Calm,2267.889892578125,-8.656663297941965e-05,0.0003148484400551999,-0.0039921685603725296
2017-01-18,0.0017637540575008,0.0599307434710279,Calm,2271.889892578125,0.0002661841785207404,0.0002139211116072761,-0.0022354557063681913
2017-01-19,-0.0036093083554193,0.0610341510473414,Calm,2263.68994140625,-0.0010216051484277797,0.00012541226708651896,-0.005836695612828379
2017-01-20,0.0033662371547078,0.0617513860718242,Calm,2271.31005859375,8.060408186570034e-05,0.00019165590771449514,-0.0024901061597532195
2017-01-23,-0.0026901247580694,0.0611901752251959,Calm,2265.199951171875,-0.0008273889182554197,-0.00010966013547307631,-0.005173532221592
2017-01-24,0.0065645936376641,0.0647087943037373,Calm,2280.070068359375,0.0010790303472768003,0.00031995677377367603,0.0
2017-01-25,0.0080260905496174,0.0694028474811963,Calm,2298.3701171875,0.00233149764570012,0.0007908645965443856,0.0
2017-01-26,-0.0007353844075136,0.0695777332418437,Calm,2296.679931640625,0.0029062824352812603,0.0006962408020182712,-0.0007353844075136465
2017-01-27,-0.0008664638929263,0.0695388710599255,Calm,2294.68994140625,0.00205974222575444,0.0005479152493927569,-0.0016012111164033956
2017-01-30,-0.0060095435176958,0.0661446134144512,Calm,2280.89990234375,0.0013958584738291602,0.0006596764712154618,-0.007601132086214288
2017-01-31,-0.000889905407144,0.0662850549764591,Calm,2278.8701171875,-9.504133513245972e-05,0.000631266914190957,-0.008484273204814383
2017-02-01,0.0002983634896507,0.0634883834554308,Calm,2279.550048828125,-0.0016405867471258,0.0008662866150210904,-0.008188441112524118
2017-02-02,0.0005703094032936,0.0571192734043248,Calm,2280.85009765625,-0.0013794479849643599,0.0004893215732122523,-0.007622801654195334
2017-02-03,0.0072647580986477,0.059114892412426,Calm,2297.419921875,0.00024679641335044017,0.0005627732070275808,-0.00041342136559917845
2017-02-06,-0.0021153569858851,0.0596779179635973,Calm,2292.56005859375,0.0010256337197125803,0.0004987405164292618,-0.0025279038177104954
2017-02-07,0.0002268291856959,0.0586609665251313,Calm,2293.080078125,0.0012489806382805601,0.0003420676576828903,-0.002301648034378982
2017-02-08,0.00069332238554,0.0569309925477922,Calm,2294.669921875,0.0013279724174584202,0.0005440636891793999,-0.0016099214329447966
2017-02-09,0.0057525464497805,0.0596604530567741,Calm,2307.8701171875,0.0023644198267558,0.0008179944725022808,0.0
2017-02-10,0.0035660501028451,0.0600267317466448,Calm,2316.10009765625,0.0016246782275952804,0.0008530617021937951,0.0
2017-02-13,0.0052458450979924,0.0608303613385017,Calm,2328.25,0.0030969186443707804,0.0012049976114676998,0.0
2017-02-14,0.0040073351766347,0.0615731243315466,Calm,2337.580078125,0.0038530198425585404,0.0013077354654723902,0.0
2017-02-15,0.0049923089198982,0.0607782409637122,Calm,2349.25,0.00471281714943018,0.0016867741135626379,0.0
2017-02-16,-0.0008641180363413,0.0614146995489793,Calm,2347.219970703125,0.0033894842522058204,0.0015616373471892045,-0.0008641180363413855
2017-02-17,0.0016785565287558,0.0584658301376209,Calm,2351.159912109375,0.00301198553738796,0.0018134404369118287,0.0
2017-02-21,0.0060480661608284,0.0600791230338252,Calm,2365.3798828125,0.0031724297499551605,0.0019411465800604284,0.0
2017-02-22,-0.001082200145408,0.0587611126246494,Calm,2362.820068359375,0.00215452268554662,0.0020177144187585906,-0.0010822001454080653
2017-02-23,0.0004189867216857,0.0565854945498845,Calm,2363.81005859375,0.0012398582459041203,0.0017250664703786665,-0.0006636668512135298
2017-02-24,0.0014933641914423,0.0517371446075148,Calm,2367.340087890625,0.0017113546914608404,0.001413984262846519,0.0
2017-02-27,0.0010179830611165,0.0511727871789392,Calm,2369.75,0.0015792399979329803,0.0014974779518289049,0.0
2017-02-28,-0.0025783763780462,0.0524957406958554,Calm,2363.639892578125,-0.00014604850984193952,0.001415958309680338,-0.0025783763780462075
2017-03-01,0.0136738546598662,0.0610067800065299,Calm,2395.9599609375,0.0028051624512129007,0.002353262984802338,0.0
2017-03-02,-0.0058598805035984,0.0665163166677584,Calm,2381.919921875,0.0015493890061560804,0.0021165975040187955,-0.005859880503598383
2017-03-03,0.00050387727206,0.0664493090697922,Calm,2383.1201171875,0.0013514916222796204,0.0021263838746097144,-0.005358955892141027
2017-03-06,-0.0032772408480052,0.0688769095859522,Calm,2375.31005859375,0.0004924468404552804,0.001943167195976438,-0.008618634150993922
2017-03-07,-0.0029133737680216,0.0679869985671465,Calm,2368.389892578125,0.00042544736246020055,0.0014584942499445666,-0.01150689861636389
2017-03-08,-0.0022842151650487,0.0681012604603966,Calm,2362.97998046875,-0.0027661666025227795,0.0014504533842701096,-0.013764829549090408
2017-03-09,0.0007998953585612,0.0680003812483188,Calm,2364.8701171875,-0.0014342114300908595,0.0014777422496446476,-0.012975944613796907
2017-03-10,0.0032686701956989,0.0682109446185777,Calm,2372.60009765625,-0.0008812528453630798,0.0016003778596522143,-0.009749688501518059
2017-03-13,0.0003666328125562,0.0666128859465115,Calm,2373.469970703125,-0.00015247811325079966,0.0013439057816891523,-0.009386630244678644
2017-03-14,-0.0033790271755046,0.0680233420326528,Calm,2365.449951171875,-0.00024560879474739975,0.0010131878160534523,-0.012733939741500076
2017-03-15,0.0083747527965813,0.0712628542060408,Calm,2385.260009765625,0.0018861847975786001,0.001162183420748162,-0.004465830542380301
2017-03-16,-0.0016267102694209,0.0711010211350836,Calm,2381.3798828125,0.00140086367198218,0.0008938955423645619,-0.006085276199396527
2017-03-17,-0.0013143147950017,0.0698662224069843,Calm,2378.25,0.00048426667384206024,0.0005935801273693285,-0.007391593025857736
2017-03-20,-0.0020098935338483,0.0702789553226762,Calm,2373.469970703125,8.961404561160218e-06,0.0005390193893928046,-0.009386630244678644
2017-03-21,-0.0124079729406268,0.0831611796397322,Calm,2344.02001953125,-0.0017968277484632796,-0.00013176772819684291,-0.021678134131225945
2017-03-22,0.0018898864360001,0.080471774126458,Calm,2348.449951171875,-0.0030938010205795196,-0.0003297762865220001,-0.019829216906878156
2017-03-23,-0.0010602696613281,0.0804692262714319,Calm,2345.9599609375,-0.0029805128989609598,-0.00032873197775629056,-0.020868462251112
2017-03-24,-0.0008439958489141,0.0804402891164737,Calm,2343.97998046875,-0.0028864491097434397,-0.00038887400492770965,-0.021694845204512966
2017-03-27,-0.0010195874529811,0.0801699687586638,Calm,2341.590087890625,-0.0026883878935699997,-0.0005085383689478715,-0.022692312865529255
2017-03-28,0.0072514743535005,0.0844588238002925,Calm,2358.570068359375,0.0012435015652554602,-0.00021170545026291912,-0.015605391236794686
2017-03-29,0.0010853247429301,0.0841181422780556,Calm,2361.1298828125,0.0010825892266414603,-3.724349212119056e-05,-0.014537003411096887
2017-03-30,0.0029351099368557,0.0689148891697536,Calm,2368.06005859375,0.0018816651462782205,-0.0005486122884550239,-0.011644561177405161
2017-03-31,-0.0022550474897145,0.0665034937411955,Calm,2362.719970703125,0.0015994548181181404,-0.0003769535735081715,-0.013873349628667724
2017-04-03,-0.0016421255420062,0.0665608287718361,Calm,2358.840087890625,0.0014749472003131204,-0.0004791441837018001,-0.015492693388895614
2017-04-04,0.0005595225490382,0.065851765113967,Calm,2360.159912109375,0.00013655683942066045,-0.0002964411647949715,-0.01494183935115386
2017-04-05,-0.0030548611983906,0.0659243947434588,Calm,2352.949951171875,-0.0006914803488434795,-0.00030317866147920965,-0.017951055304278075
2017-04-06,0.0019295094059432,0.0659449274485707,Calm,2357.489990234375,-0.0008926004550259794,-0.00010252511047959535,-0.016056182628390973
2017-04-07,-0.0008271302020167,0.06590523363757,Calm,2355.5400390625,-0.0006070169974864195,-0.00018000251812616197,-0.016870032276826673
2017-04-10,0.0006876864837839,0.064800718728295,Calm,2357.159912109375,-0.00014105459232839954,-0.00030290650440782863,-0.01619394708622058
2017-04-11,-0.001433879303282,0.0648664499585026,Calm,2353.780029296875,-0.0005397349627924396,-0.00038864517659060007,-0.01760460622393735
2017-04-12,-0.0037599510345466,0.0651007149261948,Calm,2344.929931640625,-0.0006807529300236397,-0.0004067844079735524,-0.021298364801099506
2017-04-13,-0.0068146942273749,0.0603770651974395,Calm,2328.949951171875,-0.0024295936566872595,-0.0011300914091143237,-0.027967917184811834
2017-04-17,0.0086133489402193,0.0691053073837184,Calm,2349.010009765625,-0.0005414978282400597,-0.0006424695419886002,-0.0195954656744365
2017-04-18,-0.0029033798625895,0.0695179739980296,Calm,2342.18994140625,-0.00125971109751474,-0.0007181393071118288,-0.02244195245658891
2017-04-19,-0.0017163507793208,0.0694566573670915,Calm,2338.169921875,-0.0013162053927225,-0.0007041610807057572,-0.024119784973321384
2017-04-20,0.0075572634179876,0.0609843183191846,Calm,2355.840087890625,0.0009472374977843402,0.0002465644601806428,-0.016744801123962334
2017-04-21,-0.0030350729326357,0.0616943982095916,Calm,2348.68994140625,0.0017031617567321799,1.2042585483699895e-05,-0.01972905236394435
2017-04-24,0.0108400689629795,0.072000287054643,Calm,2374.14990234375,0.00214850576128422,0.0005787253771173951,-0.009102847689164254
2017-04-25,0.006090687476747,0.0742461653997306,Calm,2388.610107421875,0.00394731922915152,0.0009089483926250666,-0.0030676028128404625
2017-04-26,-0.0004857034835427,0.0740943127337863,Calm,2387.449951171875,0.00419344868830714,0.0009343714387887999,-0.0035518163510107957
2017-04-27,0.0005529198041311,0.070441928016662,Calm,2388.77001953125,0.0027925799655358395,0.0006153926507235903,-0.003000860416480705
2017-04-28,-0.0019131470681601,0.0709538332453639,Calm,2384.199951171875,0.00301696513843096,0.0004726082787669142,-0.004908266397333076
2017-05-01,0.0017322905115801,0.0705490378201918,Calm,2388.330078125,0.00119540944815108,0.0004153311632775999,-0.00318447842906129
2017-05-02,0.0011890499458222,0.0699123945197082,Calm,2391.169921875,0.00021508194196611998,0.0005793358030650618,-0.001999214987142663
2017-05-03,-0.0012713605313821,0.0697756173479572,Calm,2388.1298828125,5.795053239823996e-05,0.0005969912797614475,-0.0032680337954964066
2017-05-04,0.000582102643895,0.0697755084124789,Calm,2389.52001953125,6.378710035101999e-05,0.000598066522373676,-0.002687833482714025
2017-05-05,0.0040886954080285,0.0694506660017589,Calm,2399.2900390625,0.0012641555955887399,0.0009382358845841093,0.0
2017-05-08,3.744597299082386e-05,0.0694196653440353,Calm,2399.3798828125,0.0009251866878708846,0.0008481376258720914,0.0
2017-05-09,-0.0010252486299153,0.0694832703851111,Calm,2396.919921875,0.00048232697272338474,0.0008387034150197771,-0.001025248629915363
2017-05-10,0.0011306013658478,0.0694880808328814,Calm,2399.6298828125,0.0009627193521693648,0.0008597945998799631,0.0
2017-05-11,-0.0021628091246167,0.0698362514044297,Calm,2394.43994140625,0.00041373699846702466,0.0008250836560068821,-0.002162809124616793
2017-05-12,-0.0014784413679722,0.0683809422436635,Calm,2390.89990234375,-0.0006996903567331153,0.0009337269734628057,-0.0036380529061081604
2017-05-15,0.0047765136484509,0.063442294480888,Calm,2402.320068359375,0.00024812317835889997,0.0014856892532640342,0.0
2017-05-16,-0.0006868970151433,0.0582441166553106,Calm,2400.669921875,0.0003157935013133,0.0010428203982467677,-0.0006868970151433404
2017-05-17,-0.0181782144144334,0.0878135432921846,Calm,2357.030029296875,-0.00354596965474294,0.00031544732434943913,-0.0188526248683549
2017-05-18,0.0036868182832792,0.0882320795994619,Calm,2365.719970703125,-0.0023760441731637597,0.0005727410892351534,-0.015235312787128084
2017-05-19,0.0067674999424665,0.0874835890139223,Calm,2381.72998046875,-0.0007268559110760197,0.0005351333046865296,-0.008570917823072037
2017-05-22,0.0051601311497457,0.0878749045755218,Calm,2394.02001953125,-0.0006501324108170597,0.000925381118133263,-0.003455013733367087
2017-05-23,0.0018378719926541,0.0802824597351555,Calm,2398.419921875,-0.0001451786092575797,0.0004967050719272917,-0.0016234916136876553
2017-05-24,0.002489126548973,0.0780590937004534,Calm,2404.389892578125,0.0039882895834237,0.0003252021706047202,0.0
2017-05-25,0.0044419483770987,0.079271100992825,Calm,2415.070068359375,0.0041393156021876,0.0005598522592066916,0.0
2017-05-26,0.0003105499959714,0.0792758141654205,Calm,2415.820068359375,0.0028479256128885796,0.0005483108397705154,0.0
2017-05-30,-0.001204624586125,0.0790362575313938,Calm,2412.909912109375,0.0015749744657144397,0.0005820500055817106,-0.0012046245861250492
2017-05-31,-0.000459968801852,0.0789990952713721,Calm,2411.800048828125,0.0011154063068132196,0.0004776567049420868,-0.0016640392982495856
2017-06-01,0.0075711126113033,0.082728699236812,Calm,2430.06005859375,0.00213180351927928,0.0007815644509173773,0.0
2017-06-02,0.0037077313104922,0.0829695549768877,Calm,2439.070068359375,0.00198496010595798,0.0010186640624352012,0.0
2017-06-05,-0.0012176651838143,0.0833223673187672,Calm,2436.10009765625,0.0016793170700008398,0.000932960832544282,-0.001217665183814392
2017-06-06,-0.0027790399654609,0.0834413151034743,Calm,2429.330078125,0.0013644339941336595,0.0006059258147590725,-0.003993321209064954
2017-06-07,0.0015682572275503,0.0834784027925795,Calm,2433.139892578125,0.0017700792000141196,0.0006788215887857143,-0.0024313265363626454
2017-06-08,0.0002672047284901,0.0832657654310617,Calm,2433.7900390625,0.0003092976234514796,0.000740366986805019,-0.0021647714698194705
2017-06-09,-0.0008299892344156,0.0834268207142363,Calm,2431.77001953125,-0.0005982464855300804,0.0006470055296496191,-0.002992963967220233
2017-06-12,-0.0009787631782646,0.0830242064756255,Calm,2429.389892578125,-0.0005504660844201403,0.0007033886699521001,-0.003968797742559855
2017-06-13,0.0045115051773323,0.0836315277558785,Calm,2440.35009765625,0.0009076429441384996,0.0009886242197285047,0.0
2017-06-14,-0.0009958307964025,0.0827228740822162,Calm,2437.919921875,0.00039482533934793974,0.0007137506747354857,-0.0009958307964025236
2017-06-15,-0.0022395981461527,0.0832274540329392,Calm,2432.4599609375,-0.00010653523558062034,0.0006398125256397999,-0.003233198681749725
2017-06-16,0.0002836393681004,0.0475606451533497,Calm,2433.14990234375,0.0001161904849225797,0.0015189484200461712,-0.0029504763760802924
2017-06-19,0.0083472286578751,0.0526995994139752,Calm,2453.4599609375,0.0019813888521505196,0.0017408727235983569,0.0
2017-06-20,-0.0066966373620162,0.0569835755503117,Calm,2437.030029296875,-0.00026023965571918045,0.0010997233281468,-0.006696637362016253
2017-06-21,-0.0005826443900691,0.055274475693341,Calm,2435.610107421875,-0.00017760237445250046,0.000826257826250857,-0.007275379993894146
2017-06-22,-0.0004557820722176,0.0553166021063757,Calm,2434.5,0.0001791608403345195,0.0007170362041141094,-0.00772784607834201
2017-06-23,0.0015609155178168,0.0550346668682255,Calm,2438.300048828125,0.00043461607027779956,0.000672835678820957,-0.006178993075388194
2017-06-26,0.0003158017946232,0.053302977547859,Calm,2439.070068359375,-0.0011716693023725805,0.0004763525082268856,-0.005865142617867067
2017-06-27,-0.0080728248861335,0.0609885786092249,Calm,2419.3798828125,-0.0014469068071960402,7.71441805076047e-05,-0.013890619234714368
2017-06-28,0.0088080663748337,0.067817688176672,Calm,2440.68994140625,0.0004312353457845197,0.0005539389881723046,-0.005204902356087525
2017-06-29,-0.0086000232468206,0.0748488272071109,Calm,2419.699951171875,-0.0011976128891360803,0.00016631734793570463,-0.013760163321648358
2017-06-30,0.0015332318107057,0.0700938325102141,Calm,2423.409912109375,-0.0012031496305583004,-0.00012120078542608581,-0.012248029031067812
2017-07-03,0.0023108338495552,0.0692948473047572,Calm,2429.010009765625,-0.0008041432195719005,-0.00018771971213737152,-0.009965498341587912
2017-07-05,0.0014532790242456,0.0694122454676203,Calm,2432.5400390625,0.0011010775625039195,-6.0531892705947725e-05,-0.00852670196704829
2017-07-06,-0.0093688238205867,0.0760960263565899,Calm,2409.75,-0.0025343004765801605,-0.00037433112390241436,-0.017815640619135206
2017-07-07,0.0064031254863057,0.0794216534767175,Calm,2425.179931640625,0.00046632927004509954,-0.00014409930205691913,-0.011526590915332818
2017-07-10,0.0009277662125786,0.0794976840354978,Calm,2427.429931640625,0.00034523615041967955,-0.00011264399329080009,-0.010609518684351619
2017-07-11,-0.0007826806116978,0.0794924739932649,Calm,2425.530029296875,-0.00027346674183092046,-0.0001103912017328096,-0.011383895431475718
2017-07-12,0.0073056076358954,0.0834346232056032,Calm,2443.25,0.0008969989804990395,0.00028410264656052376,-0.004161454068970678
2017-07-13,0.001874584313926,0.082242713693481,Calm,2447.830078125,0.0031456806074015796,0.00015853498639831898,-0.0022946707515653715
2017-07-14,0.0046735030786992,0.083574153252018,Calm,2459.27001953125,0.0027997561258802798,0.00042850326616506655,0.0
2017-07-17,-5.291283677333336e-05,0.0830360999193132,Calm,2459.139892578125,0.002603620316009893,0.0005326311380402745,-5.2912836773329545e-05
2017-07-18,0.0005978573436131,0.0830313621185337,Calm,2460.610107421875,0.002879727907072073,0.0005475938987789745,0.0
2017-07-19,0.0053726393560888,0.0800982358020577,Calm,2473.830078125,0.0024931342511107526,0.00040594678917010315,0.0
2017-07-20,-0.0001536592818101,0.0758838481079152,Calm,2473.449951171875,0.002087485531963533,0.0007175171739418222,-0.00015365928181013594
2017-07-21,-0.000367871647835,0.0758411174902551,Calm,2472.5400390625,0.001079210586656693,0.0007277444473815413,-0.0005214744027519321
2017-07-24,-0.0010637348279797,0.0759897525438731,Calm,2469.909912109375,0.0008770461884154195,0.0006987943161547745,-0.001584654520247497
2017-07-25,0.0029231716783382,0.0763302497557634,Calm,2477.1298828125,0.0013421090553604395,0.0007636636571319842,0.0
2017-07-26,0.0002826639480466,0.0763327858973944,Calm,2477.830078125,0.0003241139737519995,0.0007620856644378603,0.0
2017-07-27,-0.0009726882691745,0.0696481505177126,Calm,2475.419921875,0.00016030817627911946,0.0011001874081025744,-0.0009726882691745313
2017-07-28,-0.0013411155777705,0.0641527335072498,Calm,2472.10009765625,-3.434060970798057e-05,0.0006168930294071364,-0.002312499359554928
2017-07-31,-0.0007281456077897,0.0550526919541647,Calm,2470.300048828125,3.2777234330019433e-05,0.000991744345551465,-0.0030389611310929973
2017-08-01,0.0024491149692504,0.0552572408288619,Calm,2476.35009765625,-6.203410748754052e-05,0.001035357829291689,-0.0005972889270397092
2017-08-02,0.0004926487188865,0.0550871321760387,Calm,2477.570068359375,-2.0037153319560547e-05,0.0009487775849741317,-0.00010493446177784399
2017-08-03,-0.0021836541856442,0.0560988557002536,Calm,2472.159912109375,-0.00026223033661350043,0.0007755902892650936,-0.002288359506845471
2017-08-04,0.0018891035295691,0.0423084484194066,Calm,2476.830078125,0.0003838134848544195,0.0013116820678439412,-0.0004035789252976986
2017-08-07,0.0016471997899281,0.0380949430824643,Calm,2480.909912109375,0.0008588825643979795,0.001085209415635484,0.0
2017-08-08,-0.0024144327873969,0.0399816035511315,Calm,2474.919921875,-0.0001138269869314805,0.0009260570823033173,-0.002414432787396966
2017-08-09,-0.0003636086710507,0.0397817893096296,Calm,2474.02001953125,-0.00028507846491892044,0.0009460128890007983,-0.002777163549750551
2017-08-10,-0.0144744417228017,0.0615185152354032,Calm,2438.2099609375,-0.0027432359723504204,-9.113231855620651e-05,-0.017211407380596778
2017-08-11,0.0012755699762128,0.0613119949539417,Calm,2441.320068359375,-0.0028659426830216802,-0.00011965681082826366,-0.015957791758886977
2017-08-14,0.0100437545445353,0.0689485016353548,Calm,2465.840087890625,-0.0011866317321002399,0.0001360694494496459,-0.006074313357850626
2017-08-15,-0.0004988078808476,0.0689811949470185,Calm,2464.610107421875,-0.0008035067507903802,0.00011483635211277608,-0.0065700913233246805
2017-08-16,0.0014201029158569,0.0691124213789014,Calm,2468.110107421875,-0.0004467644334088602,0.00015399090317200467,-0.0051593186133135575
2017-08-17,-0.0154369521609586,0.0850666081680072,Calm,2430.010009765625,-0.0006392665210402399,-0.0008369420262112048,-0.020516626619655344
2017-08-18,-0.0018353673110713,0.0850958792163526,Calm,2425.550048828125,-0.0012614539784970603,-0.0009170233609379286,-0.02231433838489552
2017-08-21,0.0011626510699036,0.0853850044458771,Calm,2428.3701171875,-0.0030376746734234006,-0.0008441413267599,-0.021177631104389208
2017-08-22,0.0099407797877546,0.0931820518449573,Calm,2452.510009765625,-0.0009497571397029606,-0.000320116821248743,-0.011447373483869552
2017-08-23,-0.003453592714973,0.0930036223633822,Calm,2444.0400390625,-0.0019244962658689405,-0.0006237722685492763,-0.014861431633173116
2017-08-24,-0.0020744620703185,0.0930725757829709,Calm,2438.969970703125,0.000748001752259079,-0.0007360163646619001,-0.016905064227258005
2017-08-25,0.0016728693563305,0.0934382877079829,Calm,2443.050048828125,0.001449649085739439,-0.000610037430114043,-0.015260474834839905
2017-08-28,0.0004870720543856,0.0934726689451122,Calm,2444.239990234375,0.001314533282635839,-0.0005229808762018478,-0.014780835731282832
2017-08-29,0.0008428217368101,0.0935875684144946,Calm,2446.300048828125,-0.0005050583275530609,-0.00044817290741138105,-0.013950471604115292
2017-08-30,0.0046151489339618,0.0947263380629817,Calm,2457.590087890625,0.0011086900022338991,-0.0003450284329013144,-0.009399706174305416
2017-08-31,0.0057209762207304,0.0970127373945183,Calm,2471.64990234375,0.0026677776604436794,-9.606045662303349e-05,-0.00373250544908007
2017-09-01,0.0019825406825328,0.0969566132425219,Calm,2476.550048828125,0.002729711925684139,0.0001023297751949189,-0.0017573646104477284
2017-09-05,-0.0075508068899006,0.1002241475634804,Calm,2457.85009765625,0.0011221361368268991,-0.0003471897685893525,-0.009294901979539662
2017-09-06,0.0031287267736885,0.1007257579685349,Calm,2465.5400390625,0.0015793171442025794,-0.00027664086460076206,-0.0061952564145333604
2017-09-07,-0.0001784361232346,0.1004251765345666,Calm,2465.10009765625,0.0006206001327632992,-0.00017016483297398587,-0.006372587080230908
2017-09-08,-0.0014888507039184,0.1005280827940972,Calm,2461.429931640625,-0.0008213652521664608,-0.0002237477869200668,-0.007851949953389196
2017-09-11,0.0108392993187771,0.0932990577788137,Calm,2488.110107421875,0.0009499864750823993,0.0009816684531551141,0.0
2017-09-12,0.0033639480109453,0.0936617170931169,Calm,2496.47998046875,0.003132937455251579,0.0010811150262376142,0.0
2017-09-13,0.0007571207193879,0.0878063251102461,Calm,2498.3701171875,0.0026586162443914593,0.0006388943678972617,0.0
2017-09-14,-0.0011007176162897,0.0879292618166583,Calm,2495.6201171875,0.0024741599457804393,0.000610231999542876,-0.0011007176162896827
2017-09-15,0.0018471814878802,0.087991249425537,Calm,2500.22998046875,0.0031413663841401594,0.0006305690744011284,0.0
2017-09-18,0.0014559207541648,0.0657794775235993,Calm,2503.8701171875,0.0012646906712176994,0.0014349915941689094,0.0
2017-09-19,0.0011101954279371,0.0647170993528181,Calm,2506.64990234375,0.0008139401546160593,0.0015752564865026426,0.0
2017-09-20,0.000634347815839,0.0647853788778324,Calm,2508.239990234375,0.0007893855739062794,0.0015500991886900426,0.0
2017-09-21,-0.0030459176984141,0.0589493243668228,Calm,2500.60009765625,0.0004003455574813993,0.0009316850226820093,-0.003045917698414143
2017-09-22,0.000647793722952,0.0567771008606591,Calm,2502.219970703125,0.00016046800449575927,0.001126989138773676,-0.002400097101827755
2017-09-25,-0.0022220502828884,0.0568841584304377,Calm,2496.659912109375,-0.0005751262029148807,0.0011199611286512997,-0.004616814248272125
2017-09-26,7.216672978804795e-05,0.0569583305363231,Calm,2496.840087890625,-0.0007827319425446911,0.00104373719405404,-0.0045449806988703545
2017-09-27,0.0040851439470808,0.0578716792530633,Calm,2507.0400390625,-9.257271629633107e-05,0.0012150739508490498,-0.00047840365218117513
2017-09-28,0.0012046155961591,0.0578559253429339,Calm,2510.06005859375,0.000757533942618309,0.0012323022298656688,0.0
2017-09-29,0.0037051100814438,0.0572683803956135,Calm,2519.360107421875,0.0013689972143166688,0.0011889670464124307,0.0
2017-10-02,0.0038740034570177,0.0557643843018726,Calm,2529.1201171875,0.002588207962297889,0.0011010159624261118,0.0
2017-10-03,0.0021588381272976,0.0558028303228226,Calm,2534.580078125,0.0030055422417997997,0.0011094110788434832,0.0
2017-10-04,0.0012467201713795,0.0460734566964821,Calm,2537.739990234375,0.0024378574866595394,0.0015283409389044403,0.0
2017-10-05,0.0056467873699215,0.0479625233739174,Calm,2552.070068359375,0.0033262918414120194,0.001648248586344107,0.0
2017-10-06,-0.0010736344069645,0.0484894667162522,Calm,2549.330078125,0.0023705429437303593,0.001605620096642683,-0.0010736344069645514
2017-10-09,-0.0018044339160793,0.0487548242133906,Calm,2544.72998046875,0.0012348554691109593,0.001590592324635021,-0.002876131020706517
2017-10-10,0.0023224122617073,0.0355312876897055,Calm,2550.639892578125,0.0012675702959928992,0.001185026274298364,-0.0005603983209479054
2017-10-11,0.0018035072962026,0.0347276566606267,Calm,2555.239990234375,0.0013789277209575192,0.0011107195735963308,0.0
2017-10-12,-0.001686752950886,0.0360479813964718,Calm,2550.929931640625,-8.77803432039807e-05,0.000994344636916621,-0.0016867529508860994
2017-10-13,0.0008781073155288,0.0352416337915374,Calm,2553.169921875,0.00030256800129467934,0.001088574395574645,-0.000810126785462968
2017-10-16,0.0017507533144689,0.0352170544677279,Calm,2557.639892578125,0.0010136054474043192,0.0010839825777931545,0.0
2017-10-17,0.0006725789853143,0.0352173576328275,Calm,2559.360107421875,0.0006836387921257193,0.0010466805888002734,0.0
2017-10-18,0.0007423349056041,0.0352320499976551,Calm,2561.260009765625,0.0004714043140060193,0.0010291634210701308,0.0
2017-10-19,0.0003279978945605,0.0352912387698979,Calm,2562.10009765625,0.0008743544830953194,0.0010145753295806783,0.0
2017-10-20,0.0051168427389869,0.0347820308049174,Calm,2575.2099609375,0.0017221015677869396,0.0014032782075521545,0.0
2017-10-23,-0.0039724840397191,0.0394197295767475,Calm,2564.97998046875,0.0005774540969493395,0.0011832649807582928,-0.0039724840397191525
2017-10-24,0.0016179082781735,0.0374344289327104,Calm,2569.1298828125,0.0007665199555211794,0.0013661201503326688,-0.0023610028763583067
2017-10-25,-0.0046630497542752,0.0427177707799356,Calm,2557.14990234375,-0.0003145569764546806,0.0011406336510915618,-0.007013043156751099
2017-10-26,0.0012709462190783,0.0413645537286615,Calm,2560.39990234375,-0.0001259673115511206,0.001006624235472395,-0.0057510101383571955
2017-10-27,0.0080730224980496,0.048076975501404,Calm,2581.070068359375,0.00046526864026141953,0.001333691230800514,0.0
2017-10-30,-0.0031924705707864,0.0497002743401992,Calm,2572.830078125,0.0006212713340479594,0.0010052350092657428,-0.003192470570786421
2017-10-31,0.0009444586571358,0.0485934006112269,Calm,2575.260009765625,0.0004865814098404194,0.0008657328759380331,-0.0022510270701186705
2017-11-01,0.0015921101716727,0.0484428034872524,Calm,2579.360107421875,0.0017376133950299994,0.0008387458304320855,-0.0006625007815409348
2017-11-02,0.0001899658108865,0.0484689748676276,Calm,2579.85009765625,0.0015214173133916394,0.0007884241942181331,-0.0004726608231524916
2017-11-03,0.0030970753849743,0.0459901157143764,Calm,2587.840087890625,0.0005262278907765793,0.0006670093377920761,0.0
2017-11-06,0.0012712512404724,0.0455874546596979,Calm,2591.1298828125,0.0014189722530283393,0.0007786705590985951,0.0
2017-11-07,-0.0001891029228697,0.0447702894929402,Calm,2590.639892578125,0.0011922599370272394,0.0008555910825847666,-0.00018910292286975134
2017-11-08,0.0014436550000984,0.044510258403667,Calm,2594.3798828125,0.0011625689027123793,0.0008137454986986283,0.0
2017-11-09,-0.003761887644002,0.0470535278984563,Calm,2584.6201171875,0.0003721982117346794,0.0005487266920222189,-0.0037618876440021153
2017-11-10,-0.0008976438525517,0.0466589012421062,Calm,2582.300048828125,-0.0004267456357705206,0.0005863033157524237,-0.0046561546612362585
2017-11-13,0.0009836343625724,0.0466686477800214,Calm,2584.840087890625,-0.00048426901135052063,0.0005913284132306903,-0.003677100252385998
2017-11-14,-0.0023096092988857,0.0475096573875769,Calm,2578.8701171875,-0.0009083702865537207,0.00039797781259475704,-0.005978216886335961
2017-11-15,-0.0055256757232663,0.0517232662578179,Calm,2564.6201171875,-0.0023022364312266603,0.00010282282647187129,-0.011470858921685057
2017-11-16,0.0081960580632411,0.0588397326502223,Calm,2585.639892578125,8.93527102219592e-05,0.0004577620244545856,-0.0033688166842013143
2017-11-17,-0.0026259630899742,0.0598037154563606,Calm,2578.85009765625,-0.0002563111372625408,0.0003170972156672189,-0.005985933385905908
2017-11-20,0.0012756828808564,0.0573492495788025,Calm,2582.139892578125,-0.00019790143360574075,0.00013418484147052846,-0.004717886657795829
2017-11-21,0.0065411392958598,0.0593913907606608,Calm,2599.030029296875,0.001572248285343359,0.0006348335717361903,0.0
2017-11-22,-0.0007502611166068,0.0594640076733253,Calm,2597.080078125,0.0025273312066752592,0.0005220636005561761,-0.0007502611166068471
2017-11-24,0.0020560951489239,0.056566553744026,Calm,2602.419921875,0.0012993386238118192,0.0008420228816608952,0.0
2017-11-27,-0.0003842577408796,0.0566988582158221,Calm,2601.419921875,0.0017476796936307392,0.0007632036454724237,-0.00038425774087969504
2017-11-28,0.0098485127187901,0.0598301546784417,Calm,2627.0400390625,0.0034622456612174793,0.0008477507988410189,0.0
2017-11-29,-0.0003692257021979,0.0582052513507878,Calm,2626.070068359375,0.0020801726616059392,0.0009821910306785666,-0.000369225702197957
2017-11-30,0.0081909504338029,0.0633332506098362,Calm,2647.580078125,0.003868414971687879,0.0013272620676627143,0.0
2017-12-01,-0.0020245308031139,0.0643733147458397,Calm,2642.219970703125,0.0030522897812803196,0.0011550410688633524,-0.0020245308031139873
2017-12-04,-0.0010521566439205,0.0647506475583239,Calm,2639.43994140625,0.002918710000672139,0.0010958923805392093,-0.0030745573234992746
2017-12-05,-0.0037393815604747,0.0663982744165195,Calm,2629.570068359375,0.00020113114481917944,0.0007703468117083045,-0.006802441941011876
2017-12-06,-0.0001141056599842,0.0664400055609445,Calm,2629.27001953125,0.00025215515326191943,0.0007043774354960855,-0.0069157714038689515
2017-12-07,0.0029323579853828,0.0667900790857734,Calm,2636.97998046875,-0.0007995633364221006,0.000853018431127157,-0.004003692935987388
2017-12-08,0.0055063063196516,0.0686982166013794,Calm,2651.5,0.0007066040881309992,0.0010464780177725475,0.0
2017-12-11,0.0032019574710069,0.0667650495676586,Calm,2659.989990234375,0.0015574269111164793,0.0013780896899158286,0.0
2017-12-12,0.0015489220646041,0.0662502317864114,Calm,2664.110107421875,0.002615087636132239,0.0014945928288280096,0.0
2017-12-13,-0.0004729570906678,0.0665830940300371,Calm,2662.85009765625,0.0025433173499955193,0.0014252313310546664,-0.00047295709066782625
2017-12-14,-0.0040708592271739,0.0680903643600259,Calm,2652.010009765625,0.0011426739074841792,0.0013413622868504666,-0.004541890976105174
2017-12-15,0.0089743435132163,0.0681915346302153,Calm,2675.81005859375,0.0018362813461971195,0.002031839393349638,0.0
2017-12-18,0.0053628072252507,0.065622410201184,Calm,2690.159912109375,0.0022684512970458795,0.0018969226867786664,0.0
2017-12-19,-0.0032302694598687,0.0661782427520085,Calm,2681.469970703125,0.0013126129921513193,0.0018681461929741666,-0.0032302694598687074
2017-12-20,-0.0008278931807477,0.0668136718797441,Calm,2679.25,0.0012416257741353393,0.0017679759043263523,-0.00405548832255866
2017-12-21,0.0019856558213586,0.0645379378282315,Calm,2684.570068359375,0.002452928783841839,0.0015510481198262951,-0.0020778853051962106
2017-12-22,-0.0004581666477052,0.0644145155756537,Calm,2683.340087890625,0.0005664267516575392,0.001564957380250181,-0.0025350999351568372
2017-12-26,-0.0010584151831672,0.0650160337151091,Calm,2680.5,-0.0007178177300260406,0.001416647364436319,-0.003590831930061953
2017-12-27,0.0007909409391904,0.0647327114098263,Calm,2682.6201171875,8.642434978577932e-05,0.0014726092063444142,-0.0028027311268507414
2017-12-28,0.0018339987251561,0.0571792574644874,Calm,2687.5400390625,0.0006188027309665393,0.001090965682838033,-0.0009738726070082345
2017-12-29,-0.0051831531579653,0.0610302506208203,Calm,2673.610107421875,-0.0008149590648982407,0.0008617310420872046,-0.00615197803409507
2018-01-02,0.00830336147752,0.0612013482925809,Calm,2695.81005859375,0.0009373465601467991,0.000867083948930876,0.0
2018-01-03,0.0063988187687815,0.0631129177386389,Calm,2713.06005859375,0.0024287933505365393,0.0012681958333068473,0.0
2018-01-04,0.0040286360805039,0.0632133312393846,Calm,2723.989990234375,0.0030763323787992387,0.0015101383439937235,0.0
2018-01-05,0.0070337674433695,0.0629563090136765,Calm,2743.14990234375,0.00411628612244192,0.002023145439414876,0.0
2018-01-08,0.0016623439316436,0.0624955102996029,Calm,2747.7099609375,0.005485385540363699,0.002107738277111438,0.0
2018-01-09,0.0013029315960912,0.0624795087419689,Calm,2751.2900390625,0.0040852995640779394,0.0020301465442880283,0.0
2018-01-10,-0.0011122268282528,0.0620449063319476,Calm,2748.22998046875,0.0025830904446710787,0.0017149782991497235,-0.0011122268282527975
2018-01-11,0.0070336464787794,0.0645703729399706,Calm,2767.56005859375,0.003184092524326179,0.0018974396804722236,0.0
2018-01-12,0.006749602987881,0.066694994697546,Calm,2786.239990234375,0.003127259633228479,0.002145091153009219,0.0
2018-01-16,-0.0035244876226721,0.0690020908765432,Calm,2776.419921875,0.002089893322365339,0.0019997801752947284,-0.0035244876226720686
2018-01-17,0.0094150515607511,0.0698616480425981,Calm,2802.56005859375,0.0037123173152973183,0.002641966403291157,0.0
2018-01-18,-0.0016163897301626,0.0673541952091394,Calm,2798.030029296875,0.0036114847349153585,0.0021376457726540662,-0.00161638973016266
2018-01-19,0.0043852351128388,0.0668476186274389,Calm,2810.300048828125,0.003081802461727239,0.0020910947196820713,0.0
2018-01-22,0.0080667264993476,0.0669713423922184,Calm,2832.969970703125,0.003345227164020559,0.002629046908216181,0.0
2018-01-23,0.0021743654797181,0.0658162742253282,Calm,2839.1298828125,0.004484997784498599,0.0027720116063336,0.0
2018-01-24,-0.0005599757022828,0.0667831527216577,Calm,2837.5400390625,0.0024899923318918186,0.0026507910575887714,-0.0005599757022827953
2018-01-25,0.0006026209018938,0.066259976990439,Calm,2839.25,0.002933794458303099,0.0027013047504268186,0.0
2018-01-26,0.011841196508761,0.0718680135151723,Calm,2872.8701171875,0.0044249867374875395,0.003315571973851971,0.0
2018-01-29,-0.0067319743328871,0.0795157567288152,Calm,2853.530029296875,0.001465246571040599,0.002957337913276852,-0.006731974332887238
2018-01-30,-0.0108988156202839,0.0928907567474815,Calm,2822.429931640625,-0.0011493896489598008,0.0023510134206368525,-0.01755741940615653
2018-01-31,0.0004889853730833,0.0890946276396561,Calm,2823.81005859375,-0.0009395974338865809,0.0026211152554486902,-0.01707701935435185
2018-02-01,-0.0006480882520516,0.0872789361638991,Calm,2821.97998046875,-0.001189739264675661,0.0021948557445167095,-0.017714040190779923
2018-02-02,-0.021208547923968,0.1176388212168991,Calm,2762.1298828125,-0.007799688151221461,0.0008802192353381618,-0.03854689904443475
2018-02-05,-0.0409792248042282,0.185947450556603,Elevated,2648.93994140625,-0.01464913824548968,-0.0012630122353633668,-0.0779465018072152
2018-02-06,0.0174409205923138,0.1950694132836559,Elevated,2695.139892578125,-0.008981191002970141,-0.0007674335139850667,-0.0618650399633696
2018-02-07,-0.0050015884169394,0.1953891930058803,Elevated,2681.659912109375,-0.010079305760974681,-0.0010847636258223526,-0.0665572049130147
2018-02-08,-0.037536419758088,0.2322539960019091,Elevated,2581.0,-0.017456972062181962,-0.0029342565474499336,-0.10159530548956275
2018-02-09,0.0149360902084947,0.2403525770240802,Crisis,2619.550048828125,-0.010228044435689422,-0.002170050974271481,-0.08817665192861968
2018-02-12,0.0139145847540425,0.2448130856132366,Crisis,2656.0,0.0007507174759647191,-0.0018423872468780005,-0.0754890086711657
2018-02-13,0.002612929746329,0.2433991101461715,Crisis,2662.93994140625,-0.002214880693232241,-0.002039371686951905,-0.07307332640111441
2018-02-14,0.0134024582572458,0.2490941491879341,Crisis,2698.6298828125,0.001465928641604799,-0.0012333266450510524,-0.06065023035067759
2018-02-15,0.0120691127622993,0.2506882768018409,Crisis,2731.199951171875,0.011387035145682258,-0.0011069427783106619,-0.04931311205753991
2018-02-16,0.0003734693722488,0.2507320894101042,Crisis,2732.219970703125,0.008474510978433079,-0.0010121875829577382,-0.048958059622294915
2018-02-20,-0.0058413894593534,0.2504607993066905,Crisis,2716.260009765625,0.004523316135753899,-0.001499169705443081,-0.05451346598822021
2018-02-21,-0.0054965031281792,0.2483316055291074,Crisis,2701.330078125,0.0029014295608522597,-0.002145037782944357,-0.05971033568006733
2018-02-22,0.0009735510790762,0.2481031687948263,Crisis,2703.9599609375,0.0004156481252183391,-0.0022022194210701623,-0.05879491566272432
2018-02-23,0.0160283763505131,0.2560151651747416,Crisis,2747.300048828125,0.0012075008428610993,-0.0014122978947465475,-0.043708926347950025
2018-02-26,0.0117570153438109,0.2600061268495416,Crisis,2779.60009765625,0.003484210037173519,-0.0008811362546552572,-0.03246579752187337
2018-02-27,-0.0127068884438292,0.2587746186925875,Crisis,2744.280029296875,0.00211111024027836,-0.002050092680969076,-0.04476014669835228
2018-02-28,-0.011095788639207,0.2602069858955551,Crisis,2713.830078125,0.0009912531380727996,-0.002257893362222405,-0.055359286210334493
2018-03-01,-0.0133243995419872,0.2613550284690347,Crisis,2677.669921875,-0.0018683369861398809,-0.0023733973584939903,-0.06794605650449603
2018-03-02,0.005071602744632,0.2624671580435309,Crisis,2691.25,-0.0040596917073161005,-0.002155177483658338,-0.06321904916651908
2018-03-05,0.011032026532745,0.2664013982762211,Crisis,2720.93994140625,-0.004204689469529281,-0.0015989815415251667,-0.052884456861554026
2018-03-06,0.0026388586061694,0.256923394393666,Crisis,2728.1201171875,-0.001135540059529561,-0.0004633907543757668,-0.05038515285950631
2018-03-07,-0.0004838747205661,0.21057634828318,Elevated,2726.800048828125,0.000986842724198619,0.0014649592496081426,-0.05084464747831189
2018-03-08,0.0044630782078172,0.2028267407516838,Elevated,2738.969970703125,0.004544338274159499,0.0008469667551083045,-0.04660849290863918
2018-03-09,0.0173788315189269,0.2094057747022583,Elevated,2786.570068359375,0.007005784029018479,0.0019127010377686046,-0.030039662535322535
2018-03-12,-0.0012739851290425,0.1535617632346317,Normal,2783.02001953125,0.004544581696660979,0.003639483639151723,-0.031275377581013654
2018-03-13,-0.0063635765510888,0.1515316900831123,Normal,2765.31005859375,0.0027440946652093393,0.002625213793457271,-0.037439930872701546
2018-03-14,-0.0057245219485623,0.1483341349443019,Normal,2749.47998046875,0.0016959652196100992,0.001690018236190376,-0.042950127115230406
2018-03-15,-0.0007819305319631,0.1485340398144645,Normal,2747.330078125,0.0006469634716540392,0.001528358222938371,-0.04369847363145047
2018-03-16,0.0017034471678114,0.1421411255203692,Normal,2752.010009765625,-0.0024881133985690607,0.0009712624567748281,-0.042069464504784285
2018-03-19,-0.014204195388793,0.1453953016715209,Normal,2712.919921875,-0.0050741554505191605,-0.000279847455181948,-0.05567609699984941
2018-03-20,0.0014818054520648,0.1455087002166864,Normal,2716.93994140625,-0.0035050790498884405,-0.00022706954661928135,-0.05427679269186853
2018-03-21,-0.0018439898833508,0.1442185034668465,Normal,2711.929931640625,-0.0027289726368461406,-3.671718585725277e-05,-0.05602069671859486
2018-03-22,-0.0251628884058564,0.1677677217421638,Normal,2643.68994140625,-0.0076051642116248,-0.0009732117228895004,-0.07977394258450299
2018-03-23,-0.020966880711866,0.1812353057480694,Elevated,2588.260009765625,-0.012139229787560279,-0.0020179941891248433,-0.09906821255828452
2018-03-26,0.0271572557615125,0.198478018298716,Elevated,2658.550048828125,-0.00386693955749918,-0.0014880475505058242,-0.0746013775830532
2018-03-27,-0.0172763088138478,0.1995447717534288,Elevated,2612.6201171875,-0.007618562410681701,-0.0028705867961086196,-0.09058884995983778
2018-03-28,-0.0029166571662562,0.1963200138573754,Elevated,2605.0,-0.00783309586726278,-0.0024043853067003814,-0.0932412905076757
2018-03-29,0.0137697186900191,0.2012832388340916,Elevated,2640.8701171875,-4.657444808767973e-05,-0.0012203135291181861,-0.08075547815824155
2018-04-02,-0.0223374235601651,0.2103305417464648,Elevated,2581.8798828125,-0.00032068301774749937,-0.0016495051490314193,-0.10128903239798234
2018-04-03,0.0126148658487921,0.2149403720973256,Elevated,2614.449951171875,-0.0032291610002915805,-0.0012903021440714142,-0.08995191410484465
2018-04-04,0.0115664827398285,0.2153340475952882,Elevated,2644.68994140625,0.0025393973104436795,-0.0012648518484960096,-0.07942585862692436
2018-04-05,0.0068628636575538,0.2167911180223638,Elevated,2662.840087890625,0.004495301475205679,-0.0010637087508110381,-0.0731080838080113
2018-04-06,-0.0219202487798424,0.2284718408472878,Elevated,2604.469970703125,-0.0026426920187666196,-0.0020844884679194335,-0.09342578520296456
2018-04-09,0.0033365488963206,0.2280980820392592,Elevated,2613.159912109375,0.0024921024725305203,-0.0021381327208478433,-0.09040095600715067
2018-04-10,0.0167269537832615,0.2274054154339609,Elevated,2656.8701171875,0.0033145200594244,-0.002169174517784291,-0.07518613483698351
2018-04-11,-0.005525364482924,0.2276712713223934,Elevated,2642.18994140625,-0.00010384938512609989,-0.0023716211536834097,-0.08029606852087093
2018-04-12,0.0082507500639876,0.2300586639234347,Elevated,2663.989990234375,0.00017372789616066,-0.001675700838679772,-0.07270782124936986
2018-04-13,-0.0028866254882486,0.2296390239433309,Elevated,2656.300048828125,0.0039804525544794205,-0.0015405629119981672,-0.07538456648760512
2018-04-16,0.0081090383866848,0.2320617303123582,Elevated,2677.840087890625,0.00493495045255226,-0.0011171834396816005,-0.06788682444433189
2018-04-17,0.01066150470172,0.2354832180194247,Elevated,2706.389892578125,0.00372186063624396,-0.0006906092714002383,-0.05794909544061005
2018-04-18,0.0008313658006817,0.2303148226407699,Elevated,2708.639892578125,0.0049932066929651,2.536983286046167e-05,-0.05716590653605813
2018-04-19,-0.0057261246901529,0.2310926694619149,Elevated,2693.1298828125,0.0021978317421369998,-0.0003178649358165717,-0.06256469211736004
2018-04-20,-0.008536532300613,0.2328061156777042,Elevated,2670.139892578125,0.00106785037966412,-0.0006365574318766764,-0.07056713890283528
2018-04-23,5.623169212687351e-05,0.2150435236457202,Elevated,2670.2900390625,-0.0005427109592474652,0.0005643530489796699,-0.07051487532033753
2018-04-24,-0.0133805616416463,0.2069253612112372,Elevated,2634.56005859375,-0.005351124227920725,0.000925606338037751,-0.08295190832610708
2018-04-25,0.0018370595630237,0.1837766369440066,Elevated,2639.39990234375,-0.005149985475452324,-0.0002801172904617159,-0.0812672363595449
2018-04-26,0.0104342047743672,0.1764080454604388,Normal,2666.93994140625,-0.0019179195825483053,0.00103943097564376,-0.07168099057079991
2018-04-27,0.0011136248915897,0.1758207154407903,Normal,2669.909912109375,1.2111855892234539e-05,0.0012313491688745173,-0.07064719141456358
2018-04-30,-0.0081874909644346,0.1725126108974274,Normal,2648.050048828125,-0.0016366326754200602,0.0001857677567576745,-0.07825625913762879
2018-05-01,0.0025490454770622,0.1518797711628129,Normal,2654.800048828125,0.0015492887483216397,0.0013708377109113556,-0.07590669242397306
2018-05-02,-0.0072058635683577,0.1488811832104818,Normal,2635.669921875,-0.0002592958779546404,0.000426993452951841,-0.08256558272279838
2018-05-03,-0.0022536742393085,0.1434504807167451,Normal,2629.72998046875,-0.0027968716806897804,-0.00023110926034039704,-0.08463318103527104
2018-05-04,0.0128111789637979,0.1485462857409532,Normal,2663.419921875,-0.0004573608662481403,5.214384948075057e-05,-0.07290625289999146
2018-05-07,0.0034579455015175,0.1254695851315989,Calm,2672.6298828125,0.0018717264269422797,0.0012606292914502696,-0.0697004132477219
2018-05-08,-0.000265641322828,0.1253390764355847,Calm,2671.919921875,0.0013087890669642396,0.0010890964238717648,-0.06994753926057314
2018-05-09,0.0096822202550688,0.1163154201672969,Calm,2697.7900390625,0.00468640583164954,0.0007536329225292552,-0.06094256648692527
2018-05-10,0.0093706437235048,0.1176221211046475,Calm,2723.070068359375,0.007011269424212199,0.0014629666466449123,-0.05214299384156537
2018-05-11,0.001707595554657,0.115019551508986,Calm,2727.719970703125,0.004790552742384019,0.0011513878604863122,-0.050524437431398735
2018-05-14,0.0008834895573073,0.1140895407643813,Calm,2730.1298828125,0.00427566155354198,0.0013309171483699266,-0.04968558568695083
2018-05-15,-0.0068421402799274,0.1146520192246837,Calm,2711.449951171875,0.0029603617621220997,0.0006189562594836313,-0.0561877702197178
2018-05-16,0.0040605616787676,0.1095328242490756,Calm,2722.4599609375,0.0018360300468618594,0.0003046256393430409,-0.05235536244751972
2018-05-17,-0.0008558723207806,0.1095865170013953,Calm,2720.1298828125,-0.00020927316199522038,0.00022428096689245517,-0.0531664252627371
2018-05-18,-0.0026321949384167,0.1079821192112425,Calm,2712.969970703125,-0.0010772312606099604,0.00037161095507036944,-0.05565867580568349
2018-05-21,0.0073867529972351,0.105490322782734,Calm,2733.010009765625,0.00022342142737559952,0.0011298626359202788,-0.0486830596987782
2018-05-22,-0.0031357617896576,0.1064745746571177,Calm,2724.43994140625,0.0009646971254295596,0.0009778629463114944,-0.051666163010028826
2018-05-23,0.0032484098921563,0.0929419623708506,Calm,2733.2900390625,0.0008022667681072994,0.0017697187336354278,-0.048585585992884
2018-05-24,-0.002023213496498,0.0938641466478985,Calm,2727.760009765625,0.0005687985329638194,0.0015858962069915372,-0.050510500476066
2018-05-25,-0.0023572204364039,0.0890040802745561,Calm,2721.330078125,0.0006237934333663793,0.000976780720764342,-0.05274865652849479
2018-05-29,-0.011564187290653,0.0990289365383681,Calm,2689.860107421875,-0.0031663946242112403,0.000373075378752785,-0.063702848475722
2018-05-30,0.0126957912233143,0.1026401254909521,Calm,2724.010009765625,-8.402161686058007e-08,0.0013675173876932089,-0.05181581531698585
2018-05-31,-0.0068795599748869,0.1064004064040984,Calm,2705.27001953125,-0.0020256779950255004,0.0009185361756956327,-0.05833890528275193
2018-06-01,0.010849230370481,0.1074075235453117,Calm,2734.6201171875,0.000548810778370299,0.0017783025537355707,-0.048122607135245236
2018-06-04,0.0044795984359973,0.1067533605379312,Calm,2746.8701171875,0.0019161745528505393,0.0020989345858929897,-0.04385857865490705
2018-06-05,0.0007025929724704,0.0994333893164796,Calm,2748.800048828125,0.004369530605475219,0.001522335252972633,-0.043186800411582085
2018-06-06,0.0085673924657287,0.1022228042934326,Calm,2772.35009765625,0.003543850853958099,0.001765642251268404,-0.03498940621431842
2018-06-07,-0.000714188467908,0.1023468438135713,Calm,2770.3701171875,0.004776925155353879,0.0017442828634074519,-0.0356786056518093
2018-06-08,0.0031259043893263,0.0983829275070032,Calm,2779.030029296875,0.0032322599591229394,0.001432077345991142,-0.03266422917249498
2018-06-11,0.0010687076684365,0.0940502433651009,Calm,2782.0,0.002550081805610779,0.0010367470576545567,-0.03163043001625865
2018-06-12,0.0017433852107295,0.0940535415900991,Calm,2786.85009765625,0.002758240253262599,0.0010384513269913421,-0.029942188829428323
2018-06-13,-0.0040261278685875,0.0956791149655189,Calm,2775.6298828125,0.00023953618639935905,0.0008046600209963517,-0.033847765617123285
2018-06-14,0.0024715497784322,0.0916552711332558,Calm,2782.489990234375,0.0008766838356673992,0.0012481690713944278,-0.03145987227630252
2018-06-15,-0.0010171027155291,0.0913795114488573,Calm,2779.659912109375,4.8082414696319064e-05,0.001006375528808871,-0.032444977070309224
2018-06-18,-0.0021261277624751,0.0918106152195309,Calm,2773.75,-0.000590884671486001,0.0009458871744424659,-0.034502122666282324
2018-06-19,-0.0040234022926993,0.0926167181797699,Calm,2762.590087890625,-0.0017442421721717608,0.0008796392051909137,-0.03838670903954322
2018-06-20,0.0017121542893689,0.0896312043460572,Calm,2767.320068359375,-0.000596585740580481,0.0006094202191020469,-0.03674027871871111
2018-06-21,-0.0063455105155799,0.0919799662061672,Calm,2749.760009765625,-0.002359997799382901,0.0004565750416771755,-0.042852653409336194
2018-06-22,0.0018619345065358,0.091574218706162,Calm,2754.8798828125,-0.0017841903549699208,0.0003905524042666755,-0.0410705077368798
2018-06-25,-0.0137246689734161,0.103637297944876,Calm,2717.070068359375,-0.0041038985971581215,-0.0001666597613008531,-0.05423149758703714
2018-06-26,0.0022045770199778,0.1036271612367872,Calm,2723.06005859375,-0.002858302734622701,5.05686890030374e-05,-0.05214647808039856
2018-06-27,-0.0086043551288214,0.0998869214158653,Calm,2699.6298828125,-0.004921604618260761,0.000191513077661685,-0.060302146393098964
2018-06-28,0.0061786898594677,0.0918339744246319,Calm,2716.31005859375,-0.002416764543251241,-0.00011882508252148644,-0.05449604479405429
2018-06-29,0.0007584033300001,0.0885000389007385,Calm,2718.3701171875,-0.0026374707785583812,0.0002448874558064659,-0.05377897144589793
2018-07-02,0.0030679574121528,0.0804950319288954,Calm,2726.7099609375,0.0007210544985553988,-0.00012564935173297215,-0.05087600562781055
2018-07-03,-0.0049473506268106,0.080323346504303,Calm,2713.219970703125,-0.0007093310308022811,-0.0005745516880571579,-0.05557165481628883
2018-07-05,0.0086208036839299,0.0863658310762203,Calm,2736.610107421875,0.0027357007317479792,-0.00019749403513051491,-0.047429923458921164
2018-07-06,0.0084812815952675,0.0862561650429525,Calm,2759.820068359375,0.0031962190789079394,-0.00020159455277152444,-0.03935090840055082
2018-07-09,0.0088229858876633,0.0916974545236392,Calm,2784.169921875,0.004809135590440579,0.0002525566070175851,-0.030875115022372213
2018-07-10,0.0034732671808739,0.0918423816574483,Calm,2793.840087890625,0.0048901975441847986,0.0002690976923293756,-0.027509085365211117
2018-07-11,-0.0070942028662561,0.0952372633106463,Calm,2774.02001953125,0.004460827096295699,-0.00011961233313217683,-0.0344081331992213
2018-07-12,0.0087490426746634,0.099939909604051,Calm,2798.2900390625,0.004486474894442399,0.00021399040324562795,-0.025960128750273214
2018-07-13,0.0010792374947172,0.0987686655926579,Calm,2801.31005859375,0.0030060660743323393,0.0004571030395934708,-0.024908908399870963
2018-07-16,-0.0010281357268144,0.0986132072759331,Calm,2798.429931640625,0.001035841751436799,0.0002904513488674422,-0.025911434388043587
2018-07-17,0.0039736986307106,0.099292563231286,Calm,2809.550048828125,0.001135928041404139,0.0005281085558312375,-0.02204069998868047
2018-07-18,0.0021605126279586,0.098958562421677,Calm,2815.6201171875,0.002986871140247079,0.0007322342887090327,-0.019927806571376418
2018-07-19,-0.0039529931204791,0.0989162200400894,Calm,2804.489990234375,0.000446463981218579,0.000735587106433804,-0.023802025209572718
2018-07-20,-0.0009484477101494,0.0990145855756011,Calm,2801.830078125,4.0926940245259046e-05,0.0006088917731234089,-0.024727897943415282
2018-07-23,0.0018380494891383,0.0957776562908529,Calm,2806.97998046875,0.000614163983435799,0.0009985851066814187,-0.022935299554459332
2018-07-24,0.0047809111459209,0.0966390758317519,Calm,2820.39990234375,0.000775606486477859,0.001137583994271185,-0.018264040037813338
2018-07-25,0.0091016050575996,0.0839194850170323,Calm,2846.070068359375,0.002163824972406059,0.002224549424319552,-0.009328667059394205
2018-07-26,-0.0030322960242857,0.0858732425097718,Calm,2837.43994140625,0.002347964391644739,0.0019751745174498613,-0.012332675803643936
2018-07-27,-0.0065622086921236,0.0829446406646535,Calm,2818.820068359375,0.0012252121952498988,0.0020724195858640424,-0.0188139549034118
2018-07-30,-0.0057541702945819,0.0857539655026794,Calm,2802.60009765625,-0.0002932317614941414,0.0015041881499569185,-0.02445986649756494
2018-07-31,0.0048847287979825,0.0864899537476033,Calm,2816.2900390625,-0.0002724682310818212,0.0017006798389084614,-0.019694617513857923
2018-08-01,-0.0010403515262938,0.086841793628671,Calm,2813.360107421875,-0.0023008595478605015,0.0015050460799348137,-0.020714479714761515
2018-08-02,0.0049264448033816,0.0842965960052212,Calm,2827.219970703125,-0.0007091113823270406,0.001975226814705871,-0.015890083652325315
2018-08-03,0.0046441830098771,0.0814230888322729,Calm,2840.35009765625,0.0015321669580730993,0.0017858639254652612,-0.011319697098971758
2018-08-06,0.0035382274515358,0.0780314702051228,Calm,2850.39990234375,0.0033906465072966394,0.0015504803948113706,-0.007821521310454518
2018-08-07,0.0028241822564987,0.0736298479355348,Calm,2858.449951171875,0.0029785371989998794,0.0012648230790416278,-0.005019428455659576
2018-08-08,-0.0002623799656497,0.0733547273935826,Calm,2857.699951171875,0.0031341315111286993,0.0010869351196833613,-0.005280491423843547
2018-08-09,-0.0014416744645237,0.0678157597126975,Calm,2853.580078125,0.0018605076575476391,0.0013561031388134755,-0.006714553138721315
2018-08-10,-0.0071138879135516,0.0682881480399577,Calm,2833.280029296875,-0.0004911065271381009,0.0006007254917556182,-0.013780674473854441
2018-08-13,-0.0040059921853423,0.0700875569472472,Calm,2821.929931640625,-0.0019999504545137213,0.00035857169746707066,-0.017731461384945843
2018-08-14,0.0063892547772768,0.0728922280452394,Calm,2839.9599609375,-0.0012869359503581011,0.0007117807690904611,-0.011455497432030998
2018-08-15,-0.0076021648357581,0.0772641216286469,Calm,2818.3701171875,-0.0027548929243797807,0.00016054917544909445,-0.01897057568803519
2018-08-16,0.007919408484583,0.0815963609246463,Calm,2840.68994140625,-0.0008826763345584413,0.0004347823114788278,-0.011201402941513398
2018-08-17,0.0033231157222237,0.0805526769139599,Calm,2850.1298828125,0.0012047243925966187,0.0007812636849408659,-0.007915510777515544
2018-08-20,0.0024280177746833,0.0804882858264297,Calm,2857.050048828125,0.002491526384601739,0.0009420477556471848,-0.005506712003695673
2018-08-21,0.0020685364303643,0.0805245668529169,Calm,2862.9599609375,0.0016273827152192388,0.0009530233242769944,-0.003449566407722569
2018-08-22,-0.0003981517707819,0.0794134208314894,Calm,2861.820068359375,0.0030681853282144788,0.0007064012806244801,-0.0038463447275308236
2018-08-23,-0.0016912621251551,0.0736273967023179,Calm,2856.97998046875,0.0011460512062668588,0.00019245522430282774,-0.005531101675527964
2018-08-24,0.006198839704363,0.0754546447363229,Calm,2874.68994140625,0.0017211960026947185,0.000632033116143242,0.0
2018-08-27,0.0076704094276471,0.0744574472271308,Calm,2896.739990234375,0.0027696743332874785,0.001309776836132323,0.0
2018-08-28,0.0002692783264997,0.0700503513014214,Calm,2897.52001953125,0.0024098227125145585,0.0015966077228504942,0.0
2018-08-29,0.00570143412984,0.0705884448347651,Calm,2914.0400390625,0.003629739892638939,0.0016354984529389468,0.0
2018-08-30,-0.0044303290541448,0.0731383819383481,Calm,2901.1298828125,0.0030819265068409993,0.0014740709516127086,-0.004430329054144855
2018-08-31,0.0001344775085945,0.0721656290904307,Calm,2901.52001953125,0.0018690540676872987,0.0012458820328133228,-0.004296447325163699
2018-09-04,-0.0016543221469484,0.0717254890508707,Calm,2896.719970703125,4.107752768198799e-06,0.0009459532158216324,-0.0059436617641489865
2018-09-05,-0.002803126684318,0.0722000562151116,Calm,2888.60009765625,-0.0006103732493953412,0.0006439839712571658,-0.008730127611573414
2018-09-06,-0.0036523050860121,0.0732144938298063,Calm,2878.050048828125,-0.002481121092565761,0.00033557981208998485,-0.012350547608108239
2018-09-07,-0.0022133448270275,0.0737254064486177,Calm,2871.679931640625,-0.0020377242471423017,0.00024267672345294677,-0.014536556414476385
2018-09-10,0.00189782681274,0.0736716735197803,Calm,2877.1298828125,-0.0016850543863132013,0.00040170059379883726,-0.012666317468264668
2018-09-11,0.0037398415100768,0.0691775848974557,Calm,2887.889892578125,-0.0006062216549081613,0.0009185448520668564,-0.008973845978035353
2018-09-12,0.0003566719422101,0.0668769987705743,Calm,2888.919921875,2.5738070397458736e-05,0.0011262907629026849,-0.00862037475489925
2018-09-13,0.0052822543297499,0.0658818681866619,Calm,2904.179931640625,0.0018126499535498588,0.0010735764558775945,-0.0033836554370224705
2018-09-14,0.0002754818389207,0.057989903112694,Calm,2904.97998046875,0.002310415286739499,0.0014487024880051563,-0.0031091057337238187
2018-09-17,-0.0055697222526174,0.0578510745015809,Calm,2888.800048828125,0.0008169054736680191,0.0008063629290908515,-0.008661511130950407
2018-09-18,0.005369014643958,0.0593862829260394,Calm,2904.31005859375,0.001142740100444259,0.0009037866872686753,-0.0033390002670932117
2018-09-19,0.0012532727238796,0.0591453144487666,Calm,2907.949951171875,0.001322060256778159,0.0008478464467542133,-0.0020899122211732865
2018-09-20,0.0078405918984048,0.0638398319905607,Calm,2930.75,0.0018337277705091388,0.0011227062309466182,0.0
2018-09-21,-0.0003685330120276,0.0638310231665754,Calm,2929.669921875,0.0017049248003194787,0.0011241166480301563,-0.000368533012027638
2018-09-24,-0.0035156877607932,0.0651443043199396,Calm,2919.3701171875,0.0021157316986843188,0.0010372392368092943,-0.0038829251258210356
2018-09-25,-0.0013050961134796,0.0627967721229093,Calm,2915.56005859375,0.0007809095471967987,0.0006799089597691705,-0.0051829536488100314
2018-09-26,-0.003289278113945,0.0587719860036114,Calm,2905.969970703125,-0.00012760062036812122,0.00015801907683621344,-0.008455183586752537
2018-09-27,0.002763287087558,0.059462423681729,Calm,2914.0,-0.0011430615825374813,0.00027678139879137056,-0.005715260598822827
2018-09-28,-6.870120538793323e-06,0.0560933539681753,Calm,2913.97998046875,-0.0010707290042397198,4.9573868685708904e-06,-0.00572209145483238
2018-10-01,0.0036411051184257,0.0550100269631573,Calm,2924.590087890625,0.00036062957160406015,0.00038931139508621373,-0.0021018210728908984
2018-10-02,-0.0003966902079042,0.0550717695053462,Calm,2923.429931640625,0.0005423107527191401,0.00036401769430056133,-0.0024976775089567515
2018-10-03,0.0007115197468861,0.0545869439742545,Calm,2925.510009765625,0.00134247032488536,0.00047667683210220424,-0.0017879349089396912
2018-10-04,-0.0081694823343518,0.0613909003819788,Calm,2901.610107421875,-0.0008440835594966001,0.0002211360868624995,-0.009942810740638061
2018-10-05,-0.0055279787665034,0.063199258893066,Calm,2885.570068359375,-0.0019483052886895215,0.00013181829255338998,-0.01541582586048793
2018-10-08,-0.0003951166292067,0.0626607047425235,Calm,2884.429931640625,-0.0027555496382160012,0.00021840058768771376,-0.015804851440544228
2018-10-09,-0.0014179036575431,0.062593657177322,Calm,2880.340087890625,-0.0029597923281437814,6.0508660531375667e-05,-0.017200345341422844
2018-10-10,-0.0328642290012785,0.1288501531490582,Calm,2785.679931640625,-0.009674942077776702,-0.001682542316199829,-0.0494992982544997
2018-10-11,-0.020573007617344,0.1441646324844689,Normal,2728.3701171875,-0.012155647134375142,-0.002679193723797643,-0.06905395643180073
2018-10-12,0.0142061978251524,0.1533932194925575,Normal,2767.1298828125,-0.008208811816043982,-0.0022542440335403813,-0.055828752772327905
2018-10-15,-0.0059049789644829,0.153602923705666,Normal,2750.7900390625,-0.009310784283099222,-0.002548551690845315,-0.06140406412607694
2018-10-16,0.0214956001631634,0.1741369019660093,Normal,2809.919921875,-0.004728083518957921,-0.0012597268139033719,-0.04122838117376098
2018-10-17,-0.0002526623381587,0.1725219714729353,Normal,2809.2099609375,0.0017942298136660387,-0.001527425717813691,-0.04147062665273394
2018-10-18,-0.0143919223563954,0.1777773355540519,Normal,2768.780029296875,0.0030304468658557586,-0.0022724350073505956,-0.05526570697027212
2018-10-19,-0.0003611698977235,0.1741315678586404,Normal,2767.780029296875,0.00011697332128057848,-0.002662995092880515,-0.05560691655826154
2018-10-22,-0.0042995275485813,0.1740113320743232,Normal,2755.8798828125,0.00043806360446089836,-0.0028501853089068813,-0.059667360637208906
2018-10-23,-0.0055118299970128,0.1742447569441631,Normal,2740.68994140625,-0.004963422427574342,-0.002945239701107815,-0.06485031428601894
2018-10-24,-0.0308644339777438,0.1990591708744147,Elevated,2656.10009765625,-0.01108577675549136,-0.004352827218453729,-0.09371318002004607
2018-10-25,0.0186250400528118,0.2144172027264194,Elevated,2705.570068359375,-0.004482384273649922,-0.003309288258131977,-0.07683355169858398
2018-10-26,-0.0173272640399783,0.2185036952702826,Elevated,2658.68994140625,-0.007875603102100882,-0.0042659811689670386,-0.09282950050115159
2018-10-29,-0.0065595995737004,0.2180729744499285,Elevated,2641.25,-0.008327617507124702,-0.0045780159048318765,-0.09878017572293782
2018-10-30,0.0156667800520586,0.2275565962874563,Elevated,2682.6298828125,-0.004091895497310422,-0.004005364717516025,-0.08466096295743411
2018-10-31,0.0108513319740386,0.2330731642928301,Elevated,2711.739990234375,0.004251257693046058,-0.0034697446136139863,-0.0747283151976883
2018-11-01,0.0105578436930637,0.2377477384921702,Elevated,2740.3701171875,0.0026378184210964378,-0.003000872044748387,-0.06495944137592766
2018-11-02,-0.0063166863793988,0.2373264768422805,Elevated,2723.06005859375,0.004839933953212338,-0.0029126436659411012,-0.07086579933677387
2018-11-05,0.0056003171696019,0.2389068810997189,Elevated,2738.31005859375,0.007271917301872798,-0.0023827248118408486,-0.06566235311993517
2018-11-06,0.0062592957741707,0.2407097353172571,Crisis,2755.449951171875,0.005390420446295218,-0.0020658480307276387,-0.05981405743517018
2018-11-07,0.0212088560641052,0.2538784629699289,Crisis,2813.889892578125,0.007461925264308537,-0.0009883832820777201,-0.039873789105817625
2018-11-08,-0.0025089163835961,0.2261151525507403,Elevated,2806.830078125,0.004848573248976578,0.0004571077949547752,-0.042282665486650176
2018-11-09,-0.0091990137061033,0.2159924203895244,Elevated,2781.010009765625,0.004272107783635678,0.0009987265526329038,-0.05109272037341124
2018-11-12,-0.0197014893402406,0.2217297084017055,Elevated,2726.219970703125,-0.0007882535183328217,-0.0006159252171477152,-0.06978760702785124
2018-11-13,-0.0014819196931705,0.2209282718728697,Elevated,2722.179931640625,-0.002336496611801062,-0.00040530334708521997,-0.07116610709182802
2018-11-14,-0.0075674106903027,0.2071358210484037,Elevated,2701.580078125,-0.00809174996268264,-0.0017892562448693198,-0.0781949746225369
2018-11-15,0.0105937533662663,0.2115111861800166,Elevated,2730.199951171875,-0.005471216012710162,-0.0012727602589443201,-0.0684295995319031
2018-11-16,0.0022233054237545,0.2062928238520662,Elevated,2736.27001953125,-0.003186752186738602,-0.0004815589360800391,-0.06635843400793312
2018-11-19,-0.0166431085884942,0.2137488041985088,Elevated,2690.72998046875,-0.0025750760363893225,-0.001256889349926263,-0.08189713197347095
2018-11-20,-0.0181512408324661,0.2214792626327122,Elevated,2641.889892578125,-0.005908940264248442,-0.0019164947443969674,-0.0985618382399983
2018-11-21,0.0030432907461763,0.2217120429342922,Elevated,2649.929931640625,-0.0037867999769526416,-0.0015091080423403436,-0.0958184998240638
2018-11-23,-0.0065548423901612,0.1956133484525672,Elevated,2632.56005859375,-0.007216519128238142,-0.00035150844293164866,-0.1017452670498166
2018-11-26,0.0155323683669224,0.1920948047401147,Elevated,2673.449951171875,-0.004554706539604561,-0.0004987785232120963,-0.08779324365030282
2018-11-27,0.0032616921440038,0.1823621546407522,Elevated,2682.169921875,-0.0005737463931049611,0.00048164796173943227,-0.08481790603940971
2018-11-28,0.0229739796442216,0.1961691142021954,Elevated,2743.7900390625,0.007651297702232579,0.0018880088768785752,-0.0637925312420029
2018-11-29,-0.0021831080910337,0.1900205658265017,Elevated,2737.800048828125,0.00660601793479058,0.0010380142033979895,-0.06583637334193466
2018-11-30,0.0081707475520171,0.1884970691474801,Elevated,2760.169921875,0.009551135923226239,0.0009103673261588707,-0.05820355817623475
2018-12-03,0.0109414261321942,0.1887489493651587,Elevated,2790.3701171875,0.0086329474762806,0.0009286331565936563,-0.04789896197645654
2018-12-04,-0.0323649031493987,0.2202821325619002,Elevated,2700.06005859375,0.0015076284176001001,-0.00031175811816824383,-0.07871361986053058
2018-12-06,-0.0015222281477752,0.2192529095333562,Elevated,2695.949951171875,-0.0033916131407992606,-0.0006509269428052486,-0.08011602792054082
2018-12-07,-0.0233201187653898,0.2311282130912751,Elevated,2633.080078125,-0.007619015275670481,-0.0020594704923081295,-0.10156783139981233
2018-12-10,0.001762153994735,0.2157673231644224,Elevated,2637.719970703125,-0.0089007339871269,-0.002985503924182901,-0.09998465556491512
2018-12-11,-0.0003563461689223,0.215955997437284,Elevated,2636.780029296875,-0.011160288447350201,-0.002883000580627006,-0.10030537258487589
2018-12-12,0.0054195036763498,0.216505590213205,Elevated,2651.070068359375,-0.0036034070822005006,-0.0021868807052720964,-0.09542947424400751
2018-12-13,-0.0001999303236835,0.2069565980079532,Elevated,2650.5400390625,-0.003338947517382161,-0.0012582350378169964,-0.09561032532201655
2018-12-14,-0.0190867095554303,0.2159847508280406,Elevated,2599.949951171875,-0.0024922656753902607,-0.0020965583645912726,-0.11287214836752538
2018-12-17,-0.0207734805592242,0.2248619067557986,Elevated,2545.93994140625,-0.0069993925861821,-0.0027254188345399153,-0.13130088154695896
2018-12-18,8.640058610476231e-05,0.2199113680205372,Elevated,2546.159912109375,-0.006910843235176688,-0.00322576896692856,-0.13122582543397596
2018-12-19,-0.0153957145367981,0.2228604561729551,Elevated,2506.9599609375,-0.011073886877806268,-0.0040647699174310645,-0.14460122462253688
2018-12-20,-0.0157721063274236,0.2222606611099304,Elevated,2467.419921875,-0.014188322078554288,-0.004023293619284845,-0.1580926650601382
2018-12-21,-0.0205882283097142,0.2243628647072097,Elevated,2416.6201171875,-0.014488625829411067,-0.004139340642010945,-0.1754260454875032
2018-12-24,-0.0271122544520995,0.236204899534851,Elevated,2351.10009765625,-0.015756380607986127,-0.005575318984785984,-0.19778210435681992
2018-12-26,0.0495937427895394,0.3037083253250169,Crisis,2467.699951171875,-0.005854912167299199,-0.0029015768333716693,-0.1579971163791265
2018-12-27,0.008562680784222,0.2993058614024664,Crisis,2488.830078125,-0.0010632331030951798,-0.0032334667182621645,-0.15078731446728652
2018-12-28,-0.0012415825080966,0.298479924714345,Crisis,2485.739990234375,0.0018428716607702203,-0.0034479083683621836,-0.1518416820832978
2018-12-31,0.0084924841314093,0.2862945912814926,Crisis,2506.85009765625,0.007659014148994921,-0.0041375033927818165,-0.14463871102746736
2019-01-02,0.0012684969251244,0.2868406353693455,Crisis,2510.030029296875,0.013335164424439699,-0.003973141249155241,-0.1435536878625352
2019-01-03,-0.0247567303950372,0.2919101085147521,Crisis,2447.889892578125,-0.00153493021247562,-0.005541116389491159,-0.16475649830994626
2019-01-04,0.0343357146426235,0.3185844905538804,Crisis,2531.93994140625,0.00361967655920468,-0.004427102650899288,-0.1360778157788109
2019-01-07,0.0070104348486803,0.3039400665011737,Crisis,2549.68994140625,0.00527008003056006,-0.002552086555752669,-0.13002134559199863
2019-01-08,0.0096952850233589,0.3068887045691339,Crisis,2574.409912109375,0.0055106402089499795,-0.00201791926188914,-0.12158665457327476
2019-01-09,0.0040980454505321,0.2974613457161519,Crisis,2584.9599609375,0.006076549914031519,-0.0007122923944642881,-0.11798687675936194
2019-01-10,0.0045184187829312,0.2979031485642056,Crisis,2596.639892578125,0.011931579749625198,-0.0005810416902644691,-0.11400157209651966
2019-01-11,-0.0001462978419093,0.2979060333904059,Crisis,2596.260009765625,0.005035177252718638,-0.0005710393889781356,-0.11413119175445705
2019-01-14,-0.005257525167898,0.2974965038482735,Crisis,2582.610107421875,0.0025815852494029783,-0.0010794693339423165,-0.11878866930926384
2019-01-15,0.0107216886229457,0.300295890536122,Crisis,2610.300048828125,0.0027868659693203388,-0.0005593922412456881,-0.10934059581058603
2019-01-16,0.0022219854881162,0.2927073030006082,Crisis,2616.10009765625,0.0024116539768371586,0.0004553075227327166,-0.10736156353962296
2019-01-17,0.007591400382211,0.2831221137752482,Crisis,2635.9599609375,0.0030262502966931187,0.0018060161389915354,-0.1005851877719014
2019-01-18,0.01318305304897,0.2857426544187285,Crisis,2670.7099609375,0.0056921204748689785,0.0024296662562708327,-0.08872815458926896
2019-01-22,-0.0141573061645666,0.2847998874250947,Crisis,2632.89990234375,0.00391216427553526,0.002488638083519952,-0.10162930910389832
2019-01-23,0.0022029127742235,0.2769776406715116,Crisis,2638.699951171875,0.0022084091057908194,0.003344591374074576,-0.09965027683293526
2019-01-24,0.0013757255543636,0.2631710111511179,Crisis,2642.330078125,0.002039157119040299,0.004390493939030661,-0.09841164271091017
2019-01-25,0.0084886940607138,0.2370772298189563,Elevated,2664.760009765625,0.002218615854740859,0.00608577720154558,-0.09075833497718161
2019-01-28,-0.0078468274939378,0.1811650046787925,Elevated,2643.85009765625,-0.0019873602538407007,0.0033505119499514274,-0.0978929974729165
2019-01-29,-0.0014562465775435,0.1808572729921193,Elevated,2640.0,0.0005528516635639192,0.002873420170819737,-0.0992066877079246
2019-01-30,0.0155492609197442,0.1853412103528437,Elevated,2681.050048828125,0.003222121292668059,0.003672984143574061,-0.08520001746033438
2019-01-31,0.0085973959487253,0.1853759370036667,Elevated,2704.10009765625,0.0046664553715404,0.0036779799443986327,-0.07733511979655379
2019-02-01,0.0008986100931438,0.1854409311976053,Elevated,2706.530029296875,0.0031484385780263997,0.00366036628573289,-0.07650600382261366
2019-02-04,0.006776236617404,0.1540752273620932,Normal,2724.8701171875,0.00607305140029476,0.005161936143468184,-0.07024818998976372
2019-02-05,0.0047084203769747,0.1117636946318011,Calm,2737.699951171875,0.0073059847911984,0.003751112607008718,-0.06587052762198242
2019-02-06,-0.0022244379802809,0.112942518150661,Calm,2731.610107421875,0.00375124501119338,0.003311356758010565,-0.06794844069883989
2019-02-07,-0.0093571401439401,0.1185195870371016,Calm,2706.050048828125,0.00016033779266029952,0.002404098416710613,-0.07666977776059883
2019-02-08,0.000676201086956,0.1184961217730716,Calm,2707.8798828125,0.00011585599142273954,0.0022411534470165133,-0.07604542086070118
2019-02-11,0.0007091030986317,0.1183083090002678,Calm,2709.800048828125,-0.0010975707123317205,0.0020597574620498703,-0.07539024180563848
2019-02-12,0.0128902247439735,0.1237397790899766,Calm,2744.72998046875,0.0005387901610680396,0.0026805442518538134,-0.06347181422204214
2019-02-13,0.0030239946687606,0.1203241702190868,Calm,2753.030029296875,0.0015884766908763393,0.003074902339313747,-0.06063975798110552
2019-02-14,-0.0026516415551012,0.1185201667045353,Calm,2745.72998046875,0.002929576408644119,0.0024380770927400846,-0.06313060463405272
2019-02-15,0.0108787526085869,0.122062135082998,Calm,2775.60009765625,0.004970086712970299,0.0028503040984767846,-0.05293863425531008
2019-02-19,0.0014987433214488,0.1208994890116157,Calm,2779.760009765625,0.005128014757533719,0.002560177571773823,-0.05151923235839802
2019-02-20,0.0017771107537685,0.114562220127216,Calm,2784.699951171875,0.002905391959492719,0.002017037462478513,-0.04983367698647957
2019-02-21,-0.0035264367908802,0.1007353664791795,Calm,2774.8798828125,0.0015953056675645596,0.002523269337415961,-0.053184378465409875
2019-02-22,0.0064111023949868,0.1016176545929354,Calm,2792.669921875,0.0034078544575821593,0.00272365931935707,-0.04711424656657852
2019-02-25,0.0012318625699112,0.1016429181575402,Calm,2796.110107421875,0.0014784764498470195,0.002716808701049813,-0.04594042227352214
2019-02-26,-0.0007904570968998,0.1000742125064629,Calm,2793.89990234375,0.0010206363661772993,0.0022749443602110703,-0.046694565437601296
2019-02-27,-0.0005440493877303,0.0937662256226601,Calm,2792.3798828125,0.0005564043378775395,0.0026226956986019037,-0.04721321067559498
2019-02-28,-0.0028255083152146,0.0946327063843931,Calm,2784.489990234375,0.0006965900330106594,0.0025574927587128037,-0.04990531767145782
2019-03-01,0.0068953205934343,0.0837902241221522,Calm,2803.68994140625,0.0007934336727001593,0.0021454003622218562,-0.04335411024268532
2019-03-04,-0.003880558492514,0.0828275292816878,Calm,2792.81005859375,-0.00022905053978488076,0.0015512120554961753,-0.047066430574511646
2019-03-05,-0.0011315328231061,0.0833261317136399,Calm,2789.64990234375,-0.0002972656850261408,0.0014545385832937991,-0.04814470618655634
2019-03-06,-0.0065240986535923,0.0853367797082838,Calm,2771.449951171875,-0.0014932755381985407,0.0008211892846749276,-0.05435470402733942
2019-03-07,-0.0081257175586835,0.0894524330408851,Calm,2748.929931640625,-0.0025533173868923205,0.00021003985916739413,-0.062038750613110975
2019-03-08,-0.0021316888487414,0.0894211996898708,Calm,2743.070068359375,-0.004358719275327461,0.00021445648447879895,-0.06403819214898064
2019-03-11,0.0146660418677571,0.0955354227567741,Calm,2783.300048828125,-0.0006493992032732404,0.001358417532654856,-0.05031133708841593
2019-03-12,0.0029533182046204,0.0956561147220378,Calm,2791.52001953125,0.0001675710022720594,0.0014668516811150657,-0.04750660427151753
2019-03-13,0.0069495838138418,0.0974589752147858,Calm,2810.919921875,0.0028623074957588794,0.0017640174294584036,-0.04088717158577156
2019-03-14,-0.0008680223820187,0.0889504415419624,Calm,2808.47998046875,0.004313846531091839,0.0011088628044111561,-0.041719702987716455
2019-03-15,0.0049849029002739,0.0897382806226943,Calm,2822.47998046875,0.0057371648808949,0.0012022393868641704,-0.03694276875586454
2019-03-18,0.0037059469012648,0.0889974784944196,Calm,2832.93994140625,0.0035451458875964395,0.0015049816943101704,-0.03337372979399471
2019-03-19,-0.0001305615560248,0.0823067535414095,Calm,2832.570068359375,0.002928369935467399,0.0009807286388524704,-0.03349993402392732
2019-03-20,-0.0029443536044478,0.0833864194461975,Calm,2824.22998046875,0.0009495824518094793,0.0007691525947621561,-0.03634565197688305
2019-03-21,0.0108524810499543,0.090400013591372,Calm,2854.8798828125,0.0032936831382040796,0.001201313085056718,-0.025887611426256077
2019-03-22,-0.0189745012394827,0.1134739896905149,Calm,2800.7099609375,-0.001498197689747241,0.0004656909684565989,-0.04437090815064403
2019-03-25,-0.0008390206584756,0.1114489687872119,Calm,2798.360107421875,-0.002407191201695321,0.00012044701352981794,-0.04517270070054594
2019-03-26,0.0071827258623062,0.1140723268727535,Calm,2818.4599609375,-0.0009445337180291211,0.0004038214560248179,-0.038314437963831785
2019-03-27,-0.0046443248906916,0.1153547078859694,Calm,2805.3701171875,-0.0012845279752778812,0.0002203039420347322,-0.0427808181566152
2019-03-28,0.003589481529391,0.1158970349790803,Calm,2815.43994140625,-0.0027371278793905415,0.00041713874761193693,-0.03934489758380961
2019-03-29,0.0067342800173637,0.1172502539854308,Calm,2834.39990234375,0.0024046283719787393,0.0008723667634489989,-0.032875577124029685
2019-04-01,0.0115686001242754,0.1213218843371637,Calm,2867.18994140625,0.004886152528528939,0.0010949038839652419,-0.02168730140535699
2019-04-02,1.745570720723677e-05,0.1200524649313531,Calm,2867.239990234375,0.0034530984975091467,0.0012805236077614913,-0.021670224265333105
2019-04-03,0.0021483768817243,0.1197594362891358,Calm,2873.39990234375,0.0048116388519923265,0.0014367097841819863,-0.019568403192442206
2019-04-04,0.0020846350796801,0.1162094128656882,Calm,2879.389892578125,0.004510669562050146,0.0018466494857663862,-0.017524561092510448
2019-04-05,0.004636432770241,0.1106884025425494,Calm,2892.739990234375,0.004091100112625606,0.0024543709300008866,-0.012969379771602832
2019-04-08,0.0010474599539205,0.109570964165152,Calm,2895.77001953125,0.0019868720785546265,0.0026057589682228818,-0.011935504723620234
2019-04-09,-0.0060674943938465,0.1042258711447595,Calm,2878.199951171875,0.0007698820583438793,0.001618447717670329,-0.017930580509468566
2019-04-10,0.0034778715639784,0.1043263121303603,Calm,2888.2099609375,0.0010357809947946993,0.0016434264490683293,-0.014515069201569563
2019-04-11,3.8123067008344336e-05,0.1026305595830703,Calm,2888.320068359375,0.0006264785922603482,0.0013143092706476883,-0.014477499493517018
2019-04-12,0.0066093242086024,0.1038881390784056,Calm,2907.409912109375,0.0010210568799326283,0.0016703733940105982,-0.007963861772797065
2019-04-15,-0.0006293691084816,0.1034507010786184,Calm,2905.580078125,0.0006856910674522081,0.0014030271078793836,-0.008588218672694702
2019-04-16,0.0005093580038946,0.1031462855703383,Calm,2907.06005859375,0.002001061547000428,0.0012508085889569932,-0.008083235146720123
2019-04-17,-0.0022738117853239,0.1037732439354092,Calm,2900.449951171875,0.0008507248771399683,0.0011487490542284647,-0.010338667176703915
2019-04-18,0.0015790922795098,0.1027027200897528,Calm,2905.030029296875,0.0011589187196402594,0.0013641512391788266,-0.008775900606713299
2019-04-22,0.0010120175614714,0.0967313412731244,Calm,2907.969970703125,3.945739021405936e-05,0.0008955577397272598,-0.0077727644107736926
2019-04-23,0.008841205788409,0.0686548006069592,Calm,2933.679931640625,0.0019335723695921795,0.0022201152172459126,0.0
2019-04-24,-0.0021917631747336,0.0695681235757421,Calm,2927.25,0.0013933481338665396,0.0021556989069479123,-0.002191763174733632
2019-04-25,-0.0003689736527457,0.0675825743791242,Calm,2926.169921875,0.0017743157603821794,0.0017960941681359173,-0.002559928124614848
2019-04-26,0.0046852921407636,0.064013451671984,Calm,2939.8798828125,0.0023955557326329397,0.00224036164582426,0.0
2019-04-29,0.0010715221743553,0.0639390201295039,Calm,2943.030029296875,0.0024074566552097195,0.002120458819393989,0.0
2019-04-30,0.0009514170090862,0.0617829485577615,Calm,2945.830078125,0.0008294988993451595,0.0018450843904283935,0.0
2019-05-01,-0.0075021630814213,0.0592326111029229,Calm,2923.72998046875,-0.00023258108199238054,0.0009369528092047409,-0.007502163081421368
2019-05-02,-0.0021239857917741,0.0601094960846751,Calm,2917.52001953125,-0.0005835835097980606,0.000834979404491344,-0.009610214385403095
2019-05-03,0.0096382793806477,0.0673367144495012,Calm,2945.639892578125,0.0004070139381787595,0.001191641428249601,-6.456093590980365e-05
2019-05-06,-0.0044709884287563,0.0700173080564809,Calm,2932.469970703125,-0.0007014881824435606,0.0008794688802288201,-0.004535260713468787
2019-05-07,-0.0165116513924233,0.0909236809705241,Calm,2884.050048828125,-0.004194101862745461,-0.00012758274656471787,-0.020972027462017616
2019-05-08,-0.0016054253132695,0.0909561134653165,Calm,2879.419921875,-0.0030147543091151004,-0.00025391061643090837,-0.022543783751529076
2019-05-09,-0.0030214249424966,0.0890960202886426,Calm,2870.719970703125,-0.0031942421392596003,-0.00010885969017615118,-0.025497094343500646
2019-05-10,0.0037202972597878,0.0892228551020047,Calm,2881.39990234375,-0.00437783856343158,-9.731560942332262e-05,-0.021871653853931503
2019-05-13,-0.0241305571988442,0.1220152864013298,Calm,2811.8701171875,-0.008309752317449159,-0.0012482051458924913,-0.045474435858420106
2019-05-14,0.0080159445431355,0.1232477083402739,Calm,2834.409912109375,-0.0034042331303374,-0.0011812232252004392,-0.03782301187125604
2019-05-15,0.0058389750746421,0.1256265290629486,Calm,2850.9599609375,-0.0019153530527550797,-0.0008732068355278818,-0.03220488442017815
2019-05-16,0.0088952871206005,0.1300695259348767,Normal,2876.320068359375,0.0004679893598643403,-0.0004738768775895056,-0.023596068993180907
2019-05-17,-0.0058373333507619,0.1312710984991217,Normal,2859.530029296875,-0.0014435367622455994,-0.0006435683807056008,-0.029295664223462057
2019-05-20,-0.0067493779153879,0.1326573629371997,Normal,2840.22998046875,0.00203269909444566,-0.0010401621995102532,-0.035847314629723556
2019-05-21,0.0084958355904483,0.1365909640286252,Normal,2864.360107421875,0.00212867730390822,-0.0006837899124161152,-0.027656031930728353
2019-05-22,-0.0028243962306494,0.1322498904010184,Normal,2856.27001953125,0.00039600304284992003,-0.001239294770466515,-0.030402316569037934
2019-05-23,-0.0119141499452701,0.1373233041906574,Normal,2822.239990234375,-0.0037658843703242003,-0.0017022655690634915,-0.04195424875602099
2019-05-24,0.0013535590072402,0.1376632507191716,Normal,2826.06005859375,-0.00232770589872378,-0.0016202402043022583,-0.04065747730007658
2019-05-28,-0.0083756769229467,0.1375603765928321,Normal,2802.389892578125,-0.00265296570023554,-0.0022421911120979864,-0.048692620328655775
2019-05-29,-0.0069119122568113,0.137916709034697,Normal,2783.02001953125,-0.00573451526968746,-0.002622354656439253,-0.05526797346620123
2019-05-30,0.0020984713906617,0.1383477866078622,Normal,2788.860107421875,-0.0047499417454252395,-0.0025677330192213723,-0.05328548033667824
2019-05-31,-0.0131953728084784,0.1422568061042606,Normal,2752.06005859375,-0.005006186318066899,-0.0028388382443193293,-0.0657777313668354
2019-06-03,-0.0027652403144732,0.1422335460841067,Normal,2744.449951171875,-0.0058299461824095795,-0.0028693741739716674,-0.06836108044673847
2019-06-04,0.0214323705681931,0.1600531228073654,Normal,2803.27001953125,0.0001316633158183804,-0.002307750784088553,-0.048393849887121955
2019-06-05,0.0081618547814119,0.1638395716335895,Normal,2826.14990234375,0.00314641672346302,-0.0017061868216995918,-0.04062697868080211
2019-06-06,0.0061355867486876,0.1566797413632719,Normal,2843.489990234375,0.0039538397950681994,-0.0006277469102181199,-0.034740662284147676
2019-06-07,0.0104976974628947,0.1612705109089623,Normal,2873.340087890625,0.00869245384934282,-5.140773040077707e-05,-0.024607661783572515
2019-06-10,0.0046600444669098,0.1616827824105409,Normal,2886.72998046875,0.010177510805619419,0.00031437652719000395,-0.02006229011480078
2019-06-11,-0.0003498802355809,0.1612165567732914,Normal,2885.719970703125,0.0058210606448646195,0.00012055855122006579,-0.02040515095159007
2019-06-12,-0.0020375791387226,0.135448640650193,Normal,2879.840087890625,0.0037811738608377193,0.0011726051255115705,-0.022401152980411267
2019-06-13,0.0040973819126681,0.133621971574634,Normal,2891.639892578125,0.0033735328936338196,0.0009860069050131226,-0.018395557146787866
2019-06-14,-0.0016115119041397,0.1327018935923916,Normal,2886.97998046875,0.0009516910202269395,0.000631221810785418,-0.019977424391602272
2019-06-17,0.0009317492412306,0.1292763150076085,Calm,2889.669921875,0.00020603197509109955,0.0002520057212916132,-0.019064289100390184
2019-06-18,0.009717399870633,0.1312587810435908,Normal,2917.75,0.0022194879963338796,0.0009927073032627988,-0.009532144550195092
2019-06-19,0.0029851635463971,0.1283229862563633,Calm,2926.4599609375,0.00322403653335782,0.001456256896681132,-0.006575436014228269
2019-06-20,0.0094721851906851,0.1290404191263709,Calm,2954.179931640625,0.00429899718896122,0.0015027497347876464,0.0
2019-06-21,-0.0012592227925193,0.1284918444416635,Calm,2950.4599609375,0.0043694550112852995,0.0015772818032700323,-0.001259222792519306
2019-06-24,-0.0017318870104667,0.1195511962836483,Calm,2945.35009765625,0.00383672776094584,0.002062151466832099,-0.002988928971388445
2019-06-25,-0.0094963973437341,0.1260907995753437,Calm,2917.3798828125,-6.0316819275801206e-06,0.0015454868786904657,-0.012456942257978115
2019-06-26,-0.0012339337557076,0.1213483115152734,Calm,2913.780029296875,-0.0008498511423485202,0.0018855698866542324,-0.013675504972140822
2019-06-27,0.0038231755541318,0.1171681957679387,Calm,2924.919921875,-0.0019796530696591804,0.0023967645443181895,-0.009904613274309004
2019-06-28,0.0057574526279098,0.1177350385727512,Calm,2941.760009765625,-0.0005763179855733604,0.0025710017460919086,-0.004204185988123786
2019-07-01,0.0076723010321881,0.1039041216085176,Calm,2964.330078125,0.0013045196229575996,0.0035647005004093607,0.0
2019-07-02,0.0029281258874231,0.1013748736134297,Calm,2973.010009765625,0.00378942426918904,0.003835813176690137,0.0
2019-07-03,0.0076723786730701,0.080294929160804,Calm,2995.820068359375,0.00557068675494458,0.0031805754673985658,0.0
2019-07-05,-0.0018059015984103,0.0799269338435277,Calm,2990.409912109375,0.00444487132443616,0.002705920401692747,-0.0018059015984103503
2019-07-08,-0.0048354444248415,0.0829727500344576,Calm,2975.949951171875,0.0023262919138859,0.0021834903458104083,-0.006632613686435992
2019-07-09,0.00123655696534,0.0772872959424209,Calm,2979.6298828125,0.00103914310051628,0.001742483655450661,-0.005404258325748302
2019-07-10,0.0045106896075925,0.0772179567787755,Calm,2993.070068359375,0.0013556558445501602,0.0017353715192926942,-0.0009179456500223007
2019-07-11,0.0022852267383599,0.0768600533822844,Calm,2999.909912109375,0.00027822545760812007,0.0018608528037660657,0.0
2019-07-12,0.0046201745478848,0.0760612586333627,Calm,3013.77001953125,0.0015634406868671401,0.0021778886936045135,0.0
2019-07-15,0.0001758691915574,0.0760274017629294,Calm,3014.300048828125,0.00256570341014692,0.0019911499925992417,0.0
2019-07-16,-0.0034037785221858,0.0773396864931281,Calm,3004.0400390625,0.00163763631264176,0.0019058039631684755,-0.0034037785221858728
2019-07-17,-0.0065312435694508,0.0826617820066564,Calm,2984.419921875,-0.0005707503227668998,0.0015504233531360278,-0.009912791185051917
2019-07-18,0.0035819977840647,0.0776013817761576,Calm,2995.110107421875,-0.0003113961136259399,0.0012582613490137277,-0.006366300997045901
2019-07-19,-0.0061767345227666,0.0814282019956743,Calm,2976.610107421875,-0.0024707779277562195,0.000821980488577361,-0.012503712568661765
2019-07-22,0.0028286949150666,0.075577783482165,Calm,2985.030029296875,-0.0019402127830543798,0.0005056238087860038,-0.009710386841757629
2019-07-23,0.0068474826737554,0.0783587055164499,Calm,3005.469970703125,0.00011003945613386035,0.0008916574024181323,-0.002929395873656601
2019-07-24,0.0046881479528901,0.0788050702464294,Calm,3019.56005859375,0.00235391776060204,0.0011973733530541704,0.0
2019-07-25,-0.0052624012804535,0.0726936703992109,Calm,3003.669921875,0.0005850379476984004,0.0013989922132103896,-0.0052624012804535015
2019-07-26,0.0073876910992347,0.0748619808608835,Calm,3025.860107421875,0.0032979230720986603,0.0018095457777314514,0.0
2019-07-29,-0.0016161146071345,0.0753879184538892,Calm,3020.969970703125,0.0024089611676584403,0.0015505319605282942,-0.0016161146071344804
2019-07-30,-0.0025786549148275,0.0750565058478038,Calm,3013.179931640625,0.0005237336499418607,0.001153574458493185,-0.004190602120087401
2019-07-31,-0.0108855261126957,0.0819613612989524,Calm,2980.3798828125,-0.0025910011631752996,0.0002698684039749086,-0.015030511323977081
2019-08-01,-0.008998793869673,0.0873253695524646,Calm,2953.56005859375,-0.0033382796810192,-0.0002980801558868104,-0.023894048720489874
2019-08-02,-0.0072827399270378,0.0854737870757402,Calm,2932.050048828125,-0.0062723658862737,-0.0010102286606538534,-0.031002774504892437
2019-08-05,-0.0297778200029859,0.1313612220933006,Normal,2844.739990234375,-0.01190470696544398,-0.0023422247751574534,-0.05985739946907852
2019-08-06,0.0130170171699326,0.1412750528829078,Normal,2881.77001953125,-0.00878557254849196,-0.0014921075563586864,-0.047619547095782346
2019-08-07,0.0007668762331907,0.1411700797547469,Normal,2883.97998046875,-0.006455092079314678,-0.0015144733055086534,-0.04688918916149471
2019-08-08,0.0187623034099841,0.1566211173564054,Normal,2938.090087890625,-0.0009028726233832586,-0.0008358250292042914,-0.029006634945206614
2019-08-09,-0.0066166063549235,0.1574196694408806,Normal,2918.64990234375,-0.000769645908960399,-0.0012597218431701677,-0.03543131581501676
2019-08-12,-0.0123173221779722,0.1603552667640384,Normal,2882.699951171875,0.002722453656042341,-0.002066269306306215,-0.047312219060905894
2019-08-13,0.0151316883221812,0.1710057365673606,Normal,2926.320068359375,0.0031453878864920607,-0.0013540874429431773,-0.03289644449138501
2019-08-14,-0.0292927529117426,0.1965274860030013,Elevated,2840.60009765625,-0.0028665379424945995,-0.0025868957472077866,-0.06122556998296665
2019-08-15,0.002464268027652,0.1967230325905376,Elevated,2847.60009765625,-0.006126145018961019,-0.0021585380521076535,-0.058912178169898265
2019-08-16,0.0144261246578079,0.2041563623708994,Elevated,2888.679931640625,-0.0019175988164147396,-0.0016421510581198816,-0.04533592793823231
2019-08-19,0.0121058654924306,0.2088101570043248,Elevated,2923.64990234375,0.00296703871766582,-0.0007715510573962056,-0.033778893091396485
2019-08-20,-0.0079147276011313,0.2097904318901848,Elevated,2900.510009765625,-0.0016422444669966798,-0.0012831426057865818,-0.04142626995504168
2019-08-21,0.0082467985955796,0.210528455632824,Elevated,2924.429931640625,0.00586566583446776,-0.001216508514271144,-0.03352110546434733
2019-08-22,-0.0005060748601761,0.2094590735330701,Elevated,2922.949951171875,0.00527159725690214,-0.0014638524577504867,-0.03401021613576266
2019-08-23,-0.0259463367546181,0.2258028852386083,Elevated,2847.110107421875,-0.0028028950255830605,-0.002448801766044039,-0.05907411236942492
2019-08-26,0.0109829877352163,0.2281079955668806,Elevated,2878.3798828125,-0.00302747057702592,-0.0022775971643306295,-0.04873993488583074
2019-08-27,-0.0032031806358082,0.2281162589751469,Elevated,2869.159912109375,-0.0020851611839613,-0.002353171737124615,-0.051786992706022134
2019-08-28,0.0065454801656796,0.2301829289029412,Elevated,2887.93994140625,-0.0024254248699412994,-0.001918689114243325,-0.04558048327393998
2019-08-29,0.0126872917935088,0.2330787389910867,Elevated,2924.580078125,0.00021324846079568,-0.0007961739758526343,-0.03347148437181673
2019-08-30,0.0006427872591217,0.2311887686182535,Elevated,2926.4599609375,0.00553107326354364,-0.0003370510649576486,-0.0328502121563931
2019-09-03,-0.0068991005090608,0.2310473197352475,Elevated,2906.27001953125,0.00195465561468822,-0.00031878252124445806,-0.039522675750042986
2019-09-04,0.010842079212828,0.2074311344523649,Elevated,2937.780029296875,0.0047637075844154594,0.001615498393794299,-0.029109104518399865
2019-09-05,0.0130098136422667,0.2074261469963591,Elevated,2976.0,0.0060565742797328796,0.0016151553686673513,-0.01647799490121086
2019-09-06,0.0009106051537297,0.2074193383299301,Elevated,2978.7099609375,0.00370123695177706,0.0016219996029787323,-0.015582394694561198
2019-09-09,-9.401025965849465e-05,0.1978504346274713,Elevated,2978.429931640625,0.003553877448021021,0.0007240799044243231,-0.01567494004924833
2019-09-10,0.0003223043548219,0.1960586132473806,Elevated,2979.389892578125,0.004998158420797561,0.0010545042239360088,-0.015357687795865764
2019-09-11,0.0072296811894803,0.1908854360511395,Elevated,3000.929931640625,0.004275678816128021,0.0019853139081004137,-0.008239037792957081
2019-09-12,0.002879153101061,0.184877309199911,Elevated,3009.570068359375,0.002249546707886881,0.0014018598499518325,-0.005383606143107392
2019-09-13,-0.0007244143620946,0.1479043205027529,Normal,3007.389892578125,0.001922542804722021,0.0027622569237445945,-0.0061041205435922105
2019-09-16,-0.0031355866640028,0.1493118869884194,Normal,2997.9599609375,0.00131422752385316,0.0024955971765229378,-0.00922056720862313
2019-09-17,0.0025817523700197,0.1428863440150141,Normal,3005.699951171875,0.0017661171268927196,0.001931579448533023,-0.006662620059847072
2019-09-18,0.0003426919897555,0.138061546557396,Normal,3006.72998046875,0.00038871928694775965,0.0013714283293580183,-0.006322211296616898
2019-09-19,1.997472142156731e-05,0.1340137903234344,Normal,3006.7900390625,-0.0001831163889801269,0.001749271297098631,-0.006302362859604662
2019-09-20,-0.004895576515783,0.1337178303934525,Normal,2992.070068359375,-0.0010173488197178068,0.0011234439108432693,-0.011167085675778364
2019-09-23,-9.693591923765066e-05,0.1336625081003863,Normal,2991.780029296875,-0.000409618670764777,0.001142926717554624,-0.011262939103300867
2019-09-24,-0.0084163713221064,0.0979103735644487,Calm,2966.60009765625,-0.002609243409189997,0.0019776869762456574,-0.01958451734773566
2019-09-25,0.0061585717420034,0.0936531854188841,Calm,2984.8701171875,-0.0014460674587404168,0.0017479528813307574,-0.013546558260850902
2019-09-26,-0.0024289164068657,0.0931746163059851,Calm,2977.6201171875,-0.0019358456843978702,0.0017848226065184953,-0.015942571210100304
2019-09-27,-0.0053163524902405,0.0945880484211385,Calm,2961.7900390625,-0.0020200008792893706,0.001219973432427062,-0.02117416737218716
2019-09-30,0.0050476066752547,0.0862530433814986,Calm,2976.739990234375,-0.0009910923603909003,0.0008561789029863906,-0.01623343956550319
2019-10-01,-0.0122583733729132,0.0974999612167323,Calm,2940.25,-0.00175949277055226,0.00024183792050853833,-0.028292817375095845
2019-10-02,-0.0179032029855029,0.1137520640387848,Calm,2887.610107421875,-0.006571847716053521,-0.000282166959322038,-0.04568948830810067
2019-10-03,0.0079719125970152,0.1106064630217489,Calm,2910.6298828125,-0.00449168191527734,-0.00041884156007502844,-0.03808180831847995
2019-10-04,0.0142168975854601,0.1125155724181452,Calm,2952.010009765625,-0.0005850319001372204,-0.00036136137230391425,-0.02440631590175282
2019-10-07,-0.0044782946735923,0.1132938812466003,Calm,2938.7900390625,-0.002490212169906621,-0.0006179756497954379,-0.028775311900840435
2019-10-08,-0.0155608192014078,0.1245068152550534,Calm,2893.06005859375,-0.003150701335605541,-0.0013544903613073097,-0.04388836367629523
2019-10-09,0.0091044925499415,0.1296092680068946,Calm,2919.39990234375,0.0022508377714833398,-0.0009362909234444715,-0.03518345240647372
2019-10-10,0.006415695380997,0.1289922834732672,Calm,2938.1298828125,0.0019395943282796996,-0.0009750521524198668,-0.028993483338568427
2019-10-11,0.0109389775131329,0.1349124038537067,Normal,2970.27001953125,0.0012840103138142597,-0.0005912509899402525,-0.018371664887703434
2019-10-14,-0.001387118733451,0.1349401744733643,Normal,2966.14990234375,0.0019022455018425197,-0.0006228083409572239,-0.019733299940624126
2019-10-15,0.0099556766411372,0.1394147037837267,Normal,2995.679931640625,0.00700554467035152,5.851497637284889e-07,-0.009974081652758373
2019-10-16,-0.0019995427986508,0.1392491528717453,Normal,2989.68994140625,0.00478473760063306,-0.00021757176303010485,-0.011953680848267333
2019-10-17,0.002762831573678,0.1396237106590519,Normal,2997.949951171875,0.004054164839169259,-0.00010232702093855721,-0.009223875281458502
2019-10-18,-0.0039193449495069,0.1402457074324246,Normal,2986.199951171875,0.0010825003466412996,-0.0002899136719351509,-0.013107068681966153
2019-10-21,0.0068716160561175,0.1412965962826792,Normal,3006.719970703125,0.0027342473045549993,0.00027042883148868245,-0.006325519369452271
2019-10-22,-0.0035686663784125,0.1419207628671416,Normal,2995.989990234375,2.9378700645059375e-05,0.00010510833343273724,-0.009871612079565122
2019-10-23,0.0028471487971184,0.1387269359149592,Normal,3004.52001953125,0.0009987170197988994,0.0006414664343482038,-0.007052569230904533
2019-10-24,0.0019204463587332,0.1373734770308738,Normal,3010.2900390625,0.0008302399768099393,0.0004396509399067657,-0.005145666953070468
2019-10-25,0.0040727005061091,0.1375090405999142,Normal,3022.550048828125,0.0024286490679331398,0.0007492517452865181,-0.0010939232073654162
2019-10-28,0.0055813378684714,0.1366312737746016,Normal,3039.419921875,0.0021705934304039193,0.001268189381415656,0.0
2019-10-29,-0.0008324053147991,0.1360991527763044,Normal,3036.889892578125,0.0027178456431265997,0.0009881888104607134,-0.0008324053147990949
2019-10-30,0.0032533701591457,0.1274061313221508,Calm,3046.77001953125,0.0027990899155320593,0.0017268432643682803,0.0
2019-10-31,-0.0030228605633046,0.1073706280817312,Calm,3037.56005859375,0.0018104285311244996,0.002435430998758675,-0.003022860563304665
2019-11-01,0.009662312168146,0.1086212898532876,Calm,3066.909912109375,0.0029283508635318794,0.0025159262164315705,0.0
2019-11-04,0.0037040890497046,0.1001247248318042,Calm,3078.27001953125,0.0025529010997785194,0.0020153162861574992,0.0
2019-11-05,-0.0011856992143612,0.098062519471754,Calm,3074.6201171875,0.0024822423198660993,0.002172106546120885,-0.0011856992143612524
2019-11-06,0.0007024972279667,0.0743143287511566,Calm,3076.780029296875,0.0019720677336302994,0.0029465501856149085,-0.0004840349368058009
2019-11-07,0.0027300951851503,0.0708592607574878,Calm,3085.179931640625,0.0031226588833212793,0.0026430074539581846,0.0
2019-11-08,0.0025606760900243,0.0695188143204164,Calm,3093.080078125,0.0017023316676969395,0.002459435106769009,0.0
2019-11-11,-0.0019624672514313,0.0638231501844334,Calm,3087.010009765625,0.0005690204074697593,0.0018450805941707135,-0.001962467251431339
2019-11-12,0.0015646460846321,0.062749693553039,Calm,3091.840087890625,0.0011190894672684195,0.0019856408236032415,-0.00040089173350037286
2019-11-13,0.0007115345908383,0.0557345061718819,Calm,3094.0400390625,0.0011208969398427394,0.0015454435831128179,0.0
2019-11-14,0.0008370427393644,0.0543091818148863,Calm,3096.6298828125,0.0007422864506855594,0.0016805190849230657,0.0
2019-11-15,0.0076954880069026,0.0581033135879844,Calm,3120.4599609375,0.0017692488340612194,0.0019154074865051895,0.0
2019-11-18,0.0005031528617669,0.0544098480027016,Calm,3122.030029296875,0.0022623728567008595,0.0021260026203753705,0.0
2019-11-19,-0.000592594446206,0.0523102659909869,Calm,3120.179931640625,0.0018309247505332396,0.001770564025026632,-0.0005925944462061014
2019-11-20,-0.0037561842457471,0.0525548870338035,Calm,3108.4599609375,0.0009373809832161597,0.0017616346027726037,-0.0043465527980303155
2019-11-21,-0.0015827522106851,0.0536313776788409,Calm,3103.5400390625,0.00045342199320625945,0.0015506869357343417,-0.00592242549266549
2019-11-22,0.0021749356911917,0.0536607227426027,Calm,3110.2900390625,-0.0006506884699359207,0.0015628054753752227,-0.0037603706960560564
2019-11-25,0.0075072913530158,0.0569057623766484,Calm,3133.639892578125,0.0007501392283138593,0.0017263574204660179,0.0
2019-11-26,0.0021955703874654,0.0551988654719044,Calm,3140.52001953125,0.0013077721950481393,0.0015651303975609706,0.0
2019-11-27,0.0041744243627546,0.0551836274260154,Calm,3153.6298828125,0.0028938939167484795,0.0018035508583968609,0.0
2019-11-29,-0.0040112197099262,0.0584218186455813,Calm,3140.97998046875,0.002408200416900259,0.0014576180074886752,-0.004011219709926278
2019-12-02,-0.0086310207164084,0.0665111486929672,Calm,3113.8701171875,0.00024700913538023975,0.00119056276210278,-0.012607619505920292
2019-12-03,-0.0066380951156352,0.0642824198020185,Calm,3093.199951171875,-0.0025820681583499606,0.00041435289144653225,-0.019162024044093534
2019-12-04,0.0063235674713946,0.0665712235323154,Calm,3112.760009765625,-0.0017564687415641204,0.0005390899591460561,-0.012959628924630193
2019-12-05,0.0015002511791302,0.0663442217768166,Calm,3117.429931640625,-0.002291303378289,0.0006669923588361227,-0.011478820444075326
2019-12-06,0.0091357243284573,0.0725433180579129,Calm,3145.909912109375,0.00033808542938769945,0.0010685746017166276,-0.0024479634548110326
2019-12-09,-0.0031628213934464,0.0737055784133458,Calm,3135.9599609375,0.0014317252939800994,0.000787959526545356,-0.005603042377072304
2019-12-10,-0.0010969340964486,0.0736861941025613,Calm,3132.52001953125,0.0025399574978174195,0.0006137876129037893,-0.006693830305293658
2019-12-11,0.0029081580403158,0.0734719143155134,Calm,3141.6298828125,0.0018568756116016595,0.0008457221506060322,-0.003805138981400711
2019-12-12,0.0085752257750861,0.0781978949673098,Calm,3168.570068359375,0.003271870530792839,0.0011795592787228893,0.0
2019-12-13,7.258178414493166e-05,0.0782773649078986,Calm,3168.800048828125,0.001459242021930366,0.0011491329545946336,0.0
2019-12-16,0.0071477852798336,0.0809667807481988,Calm,3191.449951171875,0.0035213633565863663,0.0014496445041407861,0.0
2019-12-17,0.0003352922263379,0.0777639342291103,Calm,3192.52001953125,0.003807808621143666,0.0010991589907805622,0.0
2019-12-18,-0.0004323001718647,0.077921628807485,Calm,3191.139892578125,0.003139716978707566,0.0010546136082266765,-0.00043230017186474546
2019-12-19,0.0044592920048636,0.0785387605814352,Calm,3205.3701171875,0.0023165302246630657,0.0012951796297061813,0.0
2019-12-20,0.0049447810817966,0.0772608218208027,Calm,3221.219970703125,0.0032909700841933995,0.001709511311970167,0.0
2019-12-23,0.0008661436002121,0.0764069822460132,Calm,3224.010009765625,0.0020346417482690997,0.001826125398203367,0.0
2019-12-24,-0.0001954481999796,0.0767112498470179,Calm,3223.3798828125,0.0019284936630056,0.0017132499748142575,-0.00019544819997962978
2019-12-26,0.0051281666753011,0.0748676368255812,Calm,3239.909912109375,0.0030405870324387596,0.0015999583234945099,0.0
2019-12-27,3.398471712534601e-05,0.0750252512112103,Calm,3240.02001953125,0.002155525574891109,0.0014970256725259357,0.0
2019-12-30,-0.0057808224504303,0.0783988943558743,Calm,3221.2900390625,1.0404868445728668e-05,0.001022966300469512,-0.00578082245043034
2019-12-31,0.0029460216619106,0.0764501088111215,Calm,3230.780029296875,0.00042638048078542874,0.001354263508652217,-0.0028518312166823574
2020-01-02,0.0083788026773417,0.0709680253742007,Calm,3257.85009765625,0.0021412306562496887,0.0021642550988307933,0.0
2020-01-03,-0.0070598705620453,0.0716390484488514,Calm,3234.85009765625,-0.0002963767912195915,0.0021441705537636455,-0.007059870562045372
2020-01-06,0.0035333728907271,0.0702261344540328,Calm,3246.280029296875,0.0004035008435007593,0.002011304145160431,-0.0035514428265740936
2020-01-07,-0.0028032386528962,0.0721759856218826,Calm,3237.179931640625,0.0009990176030075792,0.0018063760579210787,-0.006344725937665288
2020-01-08,0.0049024513689781,0.0681361605713748,Calm,3253.050048828125,0.0013903035444210793,0.0016047916312792124,-0.0014733792790460902
2020-01-09,0.0066552626054889,0.067968310737581,Calm,3274.699951171875,0.0010455955300505194,0.0020723194407523218,0.0
2020-01-10,-0.0028551786896625,0.0692619007110123,Calm,3265.35009765625,0.0018865339045270792,0.001988593507742136,-0.0028551786896625713
2020-01-13,0.0069762152525698,0.0713447206199288,Calm,3288.1298828125,0.0025751023768956194,0.0021823105178494693,0.0
2020-01-14,-0.0015145327728022,0.0684560662954983,Calm,3283.14990234375,0.0028328435529144194,0.0017018458250928833,-0.0015145327728022643
2020-01-15,0.0018701968845122,0.0681997401333146,Calm,3289.2900390625,0.0022263926560212393,0.0017874465441579915,0.0
2020-01-16,0.0083665530264682,0.0695245359045197,Calm,3316.81005859375,0.0025686507402170994,0.0018454831035215437,0.0
2020-01-17,0.0038621622485013,0.0696326461932841,Calm,3329.6201171875,0.00391211892784986,0.002013429295053134,0.0
2020-01-21,-0.0026519776473655,0.0710255802113997,Calm,3320.7900390625,0.0019864803478627994,0.0019077303676483341,-0.002651977647365576
2020-01-22,0.000289076071118,0.0706058019435332,Calm,3321.75,0.0023472021166468394,0.0017091486565175913,-0.0023636681995265626
2020-01-23,0.0011409766124783,0.0696322629228316,Calm,3325.5400390625,0.0022013580622400595,0.0015280151103595774,-0.0012253884771835188
2020-01-24,-0.0090421609742074,0.0786893147252029,Calm,3295.469970703125,-0.0012803847378950607,0.0010561910830062676,-0.01025646929152426
2020-01-27,-0.0157307116591823,0.0978679913992025,Calm,3243.6298828125,-0.005198959519431781,0.0003164166325680438,-0.025825839389640393
2020-01-28,0.010053584595046,0.1023059021457049,Calm,3276.239990234375,-0.002657847070949481,0.0005509603430320866,-0.016031897055636096
2020-01-29,-0.0008668741908683,0.1024108020277978,Calm,3273.39990234375,-0.0028890371233467414,0.000508062299794294,-0.016884873608716273
2020-01-30,0.0031343587926053,0.1001442003190276,Calm,3283.659912109375,-0.0024903606873213414,0.0009325947399388463,-0.01380343806816832
2020-01-31,-0.0177058203755262,0.1187392237148159,Calm,3225.52001953125,-0.004223092567585102,-5.082630946290604e-05,-0.031264857248694905
2020-02-03,0.0072546138923517,0.1177937230730064,Calm,3248.919921875,0.0003739725427216985,-0.00010435910874814402,-0.024237057824081962
2020-02-04,0.0149804141640821,0.1258628396047589,Calm,3297.590087890625,0.0013593384565289183,0.0009451782591626846,-0.009619724824323345
2020-02-05,0.0112505958978537,0.1306118577260359,Normal,3334.68994140625,0.0037828324742733184,0.001312665069025856,0.0
2020-02-06,0.0033256728767856,0.1299019807806881,Calm,3345.780029296875,0.0038210952911093784,0.0016045179990107036,0.0
2020-02-07,-0.0054008536727301,0.1314995645904672,Normal,3327.7099609375,0.006282088631668599,0.0011138844255960273,-0.005400853672730086
2020-02-10,0.0073263978048905,0.1318759254317708,Normal,3352.090087890625,0.006296445414176359,0.0011458432446151512,0.0
2020-02-11,0.0016884725532351,0.1310758553324011,Normal,3357.75,0.0036380570920069586,0.001362207589515037,0.0
2020-02-12,0.0064626464661976,0.1308105071182171,Normal,3379.449951171875,0.0026804672056757383,0.0013377519330211227,0.0
2020-02-13,-0.0016304457368023,0.1308429652102982,Normal,3373.93994140625,0.0016892434829581585,0.0013322322680687372,-0.0016304457368023224
2020-02-14,0.0018435333204338,0.1308416164918859,Normal,3380.159912109375,0.003138120881590938,0.0013309625745411943,0.0
2020-02-18,-0.0029199426368901,0.129023594579332,Calm,3370.2900390625,0.0010888527932348185,0.0007935104000955607,-0.002919942636890142
2020-02-19,0.0047057858811645,0.1293091868589085,Calm,3386.14990234375,0.0016923154588206987,0.0008336829540319037,0.0
2020-02-20,-0.0038155197636281,0.1297663890789465,Calm,3373.22998046875,-0.00036331778714444125,0.0007782761865908275,-0.003815519763628118
2020-02-21,-0.0105181030271228,0.1355510471429432,Normal,3337.75,-0.002140849245208541,0.00026364861048412284,-0.01429349076077513
2020-02-24,-0.0335136266712231,0.1789391452123198,Normal,3225.889892578125,-0.009212281243539922,-0.0013865705935016584,-0.04732809071881307
2020-02-25,-0.0302799955650561,0.2037866207435435,Elevated,3128.2099609375,-0.014684291829173121,-0.002397896050208739,-0.07617499190680095
2020-02-26,-0.003778540605322,0.198059248636925,Elevated,3116.389892578125,-0.016381157126470418,-0.001828745047643963,-0.079665702212093
2020-02-27,-0.0441632425840791,0.2413848346571386,Crisis,2978.760009765625,-0.02445070169056062,-0.004410498722840397,-0.12031064906374846
2020-02-28,-0.0082383404443618,0.2413719816406375,Crisis,2954.219970703125,-0.02399474917400842,-0.0047615209253877066,-0.12755782942204105
2020-03-02,0.04603922900611,0.2981399250008849,Crisis,3090.22998046875,-0.008084178038541803,-0.002718431867601768,-0.08739126453621464
2020-03-03,-0.0281078961210758,0.3067809182292957,Crisis,3003.3701171875,-0.007649758149745741,-0.0032137688078660346,-0.11304277607181713
2020-03-04,0.0422025907744911,0.3434970953615177,Crisis,3130.1201171875,0.0015464681262168782,-0.0015495794325260633,-0.0756108833158972
2020-03-05,-0.0339220770468885,0.3554111422616979,Crisis,3023.93994140625,0.003594701233654998,-0.0038782694901913295,-0.10696808215336054
2020-03-06,-0.0170538520003701,0.3537510196505983,Crisis,2972.3701171875,0.0018315989224533384,-0.005226100342487701,-0.12219771631192379
2020-03-09,-0.0759696974774509,0.4283740529013282,Crisis,2746.56005859375,-0.022570186374258845,-0.009002070359356105,-0.18888409024872257
2020-03-10,0.0493963062815614,0.4738248120638298,Crisis,2882.22998046875,-0.007069345893731402,-0.00639268179010413,-0.1488179603408012
2020-03-11,-0.0488684451312739,0.492926516447853,Crisis,2741.3798828125,-0.0252835530748844,-0.009068626691826244,-0.1904139031426126
2020-03-12,-0.0951126809783365,0.5737432877214572,Crisis,2480.639892578125,-0.037521673861174,-0.013678205431424891,-0.26741580729750597
2020-03-13,0.0928712497297183,0.6801730378531144,Crisis,2711.02001953125,-0.015536653515156321,-0.009563510037923904,-0.19937979778898848
2020-03-16,-0.1198405524039344,0.7789012454317458,Crisis,2386.1298828125,-0.02431082450045302,-0.015192562736358767,-0.2953265650877058
2020-03-17,0.0599548497440243,0.8198524248308998,Crisis,2529.18994140625,-0.02219911580796044,-0.012425357192378266,-0.2530779751789336
2020-03-18,-0.0518307627291578,0.8301501637121995,Crisis,2398.10009765625,-0.02279157932753722,-0.014754443863438634,-0.29179151342461646
2020-03-19,0.0047078080405855,0.8301507610205339,Crisis,2409.389892578125,-0.0028274815237528212,-0.01475434757013287,-0.28845740381710594
2020-03-20,-0.0433595123084619,0.8348738695538477,Crisis,2304.919921875,-0.030073633931388864,-0.016637394834172575,-0.3193095437742931
2020-03-23,-0.0292938678218044,0.835673017225399,Crisis,2237.39990234375,-0.011964297014962863,-0.017531478872014554,-0.3392496000265327
2020-03-24,0.0938277397622755,0.917416221673792,Crisis,2447.330078125,-0.005189719011312624,-0.011467604279943195,-0.27725288345000276
2020-03-25,0.0115350114482219,0.9180474533681088,Crisis,2475.56005859375,0.0074834358241633175,-0.009476413469787101,-0.2689159871864291
2020-03-26,0.0624141633038768,0.9512587382271088,Crisis,2630.070068359375,0.01902470687682158,-0.006324379950301444,-0.22328599022182935
2020-03-27,-0.0336873525622525,0.9466894660204908,Crisis,2541.469970703125,0.020959138826063456,-0.005825528044500176,-0.2494514289092675
2020-03-30,0.0335160094837001,0.9563489266555,Crisis,2626.64990234375,0.03352111428716435,-0.0038372256669734193,-0.22429603588261293
2020-03-31,-0.0160127219145556,0.9395830648067188,Crisis,2584.590087890625,0.011553021951798139,-0.0067920804727194,-0.23671716774804302
2020-04-01,-0.0441424303316654,0.9457878717428376,Crisis,2470.5,0.000417533595820678,-0.007555629720842715,-0.27041032699408135
2020-04-02,0.0228293472348715,0.93526804735337,Crisis,2526.89990234375,-0.007499429617980382,-0.008478165127491267,-0.2537542710100529
2020-04-03,-0.0151371251249494,0.9310833229842964,Crisis,2488.64990234375,-0.0037893841305197623,-0.00758364360739893,-0.26505028598373287
2020-04-06,0.0703313186527505,0.9683469240781228,Crisis,2663.679931640625,0.003573677703290318,-0.0034224450048693754,-0.21336030345350682
2020-04-07,-0.0016030527844311,0.9317210562365956,Crisis,2659.409912109375,0.006455611529315217,0.0001188237900363286,-0.2146213284093998
2020-04-08,0.0340564528796303,0.9229728837056684,Crisis,2749.97998046875,0.022095388171574356,-0.0006116454195794379,-0.1878741166877078
2020-04-09,0.0144874101533765,0.9071941777825094,Crisis,2789.820068359375,0.020427000755275357,0.002405300070165819,-0.17610851591998944
2020-04-13,-0.0101046608226074,0.8371465902274311,Crisis,2761.6298828125,0.021433493615743756,0.006453301029962444,-0.18443365992125263
2020-04-14,0.030572589146256,0.7821240854271999,Crisis,2846.06005859375,0.013481747714444858,0.003486698145035667,-0.15949968528450928
2020-04-15,-0.0220304385294157,0.6500315873359024,Crisis,2783.360107421875,0.009396270565447937,0.008144322615250844,-0.17801627580180351
2020-04-16,0.0058166894621645,0.6221159043497106,Crisis,2799.550048828125,0.0037483178819547776,0.0055663149827813296,-0.17323505173518908
2020-04-17,0.0267935948482234,0.5894801972737838,Crisis,2874.56005859375,0.0062095548209241585,0.009310332010275672,-0.1510830466766693
2020-04-20,-0.0178810480340146,0.5968499953435821,Crisis,2823.159912109375,0.004654277378642718,0.008234672197199477,-0.1662625714959332
2020-04-21,-0.0306747956940633,0.5845240881363842,Crisis,2736.56005859375,-0.0075951995894211425,0.008838706321694648,-0.19183729677778924
2020-04-22,0.0229302477038437,0.5693965416082393,Crisis,2799.31005859375,0.0013969376572307373,0.01132556896577313,-0.17330592580789594
2020-04-23,-0.0005394221197431,0.4846440597744978,Crisis,2797.800048828125,0.00012571534084921735,0.006831894590438909,-0.17375186287777575
2020-04-24,0.0139180573045454,0.4850056151143703,Crisis,2836.739990234375,-0.0024493921678863826,0.006945372964549552,-0.16225209395753468
2020-04-27,0.0147140698047996,0.4425586947474406,Crisis,2878.47998046875,0.004069631399876457,0.004673939940783972,-0.14992541278920118
2020-04-28,-0.0052423806984989,0.421983069641048,Crisis,2863.389892578125,0.009156114398989338,0.006028462410486523,-0.15438182739747955
2020-04-29,0.026583916282167,0.4169467506229947,Crisis,2939.510009765625,0.009886848114653998,0.005698362734223044,-0.1319019846903351
2020-04-30,-0.0092124463039876,0.4131330966871875,Crisis,2912.429931640625,0.008152243277805098,0.006022185382345328,-0.13989929104297363
2020-05-01,-0.0280590340784921,0.3917285602427859,Crisis,2830.7099609375,-0.00024317499880240206,0.006788061394401201,-0.16403288614653413
2020-05-04,0.0042498275919764,0.3874055433269931,Crisis,2842.739990234375,-0.0023360234413670423,0.005903322363787148,-0.16048017004009468
2020-05-05,0.0090405563857973,0.3798398420334578,Crisis,2868.43994140625,0.0005205639754921976,0.007054640530965563,-0.15289044368034713
2020-05-06,-0.0069794103903862,0.3045063962369194,Crisis,2848.419921875,-0.006192101359018443,0.003373177243197148,-0.15880276891952008
2020-05-07,0.0115046307883139,0.3051920136381573,Crisis,2881.18994140625,-0.0020486859405581424,0.0039973526514231,-0.14912510535578713
2020-05-08,0.0168715386387019,0.2892553049067267,Crisis,2929.800048828125,0.0069374286028806575,0.0031790234018550813,-0.13476953669409583
2020-05-11,0.0001330782209116,0.2864447944468549,Crisis,2930.18994140625,0.006114078728667697,0.0024954837860234193,-0.1346543933633605
2020-05-12,-0.0205003175288771,0.2943608724109464,Crisis,2870.1201171875,0.0002059039457328174,0.0020004525142962907,-0.1523942530716304
2020-05-13,-0.017462724604228,0.2824017291224472,Crisis,2820.0,-0.001890758897035543,-0.0002869433785838998,-0.1671957588032015
2020-05-14,0.0115248226950355,0.2736349119840695,Crisis,2852.5,-0.0018867205156912227,0.001310926203532824,-0.15759783758373486
2020-05-15,0.0039263632504382,0.2733208874610599,Crisis,2863.699951171875,-0.004475755593343962,0.0012209106696410956,-0.15429026069113397
2020-05-18,0.0315011916316807,0.2792919072475107,Crisis,2953.909912109375,0.001797867088809857,0.001445081945043824,-0.1276493961283866
2020-05-19,-0.0104843991944931,0.2739674976729664,Crisis,2922.93994140625,0.0038010507556866567,0.0017973033183543718,-0.13679546809693383
2020-05-20,0.0166511002590801,0.251412889879388,Crisis,2971.610107421875,0.010623815728348276,0.0040509174113612,-0.1224221628921236
2020-05-21,-0.0077735964077371,0.2447723835681066,Crisis,2948.510009765625,0.0067641319077937564,0.0025888295965240194,-0.1292440988141751
2020-05-22,0.0023537113264884,0.2445115356780063,Crisis,2955.449951171875,0.006449601523003797,0.0027265978558683765,-0.12719459078694734
2020-05-26,0.0122891840360801,0.2436356853890883,Crisis,2991.77001953125,0.0026072000038836773,0.0026490324621319334,-0.11646852448544198
2020-05-27,0.0148272972159138,0.2437066404153602,Crisis,3036.1298828125,0.007669539285965058,0.0026544242436135623,-0.10336814069837277
2020-05-28,-0.0021079145460738,0.2426665777782872,Crisis,3029.72998046875,0.003917736324934277,0.002803684536586186,-0.10525816403706793
2020-05-29,0.0048123358249714,0.226998262534398,Elevated,3044.31005859375,0.006434922771475978,0.0017669426100530617,-0.10095236584576273
2020-06-01,0.0037512348135377,0.2235130789305534,Elevated,3055.72998046875,0.0067144274688858375,0.0023842607585066477,-0.09757982706149461
2020-06-02,0.0082108327800534,0.1947278722841845,Elevated,3080.820068359375,0.005898757217680498,0.004111397275580243,-0.09017020592414961
2020-06-03,0.013648979133831,0.1975142051963754,Elevated,3122.8701171875,0.005663093601263937,0.004558975920430463,-0.07775195804947053
2020-06-04,-0.0033687022311144,0.1986411028816299,Elevated,3112.35009765625,0.005410936064255817,0.003968058843434667,-0.08085873708603017
2020-06-05,0.0262116508183987,0.2086178842386332,Elevated,3193.929931640625,0.009690799062941277,0.0055485855676625185,-0.05676652724974711
2020-06-08,0.0120415794211692,0.208819235863808,Elevated,3232.389892578125,0.011348867984467577,0.005574154550179438,-0.04540850647491974
2020-06-09,-0.0077991708226116,0.2094888904489088,Elevated,3207.179931640625,0.008146867263934578,0.004399358861545462,-0.05285352859873378
2020-06-10,-0.0053130910724373,0.2117239794733862,Elevated,3190.139892578125,0.004354453222680917,0.004140017466624086,-0.05788580406022638
2020-06-11,-0.0589440592744382,0.2939952704536875,Crisis,3002.10009765625,-0.006760618185983844,0.002309363097787843,-0.11341783906899011
2020-06-12,0.0130608439632347,0.2870625508559937,Crisis,3041.31005859375,-0.009390779557016643,0.0037628663629051145,-0.10183832780448274
2020-06-15,0.0083122170412852,0.2861824038687732,Crisis,3066.590087890625,-0.010136652032993444,0.0036098851412979566,-0.09437261304702996
2020-06-16,0.0189623981938025,0.2910898015369211,Crisis,3124.739990234375,-0.004784338229710625,0.004325886805267685,-0.07719974592041483
2020-06-17,-0.003600299556174,0.2747371961443667,Crisis,3113.489990234375,-0.004441779926457964,0.0026543872248936526,-0.08052210326561483
2020-06-18,0.0005942198825281,0.2707124939567252,Crisis,3115.340087890625,0.007465875904935295,0.003181940514275614,-0.07997573121782998
2020-06-19,-0.0056494948094629,0.2677381591763992,Crisis,3097.739990234375,0.0037238081503957756,0.0021200074157735663,-0.08517340354889481
2020-06-22,0.0064950955376916,0.2656490454160096,Crisis,3117.860107421875,0.003360383849677056,0.002799468936984457,-0.07923151740452368
2020-06-23,0.0043074195691641,0.2656939458421983,Crisis,3131.2900390625,0.0004293881247493761,0.002892502662826157,-0.07526538122392241
2020-06-24,-0.0258551459390645,0.2811062305800384,Crisis,3050.330078125,-0.004021581151828724,0.001076105997343081,-0.0991745297472831
2020-06-25,0.0109594472678098,0.2790338866781133,Crisis,3083.760009765625,-0.0019485356747723837,0.0008919226664809855,-0.08930198050854851
2020-06-26,-0.0242269050447859,0.2922379368718145,Crisis,3009.050048828125,-0.005664017721836984,-0.0001613625953624479,-0.11136537495124253
2020-06-29,0.0146856784331186,0.2963280337687181,Crisis,3053.239990234375,-0.004025901142751584,0.0003087965764540855,-0.09831517260324146
2020-06-30,0.0154098757315546,0.3007536718086258,Crisis,3100.2900390625,-0.0018054099102734842,0.0008639699535025093,-0.08442032146402907
2020-07-01,0.0050221328208643,0.2999740420059851,Crisis,3115.860107421875,0.004370045841712275,0.0007121270983030283,-0.07982215871033702
2020-07-02,0.004541250844364,0.2966658660081706,Crisis,3130.010009765625,0.003086406557023116,0.00027842575118555213,-0.0756434003116152
2020-07-06,0.0158817258674588,0.3011450193982642,Crisis,3179.719970703125,0.011108132739472056,0.0011951128034985614,-0.060963022191587835
2020-07-07,-0.0108185320281971,0.2894800307289236,Crisis,3145.320068359375,0.006007290647208916,-0.0005682292368155242,-0.07112202381166964
2020-07-08,0.0078274619154155,0.2875285818813822,Crisis,3169.93994140625,0.004490807883981096,-0.0007689014989942719,-0.06385126682898729
2020-07-09,-0.0056436061593611,0.2869608981441977,Crisis,3152.050048828125,0.0023576600879360162,-0.0006662555626490099,-0.06913452158558928
2020-07-10,0.0104662012732443,0.2889405314453324,Crisis,3185.0400390625,0.0035426501737120765,8.513931095487581e-05,-0.05939189613018911
2020-07-13,-0.0093625411277882,0.1980713773753402,Elevated,3155.219970703125,-0.0015062032253373235,0.002446163984604876,-0.06819837818780115
2020-07-14,0.0134063707826679,0.1983081646009317,Elevated,3197.52001953125,0.0033387773368356763,0.0024626176426731238,-0.05570630014989542
2020-07-15,0.009082050740923,0.1986119860101637,Elevated,3226.56005859375,0.0035896951019371765,0.0024992763902749234,-0.04713017685352283
2020-07-16,-0.0034061012455366,0.1901864449847786,Elevated,3215.570068359375,0.004037196084702077,0.0014341097503063952,-0.05037574794497634
2020-07-17,0.0028486121946174,0.189345690691771,Elevated,3224.72998046875,0.002513678268976696,0.0017412007860583664,-0.047670636720268035
2020-07-20,0.0084069387471426,0.190678880070149,Elevated,3251.840087890625,0.006067574243962856,0.002113235017706676,-0.03966446209607006
2020-07-21,0.0016790373419135,0.188598278480175,Elevated,3257.300048828125,0.0037221075558119764,0.00246221273920079,-0.038052022867162666
2020-07-22,0.0057470820687397,0.1884144509825419,Elevated,3276.02001953125,0.0030551138213753166,0.0024265930502030807,-0.032523628896722126
2020-07-23,-0.012319859824193,0.1950115947148157,Elevated,3235.659912109375,0.0012723621056440367,0.0016348178409956,-0.044442802171933436
2020-07-24,-0.0061904000546884,0.1704325479728557,Normal,3215.6298828125,-0.0005354403442171232,0.002571234311680176,-0.05035808350162621
2020-07-27,0.0073951387950395,0.168660223077977,Normal,3239.409912109375,-0.0007378003346377431,0.0024015053367863522,-0.04333534972353344
2020-07-28,-0.0064733921522979,0.1425316534956429,Normal,3218.43994140625,-0.0023682862334800233,0.0032469107126191143,-0.04952821516301397
2020-07-29,0.01242838167815,0.1404483372696971,Normal,3258.43994140625,-0.0010320263115979633,0.0031394203909539424,-0.03771538904674733
2020-07-30,-0.0037502519373892,0.1349312913266577,Normal,3246.219970703125,0.0006818952657627966,0.0022270333590994765,-0.04132419877329453
2020-07-31,0.0076705049901413,0.1359307248718656,Normal,3271.1201171875,0.0034540762747287367,0.002353146319541238,-0.03397067125605728
2020-08-03,0.0071810234393261,0.1367711242736879,Normal,3294.610107421875,0.0034112532035860564,0.0024788497764441954,-0.027033592003270445
2020-08-04,0.0036119303819721,0.1279404595372164,Calm,3306.510009765625,0.005428317710440056,0.0018945738009448286,-0.02351930507358863
2020-08-05,0.0064297430531994,0.1200539987451552,Calm,3327.77001953125,0.0042285899854499365,0.002715920233392281,-0.017240785108802156
2020-08-06,0.0064276955596642,0.1193992029717227,Calm,3349.159912109375,0.006264179484860616,0.002649264692642219,-0.01092390806702683
2020-08-07,0.0006330295486443,0.1158327675632564,Calm,3351.280029296875,0.004856684396561216,0.002948152107309143,-0.010297793674975684
2020-08-10,0.002742218294476,0.1125602196448643,Calm,3360.469970703125,0.003968923367591196,0.0025803433940344614,-0.007583814178707929
2020-08-11,-0.0079691321542361,0.1107869161194062,Calm,3333.68994140625,0.0016527108603495565,0.0026466962022988474,-0.0154925099155207
2020-08-12,0.0139965494902376,0.1115255298630817,Calm,3380.35009765625,0.0031660721477571965,0.002674799950278357,-0.0017128021070436426
2020-08-13,-0.0020471743504979,0.1101240422022244,Calm,3373.429931640625,0.0014710981657247765,0.0021448368506868857,-0.00375647005300054
2020-08-14,-0.0001718826227681,0.1086297032977937,Calm,3372.85009765625,0.0013101157314422966,0.00229884726129491,-0.003927707003843639
2020-08-17,0.0027098425110787,0.1086219176643504,Calm,3381.989990234375,0.0013036405747628367,0.0022922391811264,-0.0012285079601749716
2020-08-18,0.0023033891540169,0.1063262067088548,Calm,3389.780029296875,0.0033581448364134367,0.0020015939624061286,0.0
2020-08-19,-0.0044043954214108,0.1086223219299592,Calm,3374.85009765625,-0.0003220441459162431,0.0017119066879621144,-0.004404395421410822
2020-08-20,0.0031586327691348,0.1077775464426318,Calm,3385.510009765625,0.0007191172780102969,0.001588647197504738,-0.0012596745199822622
2020-08-21,0.0034411070444764,0.0952510691494011,Calm,3397.159912109375,0.0014417152114591968,0.002339169429346138,0.0
2020-08-24,0.0100437183030086,0.0935194115604634,Calm,3431.280029296875,0.0029084903698451767,0.003112222684474567,0.0
2020-08-25,0.0035963511532906,0.0922445043980169,Calm,3443.6201171875,0.0031670827696999165,0.002931328034867476,0.0
2020-08-26,0.0101956261394839,0.0888413351435429,Calm,3478.72998046875,0.006087087081878858,0.0037250908106666097,0.0
2020-08-27,0.0016730440109038,0.0831986665836948,Calm,3484.550048828125,0.005789969330232656,0.003212931874131076,0.0
2020-08-28,0.0067325653552858,0.0800078013288879,Calm,3508.010009765625,0.006448260992394536,0.0037121136499727427,0.0
2020-08-31,-0.0021949627140287,0.0811485236168177,Calm,3500.31005859375,0.004000524788987077,0.003242329473583695,-0.0021949627140286994
2020-09-01,0.0075250030166134,0.0813673427842914,Calm,3526.64990234375,0.004786255161651637,0.003258709453454519,0.0
2020-09-02,0.0153659101548075,0.091559494861742,Calm,3580.840087890625,0.005820311964716357,0.0038184227759704903,0.0
2020-09-03,-0.0351258437153412,0.1623913974050868,Normal,3455.06005859375,-0.001539465580532643,0.0018395853108018907,-0.03512584371534127
2020-09-04,-0.0081330272642748,0.1650200759308878,Normal,3426.9599609375,-0.004512584104444763,0.0011462175572809856,-0.04297319153499859
2020-09-08,-0.0277563421023609,0.1930550270718799,Elevated,3331.840087890625,-0.009624859982111203,-0.00020565728324307148,-0.0695367550318839
2020-09-09,0.0201449863367746,0.2054198374440192,Elevated,3398.9599609375,-0.007100863318078962,0.0006230459568663857,-0.050792585675130106
2020-09-10,-0.0175847965901794,0.213046598385463,Elevated,3339.18994140625,-0.013691004667076342,0.00016515717420241896,-0.06748420497792307
2020-09-11,0.000533072190594,0.2070539207466596,Elevated,3340.969970703125,-0.006559221485889302,-0.00047596079244727625,-0.06698710674030711
2020-09-14,0.0127418290893575,0.2119205916495155,Elevated,3383.5400390625,-0.002384250215162843,0.0002282774665934571,-0.05509881591622514
2020-09-15,0.005219359577689,0.212614104902847,Elevated,3401.199951171875,0.004210890120847137,0.0004850032856628428,-0.05016703687110784
2020-09-16,-0.0046189465962115,0.2131628389013311,Elevated,3385.489990234375,-0.0007418964657500835,0.0001360133281728333,-0.054554264603121495
2020-09-17,-0.0084123658764024,0.2150140763648782,Elevated,3357.010009765625,0.0010925896770053168,-0.0003742607208947524,-0.0625077000455645
2020-09-18,-0.0111825818074104,0.2178778723691178,Elevated,3319.469970703125,-0.001250541122595563,-0.0006970315011804476,-0.07299128438362239
2020-09-21,-0.0115710979308057,0.2205519573194817,Elevated,3281.06005859375,-0.006113126526628203,-0.001398447248796662,-0.08371779301473002
2020-09-22,0.0105179451608137,0.2238464067967774,Elevated,3315.570068359375,-0.005053409410003264,-0.0010614549575425046,-0.07408038700982968
2020-09-23,-0.0237214550930281,0.2331074020936827,Elevated,3236.919921875,-0.008873911109366583,-0.002669320357353776,-0.09604454752912996
2020-09-24,0.002987459142957,0.232910645845374,Elevated,3246.590087890625,-0.006593946105494704,-0.0026983152149887093,-0.09334401754782005
2020-09-25,0.0159767237756141,0.2377537772582097,Elevated,3298.4599609375,-0.001162084988889804,-0.0024230248513634617,-0.07885862535667361
2020-09-28,0.0161105901990838,0.2460049359284848,Crisis,3351.60009765625,0.004374252637088095,-0.0017355226519263191,-0.06401849415437426
2020-09-29,-0.0048126645432444,0.2442421600101461,Crisis,3335.469970703125,0.0013081306962764755,-0.0022852955042372814,-0.06852305916069008
2020-09-30,0.0082537182282207,0.2469577234303585,Crisis,3363.0,0.007703165360526236,-0.0017877392688920718,-0.060834910954917464
2020-10-01,0.0052929077692909,0.2460164091514801,Crisis,3380.800048828125,0.008164255085793017,-0.0018940295187645714,-0.05586399675846405
2020-10-02,-0.0095776521786163,0.2390419101123681,Elevated,3348.419921875,0.0030533798949469366,-0.003081818201308562,-0.0649066030068205
2020-10-05,0.017972708676142,0.2193101172306745,Elevated,3408.60009765625,0.003425803590358577,-0.0005533157064760286,-0.04810044179767795
2020-10-06,-0.0139735156922267,0.2227596181205162,Elevated,3360.969970703125,0.0015936333605621172,-0.0008314342030451668,-0.06140182521164174
2020-10-07,0.0173967548692179,0.2084484359020577,Elevated,3419.43994140625,0.003422240688761557,0.001318713271791919,-0.04507326284415326
2020-10-08,0.0080101236424949,0.1986473315359918,Elevated,3446.830078125,0.003965683863402357,0.0007408626673024094,-0.03742418161001058
2020-10-09,0.0087935331206152,0.1887561139629558,Elevated,3477.139892578125,0.007639920923248657,0.0019969736059116763,-0.02895973926989489
2020-10-12,0.0164158129636475,0.1951155777768789,Elevated,3534.219970703125,0.007328541780749756,0.0027532945951047,-0.013019323969577942
2020-10-13,-0.0063069189940844,0.1939834157491483,Elevated,3511.929931640625,0.008861861120378216,0.0018462113530360378,-0.019244131142028487
2020-10-14,-0.0066231417535027,0.1957188072926849,Elevated,3488.669921875,0.004057881795834097,0.0012822827182173856,-0.025739816287054563
2020-10-15,-0.0015277553060997,0.1948353741213372,Elevated,3483.340087890625,0.0021503060061151763,0.0014294823034608048,-0.027228247452243694
2020-10-16,0.0001349195574553,0.1916184873951046,Elevated,3483.81005859375,0.00041858329348319655,0.0018364958955492665,-0.027097001517884797
2020-10-19,-0.016329861778318,0.1967849133441335,Elevated,3426.919921875,-0.006130551654909904,0.0015913873255060473,-0.0429843730068089
2020-10-20,0.0047273340731102,0.1910650842024499,Elevated,3443.1201171875,-0.003923701041470984,0.0023675031352163286,-0.03846024042482502
2020-10-21,-0.0021956999281005,0.1892993333649781,Elevated,3435.56005859375,-0.0030382126763905436,0.001762091464315652,-0.04057149320579001
2020-10-22,0.0052189253963921,0.1652261965925548,Normal,3453.489990234375,-0.0016888765358921837,0.0031402048209547093,-0.03556430740565923
2020-10-23,0.0034457613537031,0.1652284855545616,Normal,3465.389892578125,-0.0010267081766426234,0.0031620287357521423,-0.0322410921679858
2020-10-26,-0.0185895162945356,0.1745733802024964,Normal,3400.969970703125,-0.0014786390798861432,0.0015160173038402524,-0.05023126215431099
2020-10-27,-0.0030256189119989,0.1668299197836595,Normal,3390.679931640625,-0.003029229676907963,0.0006047692509315523,-0.05310490040956231
2020-10-28,-0.0352878787606047,0.2076957924221733,Elevated,3271.030029296875,-0.009647665443408802,-0.0008464314260856047,-0.08651881988292044
2020-10-29,0.0119473308942383,0.2101149415687602,Elevated,3310.110107421875,-0.008301984343839563,-0.0006705451086561951,-0.07560515795840234
2020-10-30,-0.0121295501301756,0.2125383809401734,Elevated,3269.9599609375,-0.011417046640615302,-0.0015001859610117429,-0.08681765153502177
2020-11-02,0.0123182026012718,0.2155661303717784,Elevated,3310.239990234375,-0.005235502861453821,-0.0004575262095885,-0.07556888635472496
2020-11-03,0.0177992900964345,0.2153800700936313,Elevated,3369.159912109375,-0.0010705210597671412,-0.0004657842371936191,-0.05911466878878275
2020-11-04,0.0220470477016834,0.2229285374084681,Elevated,3443.43994140625,0.010396464232690477,0.0012494806863259094,-0.03837092500975481
2020-11-05,0.0194601941389629,0.2249174580721904,Elevated,3510.449951171875,0.011899036881635398,0.0013477396991709095,-0.01965743652077323
2020-11-06,-0.0002877151874185,0.2236536856713243,Elevated,3509.43994140625,0.014267403870186818,0.0009526045167940809,-0.01993949596515908
2020-11-09,0.0116998892356872,0.2251590659085861,Elevated,3550.5,0.014143741197069898,0.0010910024270356046,-0.00847289662367959
2020-11-10,-0.001399794593191,0.2182320577048619,Elevated,3545.530029296875,0.010303924259144798,0.00024264016242424752,-0.009860830901988195
2020-11-11,0.0076518553187603,0.2183106029431926,Elevated,3572.659912109375,0.007424885782560178,0.0009073437011311379,-0.0022844292346125734
2020-11-12,-0.009978532303877,0.2200712830963387,Elevated,3537.010009765625,0.0015371404939921978,0.0007475631987323618,-0.012240166287576137
2020-11-13,0.0136103354090635,0.2243063148593629,Elevated,3585.14990234375,0.004316750613288597,0.0014684246613591808,0.0
2020-11-16,0.0116480512400123,0.2269736950375068,Elevated,3626.909912109375,0.004306383014153618,0.0020166690271952287,0.0
2020-11-17,-0.0047919256980916,0.2185867840326406,Elevated,3609.530029296875,0.0036279567931734973,0.002566094554825057,-0.0047919256980915835
2020-11-18,-0.011563829610944,0.2237805550840571,Elevated,3567.7900390625,-0.00021518019276736203,0.001790324855584381,-0.016300342296754613
2020-11-19,0.0039464424674215,0.2234132559865499,Elevated,3581.8701171875,0.002569814761492337,0.002082807826799714,-0.01241822819240644
2020-11-20,-0.0067925629151801,0.2251566638850426,Elevated,3557.5400390625,-0.0015107649033563825,0.0015108321929153236,-0.01912643951129466
2020-11-23,0.0056359306172162,0.2255213482411963,Elevated,3577.590087890625,-0.0027131890279156025,0.0016151259673683287,-0.013598304180118462
2020-11-24,0.0161616682734162,0.2183066835881142,Elevated,3635.409912109375,0.001477529766385957,0.003269944280127938,0.0
2020-11-25,-0.0015844182375249,0.2178395944953519,Elevated,3629.64990234375,0.0034734120410697773,0.0033385728836743188,-0.001584418237524931
2020-11-27,0.0023969791981541,0.166775106361801,Normal,3638.35009765625,0.0031635193872162973,0.0051330899293295,0.0
2020-11-30,-0.0045955486401709,0.1680988216584712,Normal,3621.6298828125,0.003602922242218137,0.0043453337610243,-0.004595548640170944
2020-12-01,0.0112711871947761,0.1584712348824781,Normal,3662.449951171875,0.0047299735577301175,0.005459654586022,0.0
2020-12-02,0.0017911667548251,0.1569187991710554,Normal,3669.010009765625,0.0018558732540118975,0.004958367164762633,0.0
2020-12-03,-0.0006241572130915,0.1507810464652225,Normal,3666.719970703125,0.0020479254588985775,0.004081060150023299,-0.0006241572130914647
2020-12-04,0.0088362751296118,0.1372885093953707,Normal,3699.1201171875,0.003335784645190118,0.0034519757418294142,0.0
2020-12-07,-0.0019356376714373,0.1253406705678471,Calm,3691.9599609375,0.0038677668389368374,0.002433126608000833,-0.0019356376714373851
2020-12-08,0.0027871480653562,0.1249516404536265,Calm,3702.25,0.0021709590130528575,0.002579548667656771,0.0
2020-12-09,-0.0079492016045985,0.1254191070542983,Calm,3672.820068359375,0.00022288534116813758,0.0016438776752622137,-0.007949201604598555
2020-12-10,-0.0012851080682624,0.1253846630643444,Calm,3668.10009765625,9.069517013395767e-05,0.0016493389383540518,-0.009224094089742724
2020-12-11,-0.0012649972997506,0.1238008210829566,Calm,3663.4599609375,-0.0019295593157385223,0.001224726908901152,-0.010477422935377135
2020-12-14,-0.0043592589719577,0.1188238732994826,Calm,3647.489990234375,-0.002414283575842602,0.0014923113532782615,-0.014791008107400905
2020-12-15,0.0129212491547088,0.1179592377745461,Calm,3694.6201171875,-0.0003874633579720822,0.001459497722118514,-0.002060877253697076
2020-12-16,0.001772795166959,0.1120229560240736,Calm,3701.169921875,0.0015569359963394176,0.0009892474329254999,-0.0002917355999729894
2020-12-17,0.0057576547533797,0.1111204071372477,Calm,3722.47998046875,0.0029654885606678377,0.0014916084068050854,0.0
2020-12-18,-0.0035111185091528,0.1023551691644095,Calm,3709.409912109375,0.0025162643187873973,0.0018750708402237141,-0.0035111185091529122
2020-12-21,-0.0039062790518439,0.1039550993606948,Calm,3694.919921875,0.002606860302810158,0.001501131720258695,-0.007403682152315974
2020-12-22,-0.002073092860288,0.1004368906262814,Calm,3687.260009765625,-0.00039200810018920253,0.0017258683895392713,-0.009461426491994178
2020-12-23,0.0007458112508249,0.0994619892114452,Calm,3690.010009765625,-0.0005974048834160226,0.0014930055625682571,-0.008722671679495841
2020-12-24,0.0035365890047962,0.08448984834428,Calm,3703.06005859375,-0.0010416180331327225,0.0008918113116815902,-0.005216931179453802
2020-12-28,0.0087225290211445,0.0881485607209885,Calm,3735.360107421875,0.0014051114729267376,0.0013826183239991807,0.0
2020-12-29,-0.0022273805256001,0.0889301849667971,Calm,3727.0400390625,0.0017408911781754978,0.0011624107181061236,-0.002227380525600105
2020-12-30,0.0013415471654707,0.0864296885181538,Calm,3732.0400390625,0.0024238191833272377,0.0014451295659938187,-0.0008888214961599761
2020-12-31,0.0064388455229198,0.0809551795900498,Calm,3756.070068359375,0.0035624260377462177,0.0012150180578101857,0.0
2021-01-04,-0.014754827521051,0.0979732096274538,Calm,3700.64990234375,-9.585726742322304e-05,0.0004271135684827521,-0.01475482752105105
2021-01-05,0.0070825951575492,0.1005351218406475,Calm,3726.860107421875,-0.0004238440401422829,0.0007941017766084997,-0.007776734833452856
2021-01-06,0.0057098427477522,0.0979336215747774,Calm,3748.139892578125,0.0011636006145281771,0.0006452240441389949,-0.0021112960186905794
2021-01-07,0.0148474038001011,0.1089931618736457,Calm,3803.7900390625,0.003864771941454257,0.001444416495164633,0.0
2021-01-08,0.0054918626852689,0.1098126317559658,Calm,3824.679931640625,0.0036753753739240773,0.0015732124294461902,0.0
2021-01-11,-0.0065547508985924,0.108386017893076,Calm,3799.610107421875,0.005315390698415798,0.0016396148440179093,-0.006554750898592477
2021-01-12,0.0004157884466327,0.1079670517183635,Calm,3801.18994140625,0.003982029356232498,0.0017206099161557712,-0.006141687841653927
2021-01-13,0.0022756417379066,0.107428718815361,Calm,3809.840087890625,0.0032951891542633777,0.0018892117750918282,-0.0038800223849409375
2021-01-14,-0.0037534511943366,0.1070044031066742,Calm,3795.5400390625,-0.00042498184462416244,0.0019180597645023566,-0.0076189101046228525
2021-01-15,-0.0071900279753709,0.1035714317806408,Calm,3768.25,-0.0029613599767521225,0.0009603799011652282,-0.014754157903199748
2021-01-19,0.0081363795155244,0.1065047639854206,Calm,3798.909912109375,-2.3133893928762445e-05,0.00126340772728739,-0.006737823815807708
2021-01-20,0.0139356254219462,0.1143328976089104,Calm,3851.85009765625,0.002680833501133938,0.001652834901981033,0.0
2021-01-21,0.0003167233075522,0.1129146433010637,Calm,3853.070068359375,0.0022890498150630574,0.00183511308372889,0.0
2021-01-22,-0.0030106116552376,0.1123821845027364,Calm,3841.469970703125,0.0024376177228828577,0.001877763912138714,-0.0030106116552376335
2021-01-25,0.0036158389430824,0.1115872915471952,Calm,3855.360107421875,0.004598791106573517,0.0021486654265849233,0.0
2021-01-26,-0.0014888337468982,0.1122080491627144,Calm,3849.6201171875,0.002673748454088998,0.0020422537600266804,-0.001488833746898263
2021-01-27,-0.025677883699462,0.1474189086678815,Normal,3750.77001953125,-0.005248953370192643,0.0006510883931572424,-0.0271284873465596
2021-01-28,0.0097606259756297,0.1481769739609178,Normal,3787.3798828125,-0.0033601728365771424,0.0007005215814660615,-0.01763265238920423
2021-01-29,-0.0193114751731245,0.1634604818314191,Normal,3714.239990234375,-0.006620345540154522,-0.00011300673508271938,-0.03660361503347834
2021-02-01,0.0160517676144393,0.1727866190520967,Normal,3773.860107421875,-0.004133159805883142,0.0005874799529634043,-0.021139400141404693
2021-02-02,0.0138982234844169,0.1778281241880185,Normal,3826.31005859375,-0.001055748359620122,0.0009426884273204091,-0.007534976764479496
2021-02-03,0.0010087690809532,0.1684310271232525,Normal,3830.169921875,0.004281582196462918,0.0016933358845587045,-0.0065338087351119
2021-02-04,0.0108533222304207,0.1704456846650694,Normal,3871.739990234375,0.0045001214474211185,0.0018728943166002043,0.0
2021-02-05,0.0038974951646253,0.1700467841032326,Normal,3886.830078125,0.009141915514971077,0.0017865920507370186,0.0
2021-02-08,0.0073993483603735,0.1647124596438391,Normal,3915.590087890625,0.0074114316641579175,0.0014319227440833236,0.0
2021-02-09,-0.0011135249921484,0.1642497113891994,Normal,3911.22998046875,0.004409081968844858,0.0011173804737301186,-0.0011135249921484611
2021-02-10,-0.0003451849323593,0.1619880518361789,Normal,3909.8798828125,0.004138291166182358,0.00141307409116979,-0.001458325552458724
2021-02-11,0.0016624551635393,0.1619489065892256,Normal,3916.3798828125,0.002300117752806078,0.0014724391729272473,0.0
2021-02-12,0.0047110331133788,0.1623204113991029,Normal,3934.830078125,0.0024628253425567777,0.0015884101908068761,0.0
2021-02-16,-0.0005692724183511,0.1613720730516997,Normal,3932.590087890625,0.0008691011868118579,0.0017400377515680904,-0.0005692724183511339
2021-02-17,-0.0003204020092266,0.1583076832145916,Normal,3931.330078125,0.001027725783396218,0.0020671627975749614,-0.000889492031551156
2021-02-18,-0.0044158356273545,0.1582157721343828,Normal,3913.969970703125,0.00021359564439717808,0.0014694382669616808,-0.005301399808302554
2021-02-19,-0.0018548966445751,0.1518675672851286,Normal,3906.7099609375,-0.000489874717225702,0.0007175086447463807,-0.0071464629041617005
2021-02-22,-0.0077328394581538,0.154669332510553,Normal,3876.5,-0.0029786492315322217,0.000334196132093714,-0.01482403991198397
2021-02-23,0.0012563181187927,0.154212278321885,Normal,3881.3701171875,-0.002613531124103462,0.000537383264190395,-0.013586345503126375
2021-02-24,0.011351613765979,0.1584286974537584,Normal,3925.429931640625,-0.00027912796906234166,0.0009057534938521379,-0.0023889586837900502
2021-02-25,-0.0244788075251262,0.1811888977151083,Elevated,3829.340087890625,-0.004291722348616682,-0.00018900716225395744,-0.026809287349110235
2021-02-26,-0.0047502141699028,0.1569801602121955,Normal,3811.14990234375,-0.004870785853682222,0.0008075485296298141,-0.03143215166236232
2021-03-01,0.0237907635068002,0.1736961516237857,Normal,3901.820068359375,0.0014339347393085775,0.0014756503168284092,-0.008389183042271223
2021-03-02,-0.0080808516908706,0.1606265107856831,Normal,3870.2900390625,-0.0004334992226240822,0.002010441911221452,-0.01640224298916974
2021-03-03,-0.0130662218719981,0.1602248835795539,Normal,3819.719970703125,-0.005317066350219503,0.0006238709832958615,-0.029254149515072967
2021-03-04,-0.0134172139301002,0.1596503153732576,Normal,3768.469970703125,-0.003104747631214302,-0.0006768641316811432,-0.042278854262786325
2021-03-05,0.0194959681977822,0.1742837916197883,Normal,3841.93994140625,0.001744488842322698,0.00020347868340595194,-0.02360715326315016
2021-03-08,-0.0053592310301612,0.1708155188965002,Normal,3821.35009765625,-0.004085510065069581,-0.0005685476623360433,-0.028839868105009697
2021-03-09,0.0141546423038221,0.177749355939581,Normal,3875.43994140625,0.00036158873386895815,-8.011208427905289e-05,-0.015093443818303383
2021-03-10,0.0060303133427013,0.1770855319027735,Normal,3898.81005859375,0.004180895776808838,-0.00014530422797772908,-0.009154148671246823
2021-03-11,0.0103954870044358,0.1807428107347727,Elevated,3939.340087890625,0.008943435963716039,0.00040274396233580425,0.0
2021-03-12,0.0010153984958789,0.1807333225060219,Elevated,3943.340087890625,0.005247322023335378,0.0004675336493947661,0.0
2021-03-15,0.0064919213014971,0.1819061400105776,Elevated,3968.93994140625,0.007617552489667038,0.0006975082273927566,0.0
2021-03-16,-0.0015696837343783,0.1814606726706274,Elevated,3962.7099609375,0.004472687282026959,0.00039842647273765665,-0.001569683734378362
2021-03-17,0.0028793821305308,0.1816221225870979,Elevated,3974.1201171875,0.0038425010395928584,0.000562648117922509,0.0
2021-03-18,-0.0147605393194591,0.189235674754305,Elevated,3915.4599609375,-0.0011887042251861215,-0.00012497746827903856,-0.014760539319459226
2021-03-19,-0.0006027039747036,0.1886062241224415,Elevated,3913.10009765625,-0.0015123247193026216,5.6600229466242354e-05,-0.01535434705844626
2021-03-22,0.0070251180773117,0.1899758297300504,Elevated,3940.590087890625,-0.001405685364139702,0.00047945807336561376,-0.008437095082220195
2021-03-23,-0.0076308541839406,0.1899206014404442,Elevated,3910.52001953125,-0.0026179194540521616,0.0004843145149948139,-0.016003567023852323
2021-03-24,-0.0054673360183149,0.1910013609462169,Elevated,3889.139892578125,-0.004287263083821302,0.0001641405084658804,-0.021383406163756277
2021-03-25,0.0052402658469594,0.1876346586331738,Elevated,3909.52001953125,-0.00028710205053760174,-0.00012687605910648153,-0.01625519504980834
2021-03-26,0.0166312026045196,0.1739518179086984,Normal,3974.5400390625,0.003159679265307038,0.0018307434708766518,0.0
2021-03-29,-0.0008680126852336,0.1726159552456191,Normal,3971.090087890625,0.0015810531127979782,0.002015610208241852,-0.0008680126852335753
2021-03-30,-0.0031578329337678,0.1540239681873021,Normal,3958.550048828125,0.0024756573628325384,0.0007323437110719472,-0.004023104579957046
2021-03-31,0.0036224990395776,0.1508899502667754,Normal,3972.889892578125,0.004293624374411038,0.0012896461268075757,-0.0004151792328563963
2021-04-01,0.0118252017749447,0.1455948328158896,Normal,4019.8701171875,0.005610611560008099,0.002474952014757233,0.0
2021-04-05,0.0144382264177436,0.1391162943669216,Normal,4077.909912109375,0.005172016322652899,0.0038014015551307476,0.0
2021-04-06,-0.0009735307519511,0.1276150388360756,Calm,4073.93994140625,0.005150912709309398,0.002826663509905352,-0.0009735307519511776
2021-04-07,0.0014752327849856,0.1242427971517731,Calm,4079.949951171875,0.006077525853060079,0.0031521141677694855,0.0
2021-04-08,0.0042206328286402,0.1177546044217347,Calm,4097.169921875,0.006197152610872598,0.0026790660975227285,0.0
2021-04-09,0.0077199343487381,0.1185035678928825,Calm,4128.7998046875,0.0053760991256312785,0.0027595242406673374,0.0
2021-04-12,-0.0001960788487688,0.1155472863718419,Calm,4127.990234375,0.0024492380723287986,0.002255163961943309,-0.00019607884876880695
2021-04-13,0.0032944868090414,0.1155088863626975,Calm,4141.58984375,0.003302841584527299,0.002363691976855809,0.0
2021-04-14,-0.0040877267278285,0.1165539998636666,Calm,4124.66015625,0.002190249681964479,0.0018598992135545902,-0.004087726727828515
2021-04-15,0.0110941905251664,0.1200618085718049,Calm,4170.419921875,0.003564961221269719,0.0024629408449614804,0.0
2021-04-16,0.0036088195555097,0.1201202637986741,Calm,4185.47021484375,0.0027427382626240386,0.0024976759604366664,0.0
2021-04-19,-0.005306560094486,0.1067230456539179,Calm,4163.259765625,0.0017206420134805987,0.002947865447340147,-0.005306560094486098
2021-04-20,-0.0068023197717759,0.1113810481914094,Calm,4134.93994140625,-0.0002987193026828615,0.0026526456474795616,-0.01207278294761115
2021-04-21,0.0093060554721535,0.1127807521920736,Calm,4173.419921875,0.0023800371373135384,0.0027612617139005998,-0.0028790774632713174
2021-04-22,-0.0092106574765618,0.1147308519053648,Calm,4134.97998046875,-0.0016809324630321014,0.002686032985680543,-0.012063216743470453
2021-04-23,0.0109286965401769,0.1141066072181508,Calm,4180.169921875,-0.00021695706609866153,0.003466796440846819,-0.001266355438381221
2021-04-26,0.0017822709248045,0.1140581773602997,Calm,4187.6201171875,0.0012008091377594386,0.0033021300159823,0.0
2021-04-27,-0.0002148958880143,0.103712486812589,Calm,4186.72021484375,0.0025182939145117584,0.0024999348496711612,-0.0002148958880144063
2021-04-28,-0.0008455399168898,0.1037033204199155,Calm,4183.18017578125,0.00048797483670309853,0.0025010049814970566,-0.0010602541018529552
2021-04-29,0.0067628067340457,0.1025704519214088,Calm,4211.47021484375,0.0036826676788245987,0.0029734163942500805,0.0
2021-04-30,-0.0071947066993264,0.108387753562525,Calm,4181.169921875,5.7987030923938376e-05,0.002458311359064176,-0.007194706699326418
2021-05-03,0.0027480907472536,0.1029272558147361,Calm,4192.66015625,0.00025115099541375837,0.0020260679767931714,-0.00446638765898238
2021-05-04,-0.0066783376082272,0.0966434551149371,Calm,4164.66015625,-0.0010415373486288217,0.0010205173088897995,-0.011114897222533652
2021-05-05,0.0007034637617677,0.096381721040645,Calm,4167.58984375,-0.0007317366128973216,0.001100374190495457,-0.010419252388177702
2021-05-06,0.0081654564660518,0.0994471922142903,Calm,4201.6201171875,-0.00045120666649610153,0.0014189562705462283,-0.002338873873910432
2021-05-07,0.0073733416169683,0.101151407521024,Calm,4232.60009765625,0.0024624029967628388,0.0015690852604666138,0.0
2021-05-10,-0.0104356473221881,0.1066441206556434,Calm,4188.43017578125,-0.00017434461712550198,0.000704533752327271,-0.01043564732218821
2021-05-11,-0.0086739128027181,0.1114803150518746,Calm,4152.10009765625,-0.0005734596560236817,0.0003008273735677806,-0.019019042229993777
2021-05-12,-0.0214494006645027,0.1338218815894033,Normal,4063.0400390625,-0.005004032541277762,-0.0008774529823152718,-0.04006049583745031
2021-05-13,0.0121731414069234,0.1405908946666218,Normal,4112.5,-0.00420249555310344,-0.00010312592827946706,-0.02837501651118752
2021-05-14,0.0149179568768997,0.1449834996266807,Normal,4173.85009765625,-0.0026935725011171616,7.895818370783293e-05,-0.013880356906983035
2021-05-17,-0.0025300521932207,0.1446595178016654,Normal,4163.2900390625,-0.0011124534753236812,-0.00021336904242218608,-0.016375291072768625
2021-05-18,-0.0085172929593646,0.1464997413977051,Normal,4127.830078125,-0.0010811295066529812,-0.0003662610836068813,-0.024753110880771634
2021-05-19,-0.0029434114568177,0.1449655030289368,Normal,4115.68017578125,0.0026200683348840187,-0.00018250354479934795,-0.027623663747431033
2021-05-20,0.0105547417561433,0.1460557536074661,Normal,4159.1201171875,0.0022963884047279993,-0.00012304229318078598,-0.0173604826285003
2021-05-21,-0.0007838806801412,0.1423186969022688,Normal,4155.85986328125,-0.0008439791066801808,0.00027823279236305207,-0.01813075476171112
2021-05-24,0.0099112921901385,0.1414000352121399,Normal,4197.0498046875,0.0016442897699916596,0.00022978496617074735,-0.008399161779643565
2021-05-25,-0.0021252837802967,0.1415073280194552,Normal,4188.1298828125,0.0029226916058052387,4.3710932594499726e-05,-0.010506594957641955
2021-05-26,0.0018768165702687,0.1416446100328919,Normal,4195.990234375,0.003886737211222519,0.00014331628775083306,-0.00864949733888686
2021-05-27,0.0011653145418315,0.1416390099595973,Normal,4200.8798828125,0.0020088517683601592,0.00023907126197565687,-0.007494262182083934
2021-05-28,0.0007688818911402,0.1396686962197191,Normal,4204.10986328125,0.002319404282616439,-4.635373054365264e-05,-0.006731142493422924
2021-06-01,-0.0004923335226864,0.1372554223423845,Normal,4202.0400390625,0.00023867914005145895,0.000272806896915395,-0.007220162049013857
2021-06-02,0.0014469348384307,0.1370335894645415,Normal,4208.1201171875,0.000953122863796939,0.0002108470917333521,-0.005783674314591045
2021-06-03,-0.0036287033416374,0.1355004377463903,Normal,4192.85009765625,-0.00014798111858428109,0.0003560677710947711,-0.009391390417916182
2021-06-04,0.0088340957105059,0.1386536453664214,Normal,4229.89013671875,0.0013857751151505992,0.0007432407210346855,-0.0006402591492167208
2021-06-07,-0.0007967387044511,0.1360602703174447,Normal,4226.52001953125,0.0010726509960323392,0.00031646952243930937,-0.0014364877344228122
2021-06-08,0.0001750248645058,0.13361918571862,Normal,4227.259765625,0.0012061226734707792,-2.6307465773190637e-05,-0.0012617142909879776
2021-06-09,-0.0018238673194856,0.128394071671954,Calm,4219.5498046875,0.0005519622418875193,0.0003837772962602618,-0.0030832804110117653
2021-06-10,0.0046522430122621,0.1247971522458671,Calm,4239.18017578125,0.002208151512667419,0.0010183561445926523,0.0
2021-06-11,0.001948434669559,0.0943200527993046,Calm,4247.43994140625,0.000831019304478039,0.002132538779547971,0.0
2021-06-14,0.0018152018730952,0.0869650299447001,Calm,4255.14990234375,0.001353407419987299,0.00163930356365139,0.0
2021-06-15,-0.0020116937805257,0.0730564073347048,Calm,4246.58984375,0.0009160636909809991,0.0008331297228216092,-0.0020116937805258264
2021-06-16,-0.0053901246128557,0.0753511526678673,Calm,4223.7001953125,0.000202812232306979,0.0006969357980770854,-0.007390975113221605
2021-06-17,-0.0004357155920517,0.0677126890338976,Calm,4221.85986328125,-0.000814779488555781,0.0010817728155681759,-0.007823470342176134
2021-06-18,-0.0131244687799005,0.0828345780244158,Calm,4166.4501953125,-0.0038293601784476815,0.0005969605620880425,-0.020845260229820323
2021-06-21,0.0140022899627207,0.0887091237341963,Calm,4224.7900390625,-0.001391942560522581,0.0007611295243060139,-0.007134851645185917
2021-06-22,0.0051244919022186,0.089767348936464,Calm,4246.43994140625,3.5294576026278886e-05,0.0010424805996564806,-0.0020469222324465057
2021-06-23,-0.0010832833431588,0.0839733469151468,Calm,4241.83984375,0.0008966628299656588,0.0005189293837851805,-0.003127988178846244
2021-06-24,0.0058112497248854,0.0853143682184562,Calm,4266.490234375,0.002146055893353079,0.0008968595506986138,0.0
2021-06-25,0.0033305973193167,0.0856726570201286,Calm,4280.7001953125,0.005437069113196519,0.0009660872054151852,0.0
2021-06-28,0.0023149642620619,0.085798813186774,Calm,4290.60986328125,0.0030996039730647592,0.0010208324301880613,0.0
2021-06-29,0.0002773361932608,0.0858338898656328,Calm,4291.7998046875,0.0021301728312731988,0.0009974254921938045,0.0
2021-06-30,0.0013281596467464,0.0856672759695066,Calm,4297.5,0.002612461429254239,0.0010841156431191756,0.0
2021-07-01,0.0052216268542757,0.0868583556369035,Calm,4319.93994140625,0.002494536855132299,0.0012638628819689375,0.0
2021-07-02,0.0075000816639139,0.0875127111231287,Calm,4352.33984375,0.0033284337240517396,0.0017938050250904279,0.0
2021-07-06,-0.0020218560598241,0.0845380545063678,Calm,4343.5400390625,0.002461069659674539,0.0012768549407889994,-0.002021856059824143
2021-07-07,0.0033589753101825,0.0844793889693797,Calm,4358.1298828125,0.0030773974830588793,0.0014747460843429804,0.0
2021-07-08,-0.0085610249343169,0.091316600747494,Calm,4320.81982421875,0.0010995605668462191,0.0010587437129704709,-0.008561024934317037
2021-07-09,0.0112779478087958,0.0971950249741662,Calm,4369.5498046875,0.002310824757750239,0.0016826396714600615,0.0
2021-07-12,0.003451174331237,0.0968209837418579,Calm,4384.6298828125,0.0015010432912148587,0.0016254459247445803,0.0
2021-07-13,-0.0035168126585656,0.0984288913682958,Calm,4369.2099609375,0.0012020519714665589,0.0013651960519767425,-0.0035168126585655994
2021-07-14,0.0011649345752446,0.098417207337685,Calm,4374.2998046875,0.0007632438244789788,0.0013342309425552852,-0.002355974939981438
2021-07-15,-0.0032622408541723,0.0990462309858443,Calm,4360.02978515625,0.0018230006405078989,0.001274681081905447,-0.005610530036453244
2021-07-16,-0.0075388542110778,0.1011258925486317,Calm,4327.16015625,-0.0019403597634668212,0.001172360624847252,-0.013107087279539388
2021-07-19,-0.0158695124274093,0.1170910028389403,Calm,4258.490234375,-0.0058044971151960814,0.00043741791840165166,-0.028768596622478958
2021-07-20,0.0151626094378556,0.1168110846608942,Calm,4323.06005859375,-0.0020686126959118417,0.001784421643056704,-0.014042194179285284
2021-07-21,0.0082418199908353,0.1107674724325986,Calm,4358.68994140625,-0.0006532356127937015,0.0015101135491573992,-0.005916107425151915
2021-07-22,0.0020166699583279,0.1100103084173234,Calm,4367.47998046875,0.0004025465497063385,0.001362122028019747,-0.003911368302938555
2021-07-23,0.0101454520208228,0.1136807808134113,Calm,4411.7900390625,0.003939407796086458,0.0018968237120188707,0.0
2021-07-26,0.0023821998626283,0.1128103138899058,Calm,4422.2998046875,0.0075897502540939795,0.0017335356233399613,0.0
2021-07-27,-0.0047124448070912,0.1147987514319079,Calm,4401.4599609375,0.0036147394051046187,0.0013505336173205373,-0.004712444807091191
2021-07-28,-0.0001862618826539,0.1148609506605078,Calm,4400.64013671875,0.0019291230304067787,0.0012314276104293089,-0.0048978289409034245
2021-07-29,0.0042061529800074,0.1152553870901041,Calm,4419.14990234375,0.002367019634742679,0.0014185141240839088,-0.0007122769786913139
2021-07-30,-0.0054060480514769,0.1176576909162687,Calm,4395.259765625,-0.0007432803797172609,0.0010978375670256564,-0.006114474426595502
2021-08-02,-0.0018428056148913,0.1170814865189053,Calm,4387.16015625,-0.001588281475221181,0.0007614360208748468,-0.00794601225368146
2021-08-03,0.0082034265474622,0.1176156814822883,Calm,4423.14990234375,0.0009948927956894991,0.000794928634377147,0.0
2021-08-04,-0.0046323879014122,0.1187456540808935,Calm,4402.66015625,0.00010566759193783911,0.0006706175943015231,-0.004632387901412258
2021-08-05,0.0060054468134942,0.1198493453660684,Calm,4429.10009765625,0.0004655263586351991,0.0007966400468401756,0.0
2021-08-06,0.0016752662417647,0.1149234237464004,Calm,4436.52001953125,0.001881789217283519,0.0012840824837964423,0.0
2021-08-09,-0.0009399082741974,0.1091865123757478,Calm,4432.35009765625,0.0020623686854222994,0.0007022798131777184,-0.0009399082741974378
2021-08-10,0.0009926793341701,0.1087378482516538,Calm,4436.75,0.0006202192427638791,0.0005852086228411993,0.0
2021-08-11,0.0012757437876824,0.1077224756622641,Calm,4442.41015625,0.0018018455805827991,0.0008134255964720563,0.0
2021-08-12,0.0041463802816776,0.1083384036673397,Calm,4460.830078125,0.0014300322742194793,0.0009553992015402947,0.0
2021-08-13,0.0016073066558082,0.1072576433598204,Calm,4468.0,0.0014164403570281793,0.0011872824163012708,0.0
2021-08-16,0.0026208507022158,0.1025121065162064,Calm,4479.7099609375,0.0021285921523108197,0.0016710778883628707,0.0
2021-08-17,-0.0070606988149475,0.0868687355885049,Calm,4448.080078125,0.0005179165224872991,0.002090545203242004,-0.007060698814947518
2021-08-18,-0.0107484707455859,0.0840670046061765,Calm,4400.27001953125,-0.0018869263841663608,0.0008566842421257423,-0.01773327784587756
2021-08-19,0.0012566922329095,0.0797044242171508,Calm,4405.7998046875,-0.002464863993919981,0.0005240591107959424,-0.01649887088550088
2021-08-20,0.0081415676557379,0.0838650602918788,Calm,4441.669921875,-0.0011580117939340405,0.0008157209059107042,-0.008491629903320592
2021-08-23,0.0085237903642483,0.0817535207943866,Calm,4479.52978515625,2.2576138472459385e-05,0.0007384989222642995,-4.0220412218895836e-05
2021-08-24,0.0014957363013194,0.081586454348094,Calm,4486.22998046875,0.0017338631617258393,0.0006962863717257804,0.0
2021-08-25,0.0022201182241796,0.0792979582077127,Calm,4496.18994140625,0.004327580955678939,0.0010264084208339139,0.0
2021-08-26,-0.0058249188196125,0.0827164612539949,Calm,4470.0,0.002911258745174539,0.0007579009476454091,-0.005824918819612569
2021-08-27,0.0088076324804251,0.0865791329575685,Calm,4509.3701171875,0.0030444717101119788,0.000977019019093871,0.0
2021-08-30,0.0043065708447795,0.0840574752646054,Calm,4528.7900390625,0.0022010278062182193,0.001439524680820366,0.0
2021-08-31,-0.001349116039505,0.083831667667551,Calm,4522.68017578125,0.0016320573380533387,0.0014630337082197139,-0.0013491160395050674
2021-09-01,0.0003116886257619,0.0802161380636705,Calm,4524.08984375,0.001250371418369799,0.0010872366643292232,-0.0010378479178674803
2021-09-02,0.0028426384105229,0.0776384669755396,Calm,4536.9501953125,0.002983882864396879,0.0014431902982308946,0.0
2021-09-03,-0.0003350311257153,0.0760341629349894,Calm,4535.43017578125,0.001155350143168799,0.0011412627773161566,-0.0003350311257153447
2021-09-07,-0.0033955744059817,0.077598436199377,Calm,4520.02978515625,-0.000385078906983441,0.0008997941750425186,-0.0037294679085813818
2021-09-08,-0.0013185667397751,0.0777225365247201,Calm,4514.06982421875,-0.00037896904703746105,0.0008817628195388184,-0.005043117096015207
2021-09-09,-0.0046056086573933,0.0800077175762295,Calm,4493.27978515625,-0.0013624285036685012,0.0006151776770834184,-0.00962549912965091
2021-09-10,-0.0077225787599254,0.0849887292836057,Calm,4458.580078125,-0.0034754719377581614,0.00018668612719733275,-0.01727374421444403
2021-09-13,0.0022764876184568,0.0841335615036858,Calm,4468.72998046875,-0.002953168188923741,9.764361942491368e-05,-0.015036580060815737
2021-09-14,-0.0057466385065755,0.0862997822088387,Calm,4443.0498046875,-0.0034233810090425016,-0.00025254424545050064,-0.020696808777406525
2021-09-15,0.0084739969795697,0.0910087246869386,Calm,4480.7001953125,-0.0014648682651735416,2.61770058520661e-05,-0.012398196492903217
2021-09-16,-0.001551140448935,0.0875380075134626,Calm,4473.75,-0.0008539746234818811,0.0002885369280431375,-0.013930105597764192
2021-09-17,-0.009110872450405,0.0850859214958486,Calm,4432.990234375,-0.001131633361577801,0.00036651779924222786,-0.02291406263284743
2021-09-20,-0.0169773110084148,0.1040208063361876,Calm,4357.72998046875,-0.004982393086952121,-0.0005017680693922624,-0.03950235447347809
2021-09-21,-0.0008123585165593,0.0991570903692475,Calm,4354.18994140625,-0.003995537088948881,-0.0009281455061683196,-0.0402826229159568
2021-09-22,0.0095196111952602,0.1004052878726027,Calm,4395.64013671875,-0.0037864142458107807,-0.0008807254665963242,-0.031146486628781854
2021-09-23,0.0121347157844948,0.109893636173733,Calm,4448.97998046875,-0.0010492429991248206,-0.0003741073959689243,-0.019389724607212867
2021-09-24,0.0014610090466882,0.1096991333620791,Calm,4455.47998046875,0.0010651333002938191,-0.0004102554520399434,-0.017957044123588495
2021-09-27,-0.0027763826213396,0.1083025920485017,Calm,4443.10986328125,0.003905318977708859,-0.0002650870616459958,-0.02068357111969275
2021-09-28,-0.0203641105560982,0.1235788374244281,Calm,4352.6298828125,-5.031430198920717e-06,-0.0016542176824328194,-0.040626479146814665
2021-09-29,0.0015691842194003,0.1222720757952487,Calm,4359.4599609375,-0.0015951168253709011,-0.0017845694264984955,-0.03912104535738124
2021-09-30,-0.0119097141251951,0.1271726753970386,Calm,4307.5400390625,-0.006404002807308881,-0.002287455049626596,-0.05056483901609118
2021-10-01,0.0114914776301819,0.135665028937058,Normal,4357.0400390625,-0.004397909090610141,-0.001755084144654215,-0.03965442610233635
2021-10-04,-0.0129858981367484,0.1399198891361118,Normal,4300.4599609375,-0.0064398121936919015,-0.002508823980238562,-0.05212537590104862
2021-10-05,0.0105245146606092,0.1469272389604252,Normal,4345.72021484375,-0.00026208715035042106,-0.001991702752318348,-0.04214945552329968
2021-10-06,0.0041027928541854,0.1483140104884645,Normal,4363.5498046875,0.0002446345766065988,-0.0016346376446913437,-0.03821959315404307
2021-10-07,0.0082982806564053,0.152261120499867,Normal,4399.759765625,0.004286233532926678,-0.0011766925305875147,-0.030238469408203517
2021-10-08,-0.0019137230947889,0.151782085553827,Normal,4391.33984375,0.0016051933879325186,-0.0010485075037968293,-0.03209432444573496
2021-10-11,-0.0068657638480568,0.1513357403043131,Normal,4361.18994140625,0.002829220245670839,-0.0010077067937078483,-0.0387397362412844
2021-10-12,-0.0024167805585421,0.1509251623771288,Normal,4350.64990234375,0.00024096120184057874,-0.0012311957545173195,-0.04106289135843552
2021-10-13,0.0030225144837938,0.1506762975358799,Normal,4363.7998046875,2.4905527762258876e-05,-0.0008136170406902101,-0.03816449005851906
2021-10-14,0.0170631019455833,0.1599965033351166,Normal,4438.259765625,0.001777869785597859,-0.0004046120423086101,-0.021752592697505315
2021-10-15,0.0074602103777126,0.162212742432749,Normal,4471.3701171875,0.003652656480098159,2.4499901817466146e-05,-0.014454661237576782
2021-10-18,0.0033747695570975,0.1590890692850748,Normal,4486.4599609375,0.005700763161129019,0.0006190542831271091,-0.01112867283118198
2021-10-19,0.0073933395514063,0.147070855561159,Normal,4519.6298828125,0.0076627871831187,0.0017795614526423993,-0.0038176113367731153
2021-10-20,0.0036640298040166,0.146894219386757,Normal,4536.18994140625,0.007791090247163258,0.001992722801241252,-0.00016756937447439502
2021-10-21,0.0029958718496225,0.1443994967065057,Normal,4549.77978515625,0.004977644227971098,0.0016820685466870757,0.0
2021-10-22,-0.001072553627413,0.1395188691319395,Normal,4544.89990234375,0.0032710914269459797,0.0010531509556438471,-0.0010725536274130713
2021-10-25,0.0047481965694935,0.1401034184360995,Normal,4566.47998046875,0.003545776829425179,0.0012096836948250517,0.0
2021-10-26,0.0018197952535197,0.1393584772841429,Normal,4574.7900390625,0.002431067969847859,0.00142854930791359,0.0
2021-10-27,-0.0050515680684628,0.1175806392311622,Calm,4551.68017578125,0.0006879483953519791,0.0021577179978009902,-0.0050515680684628415
2021-10-28,0.0098292815764611,0.120504984524446,Calm,4596.419921875,0.002054630340719699,0.002551055967184838,0.0
2021-10-29,0.0019493347191492,0.1085169785514709,Calm,4605.3798828125,0.002659008010032139,0.0032110106740583753,0.0
2021-11-01,0.0018000771431341,0.1043107408331343,Calm,4613.669921875,0.002069384124760259,0.0027495154127703853,0.0
2021-11-02,0.0036803630854131,0.0872077341280846,Calm,4630.64990234375,0.002441497691138939,0.0035431468995399803,0.0
2021-11-03,0.0064612791953579,0.0841929959427896,Calm,4660.56982421875,0.00474406714390308,0.0033496594964327756,0.0
2021-11-04,0.0041819423611504,0.0842023628939915,Calm,4680.06005859375,0.0036145993008409394,0.0033534285205739666,0.0
2021-11-05,0.0037327996529492,0.0822876386857243,Calm,4697.52978515625,0.003971292287600939,0.0031360246632665327,0.0
2021-11-08,0.0008877879113036,0.0806779682728834,Calm,4701.7001953125,0.003788834441234839,0.0032694299492709374,0.0
2021-11-09,-0.0034987758957707,0.0760593318322369,Calm,4685.25,0.002353006644998079,0.003429762708903609,-0.0034987758957707497
2021-11-10,-0.0082258233952297,0.0839394113283141,Calm,4646.7099609375,-0.0005844138731194409,0.003153141621442295,-0.011695818978382363
2021-11-11,0.0005509400447352,0.0844231299759609,Calm,4649.27001953125,-0.0013106143364024808,0.0030354476005347423,-0.011151322628678415
2021-11-12,0.0072226560264154,0.0693592846122491,Calm,4682.85009765625,-0.0006126430617092411,0.0025668549377172232,-0.004009208769849504
2021-11-15,-1.0739820344718431e-05,0.0675220671445013,Calm,4682.7998046875,-0.0007923486080389046,0.0022110954044763983,-0.004019905532012293
2021-11-16,0.0038652298648624,0.0676498241978564,Calm,4700.89990234375,0.0006804525440877154,0.002234450657227108,-0.00017021352606614006
2021-11-17,-0.0026016253744634,0.0669022060837908,Calm,4688.669921875,0.001805292148240975,0.001758499946471408,-0.0027713960687010455
2021-11-18,0.0033847802152713,0.0668089182554204,Calm,4704.5400390625,0.002372060182348195,0.001745202347007346,0.0
2021-11-19,-0.0013986655593032,0.0675031332328478,Calm,4697.9599609375,0.0006477958652044752,0.001535938660868027,-0.0013986655593032744
2021-11-22,-0.0031971365563219,0.0689238461927171,Calm,4682.93994140625,1.0516518009038872e-05,0.0014347680452056985,-0.004591330390835481
2021-11-23,0.0016571329129451,0.0678752812325328,Calm,4690.7001953125,-0.0004311028723744212,0.0012875745377510127,-0.0029418059225951327
2021-11-24,0.0022938506357221,0.0679419499076223,Calm,4701.4599609375,0.0005479923296626788,0.0013101486035701747,-0.000654703350258612
2021-11-26,-0.0227248226375824,0.1058183731008626,Calm,4594.6201171875,-0.004673928240908061,0.0004685650526597175,-0.023364647970326204
2021-11-29,0.0132001995370349,0.1101319715991466,Calm,4655.27001953125,-0.0017541552216404407,0.0006290849555441842,-0.010472866448612119
2021-11-30,-0.0189613103345052,0.1291526568734598,Calm,4567.0,-0.004906989977277101,-0.0003666600470107873,-0.02923559751229333
2021-12-01,-0.0118151874178892,0.1347645958117604,Normal,4513.0400390625,-0.007601454043443962,-0.0010150059784880872,-0.04070536086630082
2021-12-02,0.0141944361315831,0.1439864746846989,Normal,4577.10009765625,-0.005221336944271761,-0.0005143358334323729,-0.027088714379747456
2021-12-03,-0.0084485637302975,0.1441485751241913,Normal,4538.43017578125,-0.002366085162814781,-0.0012243283537016778,-0.035308417380235886
2021-12-06,0.0117308725774514,0.1499703277327026,Normal,4591.669921875,-0.002659950554731481,-0.000864855486258773,-0.023991743347983548
2021-12-07,0.0207070803744042,0.1670786320120438,Normal,4686.75,0.0052737275870503985,-5.655640428472534e-05,-0.003781461931408096
2021-12-08,0.0030852853123166,0.1674082199483062,Normal,4701.2099609375,0.00825382213309156,4.808632909684614e-05,-0.0007078435080475165
2021-12-09,-0.0071810801698947,0.168870815290601,Normal,4667.4501953125,0.0039787188727959995,-0.00012726149348048717,-0.007883840596963248
2021-12-10,0.0095490733384817,0.1693550942427285,Normal,4712.02001953125,0.00757824628655184,0.0007191621605057699,0.0
2021-12-13,-0.0091361676115676,0.1727665886787466,Normal,4668.97021484375,0.003404838248748039,0.00025787131972944616,-0.009136167611567698
2021-12-14,-0.007470677577436,0.1728009200844333,Normal,4634.08984375,-0.002230713341620001,-0.00044181123283490626,-0.016538591826484317
2021-12-15,0.0163484646307467,0.1823440453006918,Elevated,4709.85009765625,0.0004219225220660195,0.00033719850293135187,-0.00046050777925511934
2021-12-16,-0.0087434153799804,0.1844887447515201,Elevated,4668.669921875,0.00010945548004887943,-0.0002632131753944958,-0.009199896748435812
2021-12-17,-0.0102876806370926,0.1876111032263092,Elevated,4620.64013671875,-0.0038578953150659803,-0.0006292158069482672,-0.019392931785886264
2021-12-20,-0.0113880578514099,0.1905845075937821,Elevated,4568.02001953125,-0.00430827336303444,-0.0013326842863140387,-0.030560141808210116
2021-12-21,0.0177779345515725,0.2017510172590048,Elevated,4649.22998046875,0.0007414490627672597,-0.00041951285246281467,-0.013325503457590643
2021-12-22,0.0101801972205788,0.2047304282418201,Elevated,4696.56005859375,-0.0004922044192663205,0.0002175030416753139,-0.003280962490273535
2021-12-23,0.0062236999216618,0.2057436746273086,Elevated,4725.7900390625,0.0025012186410621196,0.0004349586135189663,0.0
2021-12-27,0.0138389352474752,0.2108808816574078,Elevated,4791.18994140625,0.007326541817975679,0.000984724547411971,0.0
2021-12-28,-0.001010154848626,0.1927562588166574,Elevated,4786.35009765625,0.00940212241853246,0.002018756346886085,-0.0010101548486260742
2021-12-29,0.001401895139427,0.188416928591294,Elevated,4793.06005859375,0.0061269145361033586,0.0014569323279523757,0.0
2021-12-30,-0.0029897555945093,0.1741953687214571,Normal,4778.72998046875,0.003492923973085739,0.0022174825536664658,-0.0029897555945093547
2021-12-31,-0.0026261799136575,0.1676539107423323,Normal,4766.18017578125,0.001722948006021879,0.002655054339582261,-0.005608083872077824
2022-01-03,0.0063740525309705,0.1629957861465042,Normal,4796.56005859375,0.000229971462720939,0.002282655120505471,0.0
2022-01-04,-0.0006296219570605,0.1587035152985869,Normal,4793.5400390625,0.00030607804103403906,0.0026549856811358043,-0.0006296219570604951
2022-01-05,-0.0193927577906871,0.1723154419668627,Normal,4700.580078125,-0.003852852544988781,0.0011729080445577805,-0.020010169641634656
2022-01-06,-0.0009637690162076,0.1570363111366194,Normal,4696.0498046875,-0.003447655229328441,0.0001409628354810281,-0.02095465347633268
2022-01-07,-0.0040502167400917,0.1572957576323997,Normal,4677.02978515625,-0.003732462594615281,-0.00019882297653841483,-0.024919999328131784
2022-01-10,-0.0014410312534549,0.1553298270211326,Normal,4670.2900390625,-0.005295479351500361,7.451268614919471e-05,-0.026325120083718852
2022-01-11,0.0091599846687118,0.1550363616977267,Normal,4713.06982421875,-0.0033375580263459007,5.598465425539002e-05,-0.017406273111375898
2022-01-12,0.0028177544430294,0.1515981372955687,Normal,4726.35009765625,0.0011045444203973992,0.0006252190378076281,-0.0146375652717427
2022-01-13,-0.0142436152864307,0.1578425137329532,Normal,4659.02978515625,-0.0015514248336472207,0.0003026981945221663,-0.02867268870971272
2022-01-14,0.0008199802697488,0.1467271990612957,Normal,4662.85009765625,-0.0005773854316791206,-0.00043675344171582923,-0.02787621947898656
2022-01-18,-0.0183879456940073,0.1570475839243789,Normal,4577.10986328125,-0.0039667683197896,-0.0008960167900028244,-0.045751578763060075
2022-01-19,-0.0096895418683388,0.1566099466714164,Normal,4532.759765625,-0.00773667362719972,-0.0008675339914907388,-0.05499780879343157
2022-01-20,-0.0110373784941483,0.1563175613257283,Normal,4482.72998046875,-0.01050770021463526,-0.0008508349744782816,-0.06542815565557795
2022-01-21,-0.0189148218679086,0.1528602293497613,Normal,4397.93994140625,-0.01144194153093084,-0.002598109089691667,-0.08310541561411554
2022-01-24,0.0027717389433818,0.1471028569632441,Normal,4410.1298828125,-0.01105158979620424,-0.0029508928171772387,-0.08056402318759731
2022-01-25,-0.0121719062536467,0.1464478444204677,Normal,4356.4501953125,-0.009808381908132121,-0.0038268740636205004,-0.09175531170358803
2022-01-26,-0.0014966358477518,0.132068403125607,Normal,4349.93017578125,-0.008169800704014721,-0.004557139353869406,-0.0931146232626226
2022-01-27,-0.0053840887577105,0.1314559961660851,Normal,4326.509765625,-0.007039142756727161,-0.004765421920968667,-0.09799737462404647
2022-01-28,0.0243476468880761,0.1648178240014295,Normal,4431.85009765625,0.001613350994469779,-0.0036727670757949007,-0.07603573320927524
2022-01-31,0.0188859517327795,0.1824390205380808,Elevated,4515.5498046875,0.004836193552349319,-0.0026310667268763864,-0.058585788663852625
2022-02-01,0.0068630035578014,0.1853798803036846,Elevated,4546.5400390625,0.008643175514638939,-0.0021792008472831057,-0.05212485958208779
2022-02-02,0.0094225154473364,0.187441428942037,Elevated,4589.3798828125,0.010827005773656579,-0.002034035946503777,-0.043193491429353824
2022-02-03,-0.024391082077444,0.2026539557176135,Elevated,4477.43994140625,0.007025607109709879,-0.00316553404747442,-0.06653103751213307
2022-02-04,0.0051569298644233,0.1956064038331581,Elevated,4500.52978515625,0.0031874637049793195,-0.001996501301992972,-0.06171720354196708
2022-02-07,-0.0037017126347429,0.1956542017483845,Elevated,4483.8701171875,-0.0013300691685251605,-0.002126879569542272,-0.06519045682457775
2022-02-08,0.0084012071916632,0.1988404519653552,Elevated,4521.5400390625,-0.0010224284417528005,-0.0015339546204110864,-0.05733692816761687
2022-02-09,0.0145172078875055,0.2064724654935902,Elevated,4587.18017578125,-3.4899537189804488e-06,-0.0007740384708415437,-0.04365209238595164
2022-02-10,-0.0181157256684597,0.2114954409705121,Elevated,4504.080078125,0.0012515813280778796,-0.0020728818202306624,-0.06097702872389321
2022-02-11,-0.0189694543445634,0.218497980895457,Elevated,4418.64013671875,-0.00357369551371946,-0.0031103679529731767,-0.07878978210601165
2022-02-14,-0.0038405967262932,0.214758917988286,Elevated,4401.669921875,-0.00360147233202952,-0.002614986116776153,-0.0823277790530832
2022-02-15,0.0157667211707204,0.2238214930325474,Elevated,4471.06982421875,-0.0021283695362180797,-0.0019032365500632198,-0.06785909701929738
2022-02-16,0.000881207755895,0.2157474797294819,Elevated,4475.009765625,-0.00485556956254018,-0.0009856578143535865,-0.06703768722600374
2022-02-17,-0.021173138152195,0.225051635087378,Elevated,4380.259765625,-0.00546705205928724,-0.0015324957326324532,-0.08679142716515895
2022-02-18,-0.0071661613961429,0.2233849337083544,Elevated,4348.8701171875,-0.00310639346960314,-0.0013481520612988627,-0.09333562718643477
2022-02-22,-0.0101429452648328,0.2166588179807665,Elevated,4304.759765625,-0.004366863177311059,-0.0009304436516285865,-0.10253187429345677
2022-02-23,-0.0184121228454876,0.2243875375264267,Elevated,4225.5,-0.011202631980552661,-0.0019391989749080816,-0.11905616767387517
2022-02-24,0.0149568560673292,0.2284422612163324,Elevated,4288.7001953125,-0.008387502318265818,-0.0006473531500997054,-0.10588001757037184
2022-02-25,0.0223726776556034,0.2418924285752141,Crisis,4384.64990234375,0.00032166084329386045,0.0004892808262505422,-0.08587615941803997
2022-02-28,-0.0024426034406476,0.2412061545370677,Crisis,4373.93994140625,0.0012663724343929205,0.0006293515556344898,-0.08810900145622345
2022-03-01,-0.0154735036804118,0.231101610064232,Elevated,4306.259765625,0.00020026075127712039,-0.0012668937095316006,-0.10221915017832502
2022-03-02,0.018642691757321,0.2308357084290423,Elevated,4386.5400390625,0.00761122367183884,-0.0012784775178867672,-0.08548209852947389
2022-03-03,-0.0052546664300883,0.229261976173087,Elevated,4363.490234375,0.00356891917235534,-0.001855509422071991,-0.09028758504604588
2022-03-04,-0.0079340425503344,0.2263696382643479,Elevated,4328.8701171875,-0.0024924248688322197,-0.002682012183865839,-0.09750528205485803
2022-03-07,-0.0295181583134491,0.2331598556288997,Elevated,4201.08984375,-0.00790753584339252,-0.0029261586712946526,-0.12414526401621442
2022-03-08,-0.0072337535181997,0.2316936790786394,Elevated,4170.7001953125,-0.006259585810950099,-0.0035161912133243193,-0.13048098129406907
2022-03-09,0.0256982478914358,0.2528177290977256,Crisis,4277.8798828125,-0.004848474584127139,-0.0021161930930300955,-0.10813586600504614
2022-03-10,-0.0042918136516678,0.249972035319341,Crisis,4259.52001953125,-0.004655904028443039,-0.0027206226569982386,-0.11196358067075862
2022-03-11,-0.0129615451234751,0.2441524397361639,Crisis,4204.31005859375,-0.005661404543071179,-0.004029134705140171,-0.12347390479118386
2022-03-14,-0.0074210024659636,0.2391369981055341,Elevated,4173.10986328125,-0.0012419733735740796,-0.003519862171687976,-0.12997860710520998
2022-03-15,0.0214085741708709,0.2470440435571731,Crisis,4262.4501953125,0.004486492164240041,-0.0015970989090482478,-0.11135268958517737
2022-03-16,0.0223837613571822,0.2603857500493558,Crisis,4357.85986328125,0.00382359485738932,-0.00034831995269227645,-0.09146142025815009
2022-03-17,0.0123478175714519,0.257977890900982,Crisis,4411.669921875,0.007151521102013262,-0.0005111248859907765,-0.08024295161887156
2022-03-18,0.0116622948279487,0.2613917518079068,Crisis,4463.1201171875,0.01207628909229802,2.260212678447317e-06,-0.0695164737505669
2022-03-21,-0.0004346603621039,0.2498403372614476,Crisis,4461.18017578125,0.013473557513069959,0.0009898067741113568,-0.0699209180570182
2022-03-22,0.0113041136006502,0.2504352288620027,Crisis,4511.60986328125,0.011452665399025818,0.001869343678720552,-0.05940719845714626
2022-03-23,-0.012272698789159,0.2518271849241414,Crisis,4456.240234375,0.004521373369757579,0.001767926844228828,-0.070950810593733
2022-03-24,0.0143439129205664,0.2442022956388718,Crisis,4520.16015625,0.004920592439580479,0.0033277380711837804,-0.05762460992196658
2022-03-25,0.005066170567449,0.2406453124474181,Crisis,4543.06005859375,0.0036013675874805398,0.0028567530473799616,-0.052850375457264856
2022-03-28,0.0071449552765867,0.2306593919292414,Elevated,4575.52001953125,0.00511729071521866,0.0021316234102839284,-0.046083033749671064
2022-03-29,0.0122565474275304,0.2325987033612132,Elevated,4631.60009765625,0.0053077774805947,0.0028315829754352617,-0.03439130521089791
2022-03-30,-0.0062937001746978,0.2255634000187865,Elevated,4602.4501953125,0.006503577203486941,0.003268716475707357,-0.0404685568219819
2022-03-31,-0.0156525407131773,0.2273895354942258,Elevated,4530.41015625,0.0005042864767381992,0.0016356101675883898,-0.05548766180189966
2022-04-01,0.0034102225843584,0.2260584807644466,Elevated,4545.85986328125,0.00017309688012007952,0.00204822393018109,-0.05226666449497142
2022-04-04,0.0080909386878793,0.2239484383881926,Elevated,4582.64013671875,0.0003622935623785992,0.002811318274857933,-0.04459861218494089
2022-04-05,-0.0125517208018073,0.1994608201168679,Elevated,4525.1201171875,-0.00459936008348894,0.0036192438706503993,-0.05659054365845478
2022-04-06,-0.0097169166132718,0.2013398767417034,Elevated,4481.14990234375,-0.005284003371203741,0.003500998008980299,-0.06575757467789772
2022-04-07,0.0042533856284925,0.1845554220936891,Elevated,4500.2099609375,-0.0013028181028697803,0.002479814091697285,-0.06178388137250461
2022-04-08,-0.0026510264820542,0.183883163603033,Elevated,4488.27978515625,-0.0025150679161523,0.0025579468140598375,-0.06427111714887633
2022-04-11,-0.0168772901035542,0.1884898616699901,Elevated,4412.52978515625,-0.007508713674439,0.002371482767389404,-0.08006368496302943
2022-04-12,-0.0034174477177417,0.1863674049850549,Elevated,4397.4501953125,-0.00568185905762588,0.0025621282315904472,-0.08320751922332034
2022-04-13,0.011174577597236,0.1764346604255104,Normal,4446.58984375,-0.0015035602155243199,0.002074795061417357,-0.07296275050631887
2022-04-14,-0.0121441378443979,0.1666265451895879,Normal,4392.58984375,-0.0047830649101024,0.00043060938515163756,-0.08422081865106168
2022-04-18,-0.0002048682840329,0.1608897192738002,Normal,4391.68994140625,-0.00429383327049814,-0.00016713756034763866,-0.08440843276049781
2022-04-19,0.0160576043555271,0.1656127288089608,Normal,4462.2099609375,0.0022931456213181197,4.216289334657093e-05,-0.0697062256225088
2022-04-20,-0.0006184750715809,0.1656206210148646,Normal,4459.4501953125,0.0028529401505502797,3.340981194290426e-05,-0.07028158913120823
2022-04-21,-0.0147529484983719,0.1678602511894397,Normal,4393.66015625,-0.0023325650685713,-0.0012074026689629102,-0.08399767696474371
2022-04-22,-0.0277400542507536,0.1880450340536366,Elevated,4271.77978515625,-0.00545174834984244,-0.0019439434052293196,-0.10940763109955814
2022-04-25,0.0056979369853822,0.1808568339936725,Elevated,4296.1201171875,-0.00427118729595942,-0.002355656544999996,-0.10433309190190113
2022-04-26,-0.0281463084310038,0.1993346135369053,Elevated,4175.2001953125,-0.013111969853265602,-0.003937203163973939,-0.12954280894867384
2022-04-27,0.0020980468517017,0.1965464104784113,Elevated,4183.9599609375,-0.01256866546860908,-0.00417753213658751,-0.12771654897944745
2022-04-28,0.0247469000729394,0.2137178937319558,Elevated,4287.5,-0.00466869575434682,-0.0035827534391870814,-0.10613023758176306
2022-04-29,-0.0362845071064139,0.2419040466918862,Crisis,4131.93017578125,-0.00637758632547888,-0.005010887102602134,-0.13856386132843615
2022-05-02,0.0056752428123536,0.2413640307012219,Crisis,4155.3798828125,-0.006382125160084601,-0.003995278363291139,-0.13367500207413863
2022-05-03,0.0048371263814863,0.2419655239754741,Crisis,4175.47998046875,0.00021456180241341967,-0.003927330563427906,-0.12948447857173034
2022-05-04,0.0298624210844022,0.2661371895943088,Crisis,4300.169921875,0.005767436648953519,-0.0028905933064506243,-0.10348877751033124
2022-05-05,-0.0356497086098069,0.2878448433149375,Crisis,4146.8701171875,-0.006311885087595741,-0.003990497487783938,-0.13544914135750974
2022-05-06,-0.005674224842484,0.2871713606676018,Crisis,4123.33984375,-0.00018982863480976106,-0.0037979883558416625,-0.14035479731720985
2022-05-09,-0.0320371006323567,0.3015099310551655,Crisis,3991.239990234375,-0.007732297323751821,-0.005526106749215433,-0.16789533718368113
2022-05-10,0.0024578974498534,0.3026410475177613,Crisis,4001.050048828125,-0.008208143110078402,-0.0052828246572198334,-0.16585010925493376
2022-05-11,-0.0164632075039383,0.3024444979534783,Crisis,3935.179931640625,-0.017473268827746503,-0.005263106438190506,-0.1795828919956573
2022-05-12,-0.0012959645058717,0.3026968022479018,Crisis,3930.080078125,-0.010602520006959461,-0.0051620834281014575,-0.18064612344764086
2022-05-13,0.0238696954230714,0.3143019589068796,Crisis,4023.889892578125,-0.0046937359538483815,-0.004557554007823582,-0.16108839597062308
2022-05-16,-0.0039464009295556,0.313089279656715,Crisis,4008.010009765625,0.0009244039867118383,-0.004167185583307282,-0.16439907750457966
2022-05-17,0.0201696322348636,0.3240998954591337,Crisis,4088.85009765625,0.004466750943713878,-0.0031969712728836383,-0.1475453142027342
2022-05-18,-0.0403952607874525,0.3404292287762205,Crisis,3923.679931640625,-0.00031965971298896086,-0.005885202946358857,-0.18198044354500068
2022-05-19,-0.0058337818009925,0.339891555268892,Crisis,3900.7900390625,-0.0012272231720131216,-0.006133550885854648,-0.18675259114630388
2022-05-20,0.0001461417696584,0.3390484481886693,Crisis,3901.360107421875,-0.005971933902695722,-0.005424070396900825,-0.18663374173080377
2022-05-23,0.0185550399309235,0.3385823986727637,Crisis,3973.75,-0.001471645730599902,-0.0032195421025352487,-0.17154169833015298
2022-05-24,-0.0081207976171752,0.3373783887963642,Crisis,3941.47998046875,-0.007129731701007662,-0.0038775770836094103,-0.1782694405322825
2022-05-25,0.0094507647342076,0.3283189574147732,Crisis,3978.72998046875,0.0028394734033243578,-0.0020872402662183913,-0.17050345833984418
2022-05-26,0.0198832561672241,0.3368455050466293,Crisis,4057.840087890625,0.007982880996967678,-0.0012403255369078004,-0.15401036611218877
2022-05-27,0.0247422629551097,0.3368409977738861,Crisis,4158.240234375,0.012902105234057937,-0.0012405463520425482,-0.13307866813323962
2022-05-31,-0.006274368617659,0.3126771034434118,Crisis,4132.14990234375,0.007936223524341438,0.00018850786170768495,-0.13851805213188365
2022-06-01,-0.0074827686811318,0.3130898725165799,Crisis,4101.22998046875,0.008063829311550117,-0.00043806411417257217,-0.1449643222707517
2022-06-02,0.0184310180384861,0.3194524944844685,Crisis,4176.81982421875,0.00985987997240582,0.00020926405997027546,-0.12920514427097463
2022-06-03,-0.0163473139924156,0.3051938817530105,Crisis,4108.5400390625,0.002613765940477878,-0.001991199515116287,-0.14344030120055723
2022-06-06,0.0031374007789131,0.2798170359511955,Crisis,4121.43017578125,-0.0017072064947614423,-0.00014419430612961972,-0.14075293013435838
2022-06-07,0.009523393173235,0.2809827286110704,Crisis,4160.68017578125,0.0014523458634173579,0.0005795017898569994,-0.13256998245507773
2022-06-08,-0.0107939457859356,0.2586619202917697,Crisis,4115.77001953125,0.0007901104424565978,0.001591080592067528,-0.1419329750375508
2022-06-09,-0.0237986939763535,0.2731397971658066,Crisis,4017.820068359375,-0.0076558319605113225,0.0003407667146291042,-0.1623538495758323
2022-06-10,-0.0291103033355246,0.2861473017403097,Crisis,3900.860107421875,-0.010208429829133123,-0.00026147594401786247,-0.18673798310251435
2022-06-13,-0.0387684306652372,0.3157647555415592,Crisis,3749.6298828125,-0.01858959611796318,-0.0020458790944638387,-0.21826687521727556
2022-06-14,-0.0037736797459957,0.3013704159560101,Crisis,3735.47998046875,-0.021249010701809325,-0.003362230292990843,-0.22121688567704212
2022-06-15,0.0145925048589832,0.3076938524910152,Crisis,3789.989990234375,-0.016171720572825562,-0.002479425255441377,-0.20985248929719022
2022-06-16,-0.0325119514881634,0.312907901656853,Crisis,3666.77001953125,-0.01791437207518754,-0.004988072099395043,-0.23554172683365307
2022-06-17,0.0022008656982546,0.2857930121683597,Crisis,3674.840087890625,-0.011652138268431703,-0.0029596851238851813,-0.23385925684249423
2022-06-21,0.0244772422800869,0.3008444785464618,Crisis,3764.7900390625,0.000996996320633118,-0.0015163030247861624,-0.21510624425158206
2022-06-22,-0.0013015723144006,0.3007854730820655,Crisis,3759.889892578125,0.0014914178069521378,-0.0015852417906937338,-0.21612784023381013
2022-06-23,0.0095322174091778,0.2947362169924216,Crisis,3795.72998046875,0.00047936031699105793,-0.0020149000060149577,-0.20865580038591702
2022-06-24,0.0305632935858357,0.31444343979763,Crisis,3911.739990234375,0.013094409331790879,-0.00017280042491920044,-0.1844697152856636
2022-06-27,-0.0029730715337762,0.3125922984612351,Crisis,3900.110107421875,0.012059621885384718,-0.000764411675775572,-0.18689434516008024
2022-06-28,-0.020143036075892,0.31002042563038,Crisis,3821.550048828125,0.0031355662141889376,-0.0026704255921144344,-0.20327276169903255
2022-06-29,-0.000711745409159,0.2937752885452145,Crisis,3818.830078125,0.003253531595237258,-0.003882521228508182,-0.20383982865324526
2022-06-30,-0.0087592782679987,0.294156071317398,Crisis,3785.3798828125,-0.00040476754019804184,-0.004000850259476739,-0.210813617139969
2022-07-01,0.0105538140290473,0.2980755037926504,Crisis,3825.330078125,-0.0044066634515557215,-0.0031419653685158294,-0.2024846908210077
2022-07-05,0.0015841285142366,0.288264095862042,Crisis,3831.389892578125,-0.0034952234419531624,-0.0039441982030039005,-0.20122132407919696
2022-07-06,0.0035731642904301,0.2857127565502791,Crisis,3845.080078125,0.0012480166313112578,-0.0029956039990588676,-0.1983671566384397
2022-07-07,0.0149645879652418,0.2917846460382081,Crisis,3902.6201171875,0.004383283306191418,-0.0024324046092336913,-0.18637105143812882
2022-07-08,-0.000830271529819,0.2886264797888651,Crisis,3899.3798828125,0.005969084653827357,-0.002925436261760072,-0.1870465843899564
2022-07-11,-0.0115274614227772,0.2888895075663124,Crisis,3854.429931640625,0.001552829563462458,-0.0029603655778001484,-0.1964178735269162
2022-07-12,-0.0092438787173215,0.2799216841205266,Crisis,3818.800048828125,-0.000612771882849162,-0.0022672791368938626,-0.20384608924344075
2022-07-13,-0.00445690251221,0.2626270760370811,Crisis,3801.780029296875,-0.0022187852433771817,-0.0010933076691169766,-0.20739446960839752
2022-07-14,-0.0029986339021522,0.2244246149156778,Elevated,3790.3798828125,-0.005811429616855981,0.0006100159862680232,-0.20977120342286318
2022-07-15,0.0192012493594366,0.2327285021272613,Elevated,3863.159912109375,-0.001805125439004862,0.0017040602293838473,-0.19459782324877803
2022-07-18,-0.0083635715808313,0.2302834262855654,Elevated,3830.85009765625,-0.001172347470615682,0.0006109137322498231,-0.2013338620053943
2022-07-19,0.0276282916459595,0.2150204872278564,Elevated,3936.68994140625,0.006202086602040518,0.0034747348338747238,-0.17926808101712705
2022-07-20,0.0058958061932632,0.215125609378219,Elevated,3959.89990234375,0.008272628343135158,0.003650684381256085,-0.174429204686179
2022-07-21,0.0098613727091971,0.2029080469888758,Elevated,3998.949951171875,0.010844629665405017,0.0029546905921660946,-0.16628794337576114
2022-07-22,-0.0093324669763467,0.2068985139093826,Elevated,3961.6298828125,0.005137886398248359,0.002572267036835328,-0.17406853361198898
2022-07-25,0.0013151670479691,0.2053680584633457,Elevated,3966.840087890625,0.0070736341240084395,0.0021809789243968183,-0.1729822957635146
2022-07-26,-0.0115432026620586,0.1825801526512969,Elevated,3921.050048828125,-0.000760664737595182,0.00017590767449708958,-0.18252872872862683
2022-07-27,0.0261562737829377,0.2029931012023833,Elevated,4023.610107421875,0.003291428780339718,0.0015630193562453706,-0.16114672634756658
2022-07-28,0.0121333386971809,0.1898747837453666,Elevated,4072.429931640625,0.003745821977936478,0.0030999895835345567,-0.15096863546110265
2022-07-29,0.0142077600825818,0.1931073001277311,Elevated,4130.2900390625,0.008453867389722178,0.0038104422259984043,-0.13890580153114696
2022-08-01,-0.0028230841271976,0.1892959571259251,Elevated,4118.6298828125,0.007626217154688838,0.004093118137465123,-0.14133674289486636
2022-08-02,-0.0066623955507048,0.1912766863743052,Elevated,4091.18994140625,0.008602378576959599,0.003273298633667404,-0.14705749715855734
2022-08-03,0.0156384771631401,0.1958540647009186,Elevated,4155.169921875,0.006498819253000078,0.003942553331234238,-0.1337187753063999
2022-08-04,-0.0007773401640558,0.1965360894349777,Elevated,4151.93994140625,0.003916683480752738,0.0037353864524491943,-0.13439217049572166
2022-08-05,-0.0016257460597355,0.1929627951395189,Elevated,4145.18994140625,0.0007499822522892777,0.0029453705464978944,-0.13579942901381453
2022-08-08,-0.0012375507238541,0.1930683347517044,Elevated,4140.06005859375,0.0010670889329579777,0.00292597629916289,-0.1368689210559936
2022-08-09,-0.004248692893594,0.1877765326209944,Elevated,4122.47021484375,0.001549829464380138,0.00327258432436209,-0.1405360999373432
2022-08-10,0.0212906376412902,0.1918782582984833,Elevated,4210.240234375,0.0026802615600101582,0.0047266089128674095,-0.12223756547533912
2022-08-11,-0.0007054739583503,0.1900472892992182,Elevated,4207.27001953125,0.002694634801151258,0.004905248367813109,-0.12285680401451439
2022-08-12,0.0173223687745669,0.1924208842245654,Elevated,4280.14990234375,0.0064842577680117395,0.00587291516194259,-0.10766260610555152
2022-08-15,0.0039695418998517,0.1862630419283355,Elevated,4297.14013671875,0.007525676292752898,0.005147595759105214,-0.10412043543168296
2022-08-16,0.001875679716581,0.1801825552143091,Elevated,4305.2001953125,0.008750550814787898,0.005635179154220085,-0.10244005230392264
2022-08-17,-0.0072377949540946,0.1665225938715101,Normal,4274.0400390625,0.0030448642957109384,0.003974889316122271,-0.10893640716435475
2022-08-18,0.0022695611701915,0.1664693187365599,Normal,4283.740234375,0.003639871321419298,0.003802210981690285,-0.10691408383388364
2022-08-19,-0.0129000011398479,0.1745094314162352,Normal,4228.47998046875,-0.002404602661463662,0.002718336036497666,-0.11843489317040869
2022-08-22,-0.0214000649197158,0.1893825643642144,Elevated,4137.990234375,-0.007478524025377162,0.002143688515384852,-0.13730044368751818
2022-08-23,-0.0022378626777133,0.1899774373847526,Elevated,4128.72998046875,-0.008301232504236023,0.0019744966236856895,-0.1392310468266697
2022-08-24,0.002916160446301,0.1835068946109193,Elevated,4140.77001953125,-0.006270441424156901,0.002663037724083766,-0.13672090645202173
2022-08-25,0.0140916055180615,0.168163060468032,Normal,4199.1201171875,-0.003906032554582903,0.0020885297114706138,-0.12455591801375396
2022-08-26,-0.0336880587195187,0.2046345215035236,Elevated,4057.659912109375,-0.008063644070517063,-9.344159408651047e-05,-0.1540479296533618
2022-08-29,-0.0066663557995026,0.1989502536886397,Elevated,4030.610107421875,-0.005116902246474422,-0.0010874471122810055,-0.15968734714361846
2022-08-30,-0.0110281555714482,0.2018612287178888,Elevated,3986.159912109375,-0.006874960825221402,-0.0014781648001024627,-0.16895444580797497
2022-08-31,-0.0078170251059712,0.2022740653587922,Elevated,3955.0,-0.009021597935675842,-0.0015331471598770533,-0.1754507497692998
2022-09-01,0.0029962320243361,0.1932927809895337,Elevated,3966.85009765625,-0.011240672634420922,-0.002135158833153434,-0.1729802089001161
2022-09-02,-0.010736500458081,0.1954777347338149,Elevated,3924.260009765625,-0.0066503609821333826,-0.0026094045614403483,-0.18185950726610206
2022-09-06,-0.0040950569838349,0.1955083245672914,Elevated,3908.18994140625,-0.006136101218999842,-0.0027269907959212723,-0.1852098392046302
2022-09-07,0.018341016392734,0.2087060330706453,Elevated,3979.8701171875,-0.00026226682616340216,-0.0017946780760837438,-0.17026575950884398
2022-09-08,0.006610721877456,0.2104798611702055,Elevated,4006.179931640625,0.002623282570522038,-0.0012775630869861245,-0.1647806172127547
2022-09-09,0.0152714498163328,0.2032567711022502,Elevated,4067.360107421875,0.005078326128921377,-0.001564191078650763,-0.1520256063228907
2022-09-12,0.0105842727693497,0.2075743769899189,Elevated,4110.41015625,0.009342480774407518,-0.0010265840916174297,-0.14305041403878818
2022-09-13,-0.0432366134006168,0.2430919976615,Crisis,3932.68994140625,0.0015141694910511387,-0.003910345147578558,-0.1801020119908117
2022-09-14,0.0033870120853238,0.242862340918765,Crisis,3946.010009765625,-0.0014766313704309014,-0.003938084662556077,-0.17732500759669176
2022-09-15,-0.0113177391843534,0.2431830295419226,Crisis,3901.35009765625,-0.0050623235827927816,-0.004566342705457715,-0.18663582859420227
2022-09-16,-0.0071821340894484,0.2431754015359097,Crisis,3873.330078125,-0.00955304036394902,-0.00456369218809361,-0.19247751913679187
2022-09-19,0.0068571007162865,0.2453095742229341,Crisis,3899.889892578125,-0.010298474774561662,-0.0043452379239938485,-0.1869402561548473
2022-09-20,-0.0112721030973618,0.2446582218444616,Crisis,3855.929931640625,-0.0039055727139106614,-0.004267718969589748,-0.19610514941178447
2022-09-21,-0.0171164936007844,0.2413057503385061,Crisis,3789.929931640625,-0.008006273851132301,-0.004063739382973967,-0.20986501047758124
2022-09-22,-0.0084275809796894,0.24166798423527,Crisis,3757.989990234375,-0.007428242210199503,-0.004358487873544257,-0.21652393708666745
2022-09-23,-0.017232619015461,0.2440930093151599,Crisis,3693.22998046875,-0.009438339195402023,-0.005317953562199591,-0.23002528158658625
2022-09-26,-0.010340526208282,0.2340817804508331,Elevated,3655.0400390625,-0.012877864580315724,-0.006481388406311188,-0.23798722534205471
2022-09-27,-0.0021203598092424,0.2123898432072222,Elevated,3647.2900390625,-0.011047515922691844,-0.004978164648678981,-0.23960296660356875
2022-09-28,0.0196721399262347,0.2287215305002739,Elevated,3719.0400390625,-0.003689789217288022,-0.003723950566501015,-0.22464432976310028
2022-09-29,-0.0211264378802388,0.2353635321599574,Elevated,3640.469970703125,-0.006229560597397902,-0.0042048211526339,-0.24102483316545112
2022-09-30,-0.0150666957719832,0.2380894887470067,Elevated,3585.6201171875,-0.005796375948702341,-0.0045500435653011385,-0.25246008110263757
2022-10-03,0.0258838949525761,0.2594710092621221,Crisis,3678.429931640625,0.0014485082834692783,-0.0034601548544325672,-0.23311083636904092
2022-10-04,0.0305837006795515,0.2832611503579995,Crisis,3790.929931640625,0.007989320381228059,-0.0014925262288310195,-0.20965652773416008
2022-10-05,-0.0020179487570848,0.2831120400945829,Crisis,3783.280029296875,0.0036513026445641585,-0.001393616313271491,-0.21125140036168905
2022-10-06,-0.0102450808466399,0.2752129652600519,Crisis,3744.52001953125,0.0058275740512839375,-0.0027548590389559627,-0.21933219353265762
2022-10-07,-0.0280036177867735,0.2862701254362423,Crisis,3639.659912109375,0.0032401896483258787,-0.004403160927728795,-0.241193716403408
2022-10-10,-0.0074924636339018,0.277277083714591,Crisis,3612.389892578125,-0.0034350820689697014,-0.005487156806311395,-0.2468790448884317
2022-10-11,-0.0065191757777544,0.271046157481159,Crisis,3588.840087890625,-0.01085565736043088,-0.006301606737125877,-0.25178877277671424
2022-10-12,-0.0032907731480149,0.2354442279059764,Elevated,3577.030029296875,-0.011110222238616902,-0.004399423867954358,-0.254250966192304
2022-10-13,0.0259656424608649,0.2568693382734279,Crisis,3669.909912109375,-0.0038680775771159416,-0.003324250992928591,-0.2348871134149178
2022-10-14,-0.0236626636156543,0.2651364438336933,Crisis,3583.070068359375,-0.0029998867428921014,-0.003912104537276253,-0.25299172227818295
2022-10-17,0.026480052302171,0.2848177021966954,Crisis,3677.949951171875,0.003794616444322459,-0.002309143280532472,-0.2332109040139545
2022-10-18,0.0114275696664887,0.2871019389830971,Crisis,3719.97998046875,0.007383965533171079,-0.0020915019019514154,-0.22444836820007014
2022-10-19,-0.0066720972934503,0.2856872894885117,Crisis,3695.159912109375,0.006707700704083998,-0.0018724540065270575,-0.22962292414353344
2022-10-20,-0.0079509097065648,0.2812549827350611,Crisis,3665.780029296875,-7.560972940194103e-05,-0.0014359976306118388,-0.23574812271367573
2022-10-21,0.0237248198222648,0.2929928733796137,Crisis,3752.75,0.00940188695818188,9.50690742431231e-05,-0.21761638462623004
2022-10-24,0.0118819766546198,0.288623676231488,Crisis,3797.340087890625,0.006482271828671639,0.0014814783918660184,-0.20832012077340176
2022-10-25,0.0162666545796699,0.2896070888818746,Crisis,3859.110107421875,0.007450088811307878,0.002748487000816109,-0.19544213764034793
2022-10-26,-0.0073877160723645,0.2912927812241359,Crisis,3830.60009765625,0.007306965055525039,0.0024976605120960093,-0.20138598269124958
2022-10-27,-0.0060826106182112,0.2857701782690365,Crisis,3807.300048828125,0.007680624873195758,0.0012712438195033472,-0.20624364079278412
2022-10-28,0.0246263778959276,0.2845356921175771,Crisis,3901.06005859375,0.007860936487928318,0.003449949332654128,-0.1866962967336516
2022-10-31,-0.0074544041076575,0.2794707149260058,Crisis,3871.97998046875,0.00399366033547286,0.0038124394119077322,-0.19275899120005335
2022-11-01,-0.0041012306087846,0.2687292807725919,Crisis,3856.10009765625,-7.991670221804016e-05,0.0023845762899381757,-0.1960696727340099
2022-11-02,-0.0250019848573428,0.2641826310211647,Crisis,3759.68994140625,-0.0036027704592137,-0.00026236111658060033,-0.2161695266026729
2022-11-03,-0.0105859923154296,0.2665566659322372,Crisis,3719.889892578125,-0.00450344679865738,-0.0006703631907874956,-0.22446714997065667
2022-11-04,0.0136187246700705,0.2685671291825614,Crisis,3770.550048828125,-0.006704977443828799,0.0004660085004844283,-0.21390538161351189
2022-11-07,0.0096139819205598,0.2492411315009467,Crisis,3806.800048828125,-0.003291300238185341,0.0022573227722622047,-0.2063478821644947
2022-11-08,0.0055978928024627,0.2469032213129677,Crisis,3828.110107421875,-0.0013514755559358806,0.0028806730787557517,-0.201905102686404
2022-11-09,-0.0207778869547897,0.2584153246668845,Crisis,3748.570068359375,-0.000506655975425261,0.0022016868322302613,-0.21848782824198046
2022-11-10,0.0554344843603449,0.3162818174714982,Crisis,3956.3701171875,0.01269743935972964,0.0049981276659616805,-0.17516510397924132
2022-11-11,0.0092407467881479,0.3074959029811916,Crisis,3992.929931640625,0.01182184378334512,0.004201704062498967,-0.16754301356308512
2022-11-14,-0.0089357770488009,0.2946444450145155,Crisis,3957.25,0.008111891989472979,0.0049029843752062706,-0.17498166359660217
2022-11-15,0.0087131165503191,0.284504280960462,Crisis,3991.72998046875,0.008734936739044259,0.004056939815594275,-0.16779318267536905
2022-11-16,-0.0082520464979902,0.2862426313483575,Crisis,3958.7900390625,0.01124010483040416,0.0031198152363333754,-0.17466059202787643
2022-11-17,-0.0030893228355314,0.2849645723235769,Crisis,3946.56005859375,-0.00046465660877110143,0.0032904235438533233,-0.17721033190798866
2022-11-18,0.0047585819088147,0.2820333606359019,Crisis,3965.340087890625,-0.0013610895846377414,0.003895637430299966,-0.17329501987864634
2022-11-21,-0.0038836886983297,0.2736671862290617,Crisis,3949.93994140625,-0.00035067191454350147,0.0025809465483668946,-0.17650568466679664
2022-11-22,0.013579987927526,0.2744564040534897,Crisis,4003.580078125,0.0006227023608978786,0.0026618042280290946,-0.16532264180618536
2022-11-23,0.0059146891478476,0.270302025674708,Crisis,4027.260009765625,0.003456049490065439,0.0021688534931804137,-0.16038578469372225
2022-11-25,-0.0002830441976333,0.2682497248828756,Crisis,4026.1201171875,0.004017305217645059,0.002507171201500947,-0.16062343262561518
2022-11-28,-0.0154441929131232,0.2739270287894311,Crisis,3963.93994140625,-2.324974674252113e-05,0.002061381568409899,-0.17358692625890035
2022-11-29,-0.0015918653377758,0.2614882128720658,Crisis,3957.6298828125,0.0004351149253682589,0.000812893795376404,-0.17490246458567363
2022-11-30,0.030947872397389,0.2794142631429462,Crisis,4080.110107421875,0.00390869181934086,0.002641573628950047,-0.14936745134427087
2022-12-01,-0.0008676332180498,0.2786545454773127,Crisis,4076.570068359375,0.002552227346161379,0.0027955544570802755,-0.15010548839983895
2022-12-02,-0.0011946604880656,0.2603321669588203,Crisis,4071.699951171875,0.002369904088074919,0.003929236569902999,-0.15112082379187153
2022-12-05,-0.0178942122835648,0.2666214288825436,Crisis,3998.840087890625,0.0018799002139865983,0.003581226095229895,-0.1663108479740374
2022-12-06,-0.014399194981406,0.2709613266104993,Crisis,3941.260009765625,-0.0006815657147394415,0.0022470394451595847,-0.1783153006279423
2022-12-07,-0.0018623708845491,0.2699443844632728,Crisis,3933.919921875,-0.007243614371127062,0.0017005464544401134,-0.17984558228833225
2022-12-08,0.0075217819575039,0.2703762897681865,Crisis,3963.510009765625,-0.0055657313360163215,0.0017921602237277897,-0.1736765595868214
2022-12-09,-0.0073495782479044,0.2600569499691912,Crisis,3934.3798828125,-0.006796714887984083,0.0024316034954842323,-0.17974968837021568
2022-12-12,0.0142792962181093,0.1816170539924357,Elevated,3990.56005859375,-0.0003620131876492627,0.0004718326315682516,-0.1680370911974575
2022-12-13,0.0072896644387934,0.180552738426545,Elevated,4019.64990234375,0.003975758696390617,0.0003789239482656564,-0.16197236076676452
2022-12-14,-0.0060527246341003,0.1789477438073746,Normal,3995.320068359375,0.0031376879464803777,0.0005162121584894945,-0.16704471130280846
2022-12-15,-0.024921675023714,0.1965965817633984,Elevated,3895.75,-0.0033510034497632028,-0.0010854445831311292,-0.1878033523170037
2022-12-16,-0.0111377507740807,0.1981698688363294,Elevated,3852.360107421875,-0.004108637954998462,-0.001222859072468772,-0.19684939615844077
2022-12-19,-0.0090075160018523,0.199924882355013,Elevated,3817.659912109375,-0.008766000398990784,-0.0015046777946745291,-0.20408378807444097
2022-12-20,0.0010373383615349,0.1988687786839826,Elevated,3821.6201171875,-0.010016465614442482,-0.0016818798683545199,-0.20325815365524305
2022-12-21,0.0148679938027347,0.2067071606596942,Elevated,3878.43994140625,-0.005832321927075484,-0.0007889426063990722,-0.1914122008214098
2022-12-22,-0.0144516995686163,0.20495600742836,Elevated,3822.389892578125,-0.0037383268360559425,-0.002123784868120134,-0.20309766876998744
2022-12-23,0.005868102525282,0.2049330475882042,Elevated,3844.820068359375,-0.00033715617618340285,-0.002126003278718496,-0.19842136418769352
2022-12-27,-0.0040496221104097,0.2049216185516974,Elevated,3829.25,0.0006544226021051172,-0.0023053641317078485,-0.20166745475451106
2022-12-28,-0.0120206383226153,0.2024845295893667,Elevated,3783.219970703125,-0.0019571727347249225,-0.0021423377226360437,-0.21126392154208007
2022-12-29,0.0174613316448191,0.2135897484137051,Elevated,3849.280029296875,-0.0014385051663080427,-0.0012350426282267627,-0.19749153929589228
2022-12-30,-0.0025407424823445,0.1786584594184844,Normal,3839.5,0.0009436862509463178,-0.0028297385748807394,-0.19953050663444413
2023-01-03,-0.0040005488792486,0.1785545290971773,Normal,3824.139892578125,-0.0010300440299598024,-0.002978925034937825,-0.20273282396900041
2023-01-04,0.0075389705750443,0.1821804872320619,Elevated,3852.969970703125,0.0012876745071309975,-0.002563037841456401,-0.1962161702405072
2023-01-05,-0.0116455288746221,0.1767600948878971,Normal,3808.10009765625,0.0013626963967296375,-0.0022654814886496058,-0.1942831108629365
2023-01-06,0.0228407810294386,0.1910472953997033,Elevated,3895.080078125,0.002438586273653537,-0.0004921492976570058,-0.17587990782643642
2023-01-09,-0.0007676325452631,0.1909859933201554,Elevated,3892.090087890625,0.002793208261069817,-0.0004400189005481487,-0.17651252923039412
2023-01-10,0.0069782331590619,0.1907095665674331,Elevated,3919.25,0.004988964668731917,-0.0004659021766644344,-0.17076604165579756
2023-01-11,0.0128494246148815,0.194325093296974,Elevated,3969.610107421875,0.006051055476699358,0.0004959551025158465,-0.1601108624199538
2023-01-12,0.0034159058663651,0.1881624530794166,Elevated,3983.169921875,0.009063342424896797,-2.1349199948162955e-05,-0.1572418801877977
2023-01-13,0.0039968583635343,0.1868918433422948,Elevated,3999.090087890625,0.005294557891715937,-0.0001781494892462153,-0.14235070737085445
2023-01-17,-0.0020304911890052,0.1858151039404881,Elevated,3990.969970703125,0.005041986162967517,1.3385436710694162e-05,-0.1440921567027945
2023-01-18,-0.015562598500411,0.1723295050506236,Normal,3928.860107421875,0.0005338198310729375,0.0004590557473441703,-0.15172725956845579
2023-01-19,-0.0076383502962943,0.1697696816994629,Normal,3898.85009765625,-0.0035637351511622227,0.000625693865333999,-0.15820666390666951
2023-01-20,0.0189184010459815,0.1772027601494128,Normal,3972.610107421875,-0.0004632361152389422,0.0019554994390403703,-0.1422812799766212
2023-01-23,0.0118813449836652,0.1804467318377996,Elevated,4019.81005859375,0.001113661208787238,0.0024718807067608604,-0.13209042796507559
2023-01-24,-0.0007115031258156,0.1749483253326683,Normal,4016.949951171875,0.0013774588214251582,0.0017299999006394182,-0.13270794833850386
2023-01-25,-0.0001817250594663,0.1650197235038688,Normal,4016.219970703125,0.004453633509614098,0.0024095224963132274,-0.13286555703816672
2023-01-26,0.0110078534691813,0.1673214716337441,Normal,4060.429931640625,0.008182874262709217,0.002654272541260813,-0.12332026815196262
2023-01-27,0.002494840970949,0.1655440285226918,Normal,4070.56005859375,0.004898162247702718,0.0029659136403731323,-0.12113309163854748
2023-01-30,-0.0129687409846833,0.1666543538785026,Normal,4017.77001953125,-7.185494596698219e-05,0.00292076589456037,-0.13253088893309664
2023-01-31,0.0146424702855101,0.1638173735530901,Normal,4076.60009765625,0.002998939736298158,0.0027865344012599417,-0.11982899825070156
2023-02-01,0.0104523039445902,0.1646744683766784,Normal,4119.2099609375,0.005125745537109458,0.0034052508977806422,-0.1106291834172033
2023-02-02,0.0146993732443099,0.1668053687119242,Normal,4179.759765625,0.005864049492135178,0.0042957233798548555,-0.09755598983165599
2023-02-03,-0.0103546106913104,0.1737922745542734,Normal,4136.47998046875,0.003294159159683298,0.003443648081457013,-0.10690044622765422
2023-02-06,-0.0061404630177543,0.1687428146366738,Normal,4111.080078125,0.004659814753069098,0.0037057940746411944,-0.11238449100876631
2023-02-07,0.0128725105980265,0.1576699648462717,Normal,4164.0,0.004305822815572379,0.003231114530288237,-0.1009586509623039
2023-02-08,-0.0110807244761647,0.1648495381884087,Normal,4117.85986328125,-7.82868578601964e-07,0.002740014914531018,-0.11092068044367007
2023-02-09,-0.0088297961777351,0.1687772176710668,Normal,4081.5,-0.004706616752987602,0.0019872516127787797,-0.11877106962119197
2023-02-10,0.0021952617756952,0.1641083604319039,Normal,4090.4599609375,-0.002196642259586482,0.00147991052519848,-0.1168365414346946
2023-02-13,0.0114486093427661,0.1676237991256274,Normal,4137.2900390625,0.001321172212517598,0.0018624202145509083,-0.10672554801177415
2023-02-14,-0.0002804145319874,0.1675924029258133,Normal,4136.1298828125,-0.001309412813485182,0.001658740552859399,-0.10697603514916477
2023-02-15,0.002773175690496,0.1670853845434212,Normal,4147.60009765625,0.0014613672198469578,0.0018874865947404085,-0.10449952279881002
2023-02-16,-0.0137887414891306,0.1648491579183376,Normal,4090.409912109375,0.00046957815756785775,0.001971955976229951,-0.11684734738233035
2023-02-17,-0.0027674058253277,0.1621120418357446,Normal,4079.090087890625,-0.0005229553626367223,0.0022039057129426467,-0.11929138917783817
2023-02-21,-0.0200412342553273,0.167584450689455,Normal,3997.340087890625,-0.006820924082255403,0.00034868498430889403,-0.1369418767580091
2023-02-22,-0.0015735561458868,0.1623165312728381,Normal,3991.050048828125,-0.007079552405035283,-0.00029202459328882025,-0.13829994717209404
2023-02-23,0.0053294294160743,0.163464714449041,Normal,4012.320068359375,-0.006568301659919622,-4.361138913110733e-06,-0.1337075775627201
2023-02-24,-0.0105375514855581,0.1674930346638248,Normal,3970.0400390625,-0.005918063659205122,-0.0004974957306317679,-0.1428361785657018
2023-02-27,0.0030730045671669,0.1628154469267029,Normal,3982.239990234375,-0.004749981580706201,-0.0008753456783467392,-0.14020211022762386
2023-02-28,-0.0030360018281855,0.1624999234283812,Normal,3970.14990234375,-0.001348935095277842,-0.0011387191449721916,-0.14281245819284283
2023-03-01,-0.00472526484568,0.157366347199587,Normal,3951.389892578125,-0.001979276835236482,-0.0007461726621625106,-0.1468628963502991
2023-03-02,0.0075821940867943,0.1504141146259562,Normal,3981.35009765625,-0.001528723901092482,-0.001082376290672787,-0.14039424524778144
2023-03-03,0.0161477371607488,0.157064239777484,Normal,4045.639892578125,0.0038083338281688977,-0.0008111651851414253,-0.12651355745817544
2023-03-06,0.0006871667698291,0.1467936971800355,Normal,4048.419921875,0.0033311662687013376,-0.0014784131124976536,-0.1259133266009644
2023-03-07,-0.0153269191153376,0.1515166082738397,Normal,3986.3701171875,0.0008729828112709174,-0.0017151897041179965,-0.13931038234394605
2023-03-08,0.0014147940136839,0.1509957838487731,Normal,3992.010009765625,0.0021009945831436975,-0.0013554155597637967,-0.13809268382524642
2023-03-09,-0.0184593578738486,0.1527943495227667,Normal,3918.320068359375,-0.0031073158089848824,-0.0028474092965197536,-0.15400293942860468
2023-03-10,-0.0144781384570513,0.1555297920197448,Normal,3861.590087890625,-0.009232490932544902,-0.0030091909146572108,-0.1662514020058158
2023-03-13,-0.0015097610031894,0.1541389434781477,Normal,3855.760009765625,-0.009671876487148602,-0.0026606178111074157,-0.16751016312553127
2023-03-14,0.0164766554806239,0.1671941994212888,Normal,3919.2900390625,-0.0033111615679563013,-0.0019805514442060488,-0.15379351489222992
2023-03-15,-0.0069808835654376,0.1606014966135277,Normal,3891.929931640625,-0.004990297083780602,-0.002858146344596701,-0.15970078383708552
2023-03-16,0.0175620062171666,0.1754197464294578,Normal,3960.280029296875,0.002213975734422438,-0.002008507261303654,-0.1449434437785521
2023-03-17,-0.0110194573100675,0.1771805231588326,Normal,3916.639892578125,0.0029057119638191986,-0.0026652993089495347,-0.1543657029975277
2023-03-20,0.00891840371831,0.1766783924687516,Normal,3951.570068359375,0.004991344908119078,-0.0015840066800237918,-0.1468239949388104
2023-03-21,0.0129821938977849,0.1836359819827013,Elevated,4002.8701171875,0.004292452591551278,-0.0008340257408279537,-0.13574789861216843
2023-03-22,-0.0164632237757136,0.1792873816928084,Normal,3936.969970703125,0.0023959845494960774,-0.0006636442894177774,-0.14997627435594707
2023-03-23,0.0029845287333754,0.1796907426928437,Normal,3948.719970703125,-0.0005195109472621623,-0.0004465926285005298,-0.1474393541227115
2023-03-24,0.0056398072531045,0.1798196215736565,Normal,3970.989990234375,0.0028123419653722378,-0.0004318127314990916,-0.14263107640838132
2023-03-27,0.0016469543057482,0.1761070128745649,Normal,3977.530029296875,0.0013580520828598776,0.00014840182999168456,-0.1412190289680573
2023-03-28,-0.0015738434957162,0.175870195586475,Normal,3971.27001953125,-0.0015531553958403423,-7.287664919322497e-05,-0.1425706158135608
2023-03-29,0.0142372688798364,0.1822660366344272,Elevated,4027.81005859375,0.004586943135269658,0.0007496600511887703,-0.13036316312542584
2023-03-30,0.0057152693886679,0.1819024585403841,Elevated,4050.830078125,0.0051330912663281585,0.0012468283480624796,-0.11985357663387941
2023-03-31,0.0144365424717638,0.1864043845600128,Elevated,4109.31005859375,0.0068924383100600175,0.0015732258902038847,-0.10328763856721086
2023-04-03,0.0036988464765423,0.1789807067684105,Normal,4124.509765625,0.007302816744218839,0.000980421571908337,-0.09997083720865312
2023-04-04,-0.0057969720833299,0.180517422975447,Elevated,4100.60009765625,0.006458191026696097,0.0006716530550912418,-0.1051882811395374
2023-04-05,-0.0024923705312281,0.1714316757798497,Normal,4090.3798828125,0.003112263144483198,0.001282822035286932,-0.09607263964634917
2023-04-06,0.0035791630944272,0.1716165242972037,Normal,4105.02001953125,0.002685041885635058,0.001385887229608042,-0.08781588966660626
2023-04-10,0.0009963029974375,0.1557713865039932,Normal,4109.10986328125,-3.0060092302022083e-06,0.002312347271097856,-0.08690707790326624
2023-04-11,-4.1352477946232646e-05,0.1437263997075799,Normal,4108.93994140625,-0.0007510458001279087,0.0029998132701028594,-0.08451786918555347
2023-04-12,-0.0041348840520069,0.1450458394672615,Normal,4091.949951171875,-0.00041862819386330864,0.002874807410635359,-0.08297682381754942
2023-04-13,0.0132626899936381,0.1416354846291197,Normal,4146.22021484375,0.002732383911109931,0.002721761435064607,-0.07081462971486023
2023-04-14,-0.0020693734728036,0.1383805939570531,Normal,4137.64013671875,0.0016026765976637713,0.002955642868047178,-0.07273746127144556
2023-04-17,0.0033061569029655,0.1278305189053564,Calm,4151.31982421875,0.0020646473787693715,0.0022767929007042687,-0.06967178582816679
2023-04-18,0.0008552202959737,0.1185493244607615,Calm,4154.8701171875,0.002243961933553358,0.002842253739087183,-0.06887615025749004
2023-04-19,-8.42619976980652e-05,0.1168248228033352,Calm,4154.52001953125,0.003054086344415125,0.0024135553716582276,-0.06895460861317361
2023-04-20,-0.0059525481529729,0.1136109532770224,Calm,4129.7900390625,-0.0007889612849070752,0.0015119009882888085,-0.07392394618433422
2023-04-21,0.0009031888869577,0.0930593231494105,Calm,4133.52001953125,-0.00019444881295481523,0.0023388730198445847,-0.05920806968848047
2023-04-24,0.0008515791660903,0.0931661263776736,Calm,4137.0400390625,-0.0006853643603298551,0.0022373039928310083,-0.039059776229010836
2023-04-25,-0.0158108588827732,0.1111856726716344,Calm,4071.6298828125,-0.004018580196079235,0.001215843700646356,-0.054253066501834514
2023-04-26,-0.0038411871973298,0.1125347371882556,Calm,4055.989990234375,-0.004769965236005582,0.0009545036290712132,-0.05788585751470163
2023-04-27,0.019566149722497,0.1291508341367811,Calm,4135.35009765625,0.0003337743390883982,0.0019611699727956513,-0.03945231114715239
2023-04-28,0.0082532027534605,0.1235250162465729,Calm,4169.47998046875,0.0018037771123889583,0.0016762144429682275,-0.03152471631668188
2023-05-01,-0.0003861064902076,0.1228174560929249,Calm,4167.8701171875,0.0015562399811293785,0.0013856727344503464,-0.03189865090931774
2023-05-02,-0.0115862629364003,0.121045174206245,Calm,4119.580078125,0.0024011591704039587,0.00014649152453777037,-0.04311532768896626
2023-05-03,-0.0069983050646564,0.1227496672690875,Calm,4090.75,0.0017697355969386384,-0.00036289664409073916,-0.049811898537492696
2023-05-04,-0.0072187323343824,0.1236383097717685,Calm,4061.219970703125,-0.003587240814437242,-0.00043059951318847727,-0.05667105210926557
2023-05-05,0.0184747513895153,0.1395438750871308,Normal,4136.25,-0.001542931087226282,0.0005678348639897799,-0.039243284318451185
2023-05-08,0.0004521286642489,0.1391133952012635,Normal,4138.1201171875,-0.0013752840563349819,0.00041892846255271797,-0.03880889866792181
2023-05-09,-0.0045794212772585,0.1401587501805951,Normal,4119.169921875,2.608427549337794e-05,0.0001534177828052894,-0.043210597648873486
2023-05-10,0.0044839652634049,0.1409539146236591,Normal,4137.64013671875,0.002322538341105638,0.00036890910382201,-0.038920387204337055
2023-05-11,-0.0016966239932159,0.1402234489491308,Normal,4130.6201171875,0.0034269600093389378,0.00048501672566920046,-0.040550977934796784
2023-05-12,-0.0015833068345566,0.1323899060257305,Normal,4124.080078125,-0.0005846516354754423,-0.00022193550424483288,-0.04207008012884128
2023-05-15,0.0029581644391338,0.1326512029474891,Normal,4136.27978515625,-8.344448049846225e-05,1.7471062990281427e-05,-0.039236365904696015
2023-05-16,-0.006377683373153,0.1338623011226148,Normal,4109.89990234375,-0.00044309689967736226,-0.0004436641882534567,-0.045363812159395715
2023-05-17,0.0118908290587882,0.1405053305470374,Normal,4158.77001953125,0.0010382758593992978,8.184099092818618e-05,-0.034012396436449835
2023-05-18,0.0094450486494266,0.1441927643996001,Normal,4198.0498046875,0.003266610387927798,0.0005356176884103131,-0.02488859652604896
2023-05-19,-0.0014458676054706,0.1424725413968245,Normal,4191.97998046875,0.003294098233744998,0.0007502215240056606,-0.026298478516056958
2023-05-22,0.0001550346964389,0.1424859919445014,Normal,4192.6298828125,0.002733472285206018,0.000714595133980956,-0.02614752099625158
2023-05-23,-0.0112220267475501,0.1483571479867265,Normal,4145.580078125,0.0017646036103265979,0.00013966151904569885,-0.037076119563799685
2023-05-24,-0.0073186003353533,0.13950546603088,Normal,4115.240234375,-0.002077282268501702,0.0005440547832085513,-0.044123374598079856
2023-05-25,0.0087575812659024,0.1413303106736124,Normal,4151.27978515625,-0.002214775745206542,0.0011439961386005605,-0.03575220737094607
2023-05-26,0.0130490867779973,0.1321304355524774,Normal,4205.4501953125,0.0006842151314870384,0.0008336598079100988,-0.02316965424943717
2023-05-30,1.660326849850513e-05,0.1293542940971631,Calm,4205.52001953125,0.0006565288458989594,0.00044144078481667034,-0.023153435672929153
2023-05-31,-0.0061086242098339,0.1313196039797962,Normal,4179.830078125,0.0016792093534421994,0.00016893994102494173,-0.02912062424507063
2023-06-01,0.0098544535630327,0.1281010654751034,Calm,4221.02001953125,0.005113820133119399,0.0011899264409979417,-0.01955313852138754
2023-06-02,0.0145344247059655,0.1324033496152059,Normal,4282.3701171875,0.0062691888211320185,0.0022152945253132703,-0.005302907435026454
2023-06-05,-0.0020035816359177,0.1289076560274779,Calm,4273.7900390625,0.003258655138349019,0.0024636350347639704,-0.007295864262990456
2023-06-06,0.0023538963079141,0.1150274865704386,Calm,4283.85009765625,0.0037261137462321374,0.0016959752689734368,-0.004959141663027884
2023-06-07,-0.0038120096998572,0.1165468846260307,Calm,4267.52001953125,0.004185436648227478,0.0014929210611588609,-0.008752247066762692
2023-06-08,0.0061886426142414,0.1154418857471487,Calm,4293.93017578125,0.003452274458469218,0.002005686008373142,-0.0026177689816888868
2023-06-09,0.001148059539441,0.1151174707802699,Calm,4298.85986328125,0.000775001425164318,0.0018468333548510515,-0.0014727147968991896
2023-06-12,0.0093211488102371,0.1171532948227888,Calm,4338.93017578125,0.003039947514395278,0.0023714892026345277,0.0
2023-06-13,0.0069324899514737,0.1172451636281741,Calm,4369.009765625,0.003955666243107198,0.002777003335302637,0.0
2023-06-14,0.0008194255259321,0.1174374512029485,Calm,4372.58984375,0.004881953288265057,0.002675158625150175,0.0
2023-06-15,0.0121781374203466,0.1170051594645406,Calm,4425.83984375,0.006079852249486098,0.0035587691391263465,0.0
2023-06-16,-0.0036716195284263,0.1154507263282507,Calm,4409.58984375,0.005115916435912638,0.002817700158782799,-0.003671619528426367
2023-06-20,-0.0047351076976228,0.1156441780047588,Calm,4388.7099609375,0.002304665134340658,0.002142454618447113,-0.008389341712157385
2023-06-21,-0.0052452815830036,0.1178574020158566,Calm,4365.68994140625,-0.00013088917255480223,0.0019615301433264943,-0.013590618835584701
2023-06-22,0.0037107984144384,0.1178143336312837,Calm,4381.89013671875,0.00044738540514645774,0.002130852225135994,-0.009930252467972621
2023-06-23,-0.0076588087666845,0.1132853881687665,Calm,4348.330078125,-0.003520003832259762,0.00230052927184388,-0.017513007330000045
2023-06-26,-0.0044868382932564,0.1106498111972773,Calm,4328.81982421875,-0.003683047585225782,0.0024353750833723035,-0.021921267591338157
2023-06-27,0.011455854954693,0.112962988461902,Calm,4378.41015625,-0.00044485505476262214,0.0025638643066480463,-0.010716539498594458
2023-06-28,-0.0003540766884383,0.1066531221008119,Calm,4376.85986328125,0.000533385924150438,0.00192561842729397,-0.011066821710215663
2023-06-29,0.0044735446728059,0.1067653945935674,Calm,4396.43994140625,0.000685935175823938,0.002137853732260989,-0.0066427849587163456
2023-06-30,0.0122690044957141,0.1078546171433123,Calm,4450.3798828125,0.0046714978283036585,0.0030129789087156556,0.0
2023-07-03,0.0011706778016009,0.1050732421508117,Calm,4455.58984375,0.005803001047275118,0.0025994657772189034,0.0
2023-07-05,-0.0019683184132291,0.0966700141503646,Calm,4446.81982421875,0.0031181663736906977,0.0018136208667810655,-0.001968318413229169
2023-07-06,-0.0079225113365009,0.1016605083783738,Calm,4411.58984375,0.0016044794440781781,0.0015317670715151986,-0.00987523572478742
2023-07-07,-0.0028651005386203,0.1027306610290977,Calm,4398.9501953125,0.0001367504017929382,0.0012832434121564176,-0.012712042720213637
2023-07-10,0.0024050260571313,0.1010897491086727,Calm,4409.52978515625,-0.0018360452859236217,0.0015792927339177748,-0.010337589457063678
2023-07-11,0.0067422110558885,0.10142541454178,Calm,4439.259765625,-0.0007217386350661019,0.00160565313590097,-0.003665076611103854
2023-07-12,0.0074112334853124,0.1033712725303794,Calm,4472.16015625,0.0011541717446421982,0.0019038995142757985,0.0
2023-07-13,0.0084701534580691,0.1026413502238215,Calm,4510.0400390625,0.004432704703556198,0.0018633759260773225,0.0
2023-07-14,-0.0010244071333035,0.1013832627280401,Calm,4505.419921875,0.004800843384619558,0.0014844760648974557,-0.0010244071333034954
2023-07-17,0.0038553825145495,0.1016773816818098,Calm,4522.7900390625,0.005090914676103198,0.0016290454453078082,0.0
2023-07-18,0.0071172752058423,0.0964379221954668,Calm,4554.97998046875,0.005165927506093957,0.001388052006521889,0.0
2023-07-19,0.002357910335732,0.0946981947994661,Calm,4565.72021484375,0.004155262876177878,0.001675172476243713,0.0
2023-07-20,-0.0067568962189037,0.0966612510895277,Calm,4534.8701171875,0.0011098529407833184,0.0015788968323731938,-0.006756896218903716
2023-07-21,0.000324094521898,0.0935833915621347,Calm,4536.33984375,0.0013795532718236182,0.0018441052183208889,-0.006434991570055167
2023-07-24,0.0040341538771535,0.0936713229247774,Calm,4554.64013671875,0.0014153075443444185,0.0018595030974977987,-0.002426797439093448
2023-07-25,0.0028146733515561,0.0870543391750023,Calm,4567.4599609375,0.0005547871734871783,0.0023582403412235413,0.0
2023-07-26,-0.0001554388967985,0.0840026263126958,Calm,4566.75,5.211732698107837e-05,0.0025644974553405845,-0.00015543889679862154
2023-07-27,-0.0064246660644878,0.0829858335687606,Calm,4537.41015625,0.00011856335786425819,0.0017130440734748323,-0.006579106318281133
2023-07-28,0.0098778427947523,0.0872350803074097,Calm,4582.22998046875,0.0020293130124351185,0.002200278334579146,0.0
2023-07-31,0.0014687129405193,0.0868687036499373,Calm,4588.9599609375,0.0015162248251082784,0.0020571911092321653,0.0
2023-08-01,-0.0026650876392156,0.0798710966914756,Calm,4576.72998046875,0.0004202726269539385,0.0013460438647117034,-0.002665087639215636
2023-08-02,-0.0138395413363479,0.095652526166608,Calm,4513.39013671875,-0.0023165478609559415,0.0006312715248093795,-0.016467745385015626
2023-08-03,-0.0025479738404268,0.0958718457145267,Calm,4501.89013671875,-0.0015412094161437416,0.0006036688854190129,-0.01897375984099066
2023-08-04,-0.0053000741550505,0.0933299563206217,Calm,4478.02978515625,-0.004576792806104302,0.0007285468464404605,-0.024173271661883832
2023-08-07,0.0090240927793627,0.0965920878447133,Calm,4518.43994140625,-0.003065716838335622,0.0012946989092015558,-0.015367320728778626
2023-08-08,-0.0042182830447931,0.098341894989422,Calm,4499.3798828125,-0.0033763559194511217,0.0009793032376813463,-0.01952078006509764
2023-08-09,-0.0070387303805971,0.099743468131637,Calm,4467.7099609375,-0.0020161937283009615,0.000323067931182032,-0.026422108937997634
2023-08-10,0.0002507139445697,0.0963587631069238,Calm,4468.830078125,-0.0014564561713016617,-1.790918980571568e-05,-0.026178019384583626
2023-08-11,-0.001069692370023,0.0913047093022898,Calm,4464.0498046875,-0.0006103798142961617,-0.0004721875625720062,-0.02721970932700871
2023-08-14,0.005750475751703,0.0937713153394776,Calm,4489.72021484375,-0.0012651032198281015,-0.0001495740918574109,-0.021625759853759075
2023-08-15,-0.0115509094288417,0.1004312052313573,Calm,4437.85986328125,-0.002731628496637822,-0.000883207041542706,-0.03292687208920016
2023-08-16,-0.0075553952105776,0.0985478838051051,Calm,4404.330078125,-0.002834961462633922,-0.0015819056328007968,-0.04023349176809577
2023-08-17,-0.0077129130290369,0.0996437554266975,Calm,4370.35986328125,-0.004427686857355242,-0.002061468650170744,-0.047636087374271004
2023-08-18,-0.0001487068260008,0.0983411586207072,Calm,4369.7099609375,-0.004243489748550802,-0.0017467929647944156,-0.04777771038891531
2023-08-21,0.0068791885187959,0.1026094590780708,Calm,4399.77001953125,-0.004017747195132222,-0.0014346456316088013,-0.041227193746881045
2023-08-22,-0.0027774667288296,0.1007310489996548,Calm,4387.5498046875,-0.002263058655129802,-0.0017590085176079965,-0.04389015331675567
2023-08-23,0.0110448799659725,0.1091245480275305,Calm,4436.009765625,0.0014569963801802182,-0.0013670939169215014,-0.03333003482585477
2023-08-24,-0.0134579746631461,0.1167282346011557,Calm,4376.31005859375,0.0003079840533583782,-0.0020005480010332915,-0.046339454724792756
2023-08-25,0.006717966037625,0.1193020673862615,Calm,4405.7099609375,0.001681318626083538,-0.0013747083771231583,-0.03993279557021086
2023-08-28,0.0062646197550364,0.1156073822352096,Calm,4433.31005859375,0.0015584048733316381,-0.0015467666171096299,-0.03391833959517737
2023-08-29,0.0145083071945462,0.1280481117424075,Calm,4497.6298828125,0.0050155596580067985,-0.0009258335573940633,-0.019902130091006887
2023-08-30,0.003833182103508,0.1289117335768209,Calm,4514.8701171875,0.003573220085513898,-0.0006163921410738918,-0.016145236476385348
2023-08-31,-0.0015969365120942,0.1197384216411012,Calm,4507.66015625,0.005945427715724278,-3.341095896657271e-05,-0.017716390070854068
2023-09-01,0.001799129260001,0.1195349089856853,Calm,4515.77001953125,0.004961660360199478,0.00017359395057760823,-0.015949134886611146
2023-09-05,-0.004194177587506,0.1189568288137847,Calm,4496.830078125,0.002869900891690998,0.00022625569188925115,-0.02007641897003572
2023-09-06,-0.0069715993514528,0.1169390451772076,Calm,4465.47998046875,-0.0014260804175088018,-0.0005354439333876774,-0.02690805357201759
2023-09-07,-0.003211265936186,0.1165909537751829,Calm,4451.14013671875,-0.002834970025447602,-0.0004874907377397203,-0.03003291059235874
2023-09-08,0.0014266227216406,0.1142621604370084,Calm,4457.490234375,-0.0022302581787006417,-8.437868525221077e-05,-0.028649133503366075
2023-09-11,0.0067234531062752,0.1166758565768091,Calm,4487.4599609375,-0.0012453934094458017,0.0002238469891147178,-0.022118301502736165
2023-09-12,-0.0056958856048289,0.1184097816166075,Calm,4461.89990234375,-0.0015457350129103819,3.552073171579744e-06,-0.02768820379243237
2023-09-13,0.0012416323054647,0.1166698355970071,Calm,4467.43994140625,9.691131847311827e-05,-0.00021115475760167263,-0.026480950055276602
2023-09-14,0.0084299188671679,0.1126627476925895,Calm,4505.10009765625,0.0024251482791438983,0.0007403132564940226,-0.018274263448600208
2023-09-15,-0.0121596129386778,0.1179398186266047,Calm,4450.31982421875,-0.000292098852919782,0.000521064793251156,-0.0302116684170037
2023-09-18,0.0007212876971294,0.1140761358602337,Calm,4453.52978515625,-0.001492531934748942,0.000922693399259075,-0.02951217202461325
2023-09-19,-0.0021510106153728,0.1145230814744442,Calm,4443.9501953125,-0.000783556936857722,0.0008273455997651702,-0.03159970164467839
2023-09-20,-0.0093947947580596,0.1175234414540069,Calm,4402.2001953125,-0.002910842349562582,5.239401515300361e-05,-0.04069762369137036
2023-09-21,-0.0164009341032194,0.1304241888681043,Normal,4330.0,-0.00787701294364004,-0.0005963425264846059,-0.05643107875027
2023-09-22,-0.0022955984771939,0.1234201871034606,Calm,4320.06005859375,-0.005904210051343261,-0.001231603404730625,-0.05859713412901846
2023-09-25,0.0040230650909416,0.1162479918469257,Calm,4337.43994140625,-0.005243854572580822,-0.00039917294025025834,-0.054809809122820456
2023-09-26,-0.0147345339908682,0.1232419003835396,Calm,4273.52978515625,-0.007760559247679902,-0.0014207205606546964,-0.06873674611813552
2023-09-27,0.0002293140607452,0.1202364497901882,Calm,4274.509765625,-0.005835737483918942,-0.0017081160699066583,-0.06852319435976502
2023-09-28,0.0058931739705165,0.1087512878240107,Calm,4299.7001953125,-0.0013769158691717617,-0.002118360509146168,-0.0630338394946261
2023-09-29,-0.002709582086142,0.1065798262211011,Calm,4288.0498046875,-0.0014597125909613818,-0.002429920708653311,-0.0655726262184527
2023-10-02,7.936755559079245e-05,0.1069026049174331,Calm,4288.39013671875,-0.0022484520980315436,-0.002350096705430216,-0.06549846300191846
2023-10-03,-0.0137440716742595,0.1127033952833151,Calm,4229.4501953125,-0.0020503596347098032,-0.003090249130871192,-0.07834231910612575
2023-10-04,0.0081097549571607,0.1190647442246631,Calm,4263.75,-0.00047427145542670336,-0.0025043475811251585,-0.07086790115969138
2023-10-05,-0.0013040301597772,0.1179993400382749,Calm,4258.18994140625,-0.0019137122814854434,-0.002234463333902511,-0.07207951743899624
2023-10-06,0.0118148930146444,0.1275280141219386,Calm,4308.5,0.0009911827386718368,-0.0015189319552915395,-0.061116236211440716
2023-10-09,0.0063038542996403,0.1300418012711839,Normal,4335.66015625,0.002236080087481738,-0.0012866828325296493,-0.055197649760219784
2023-10-10,0.0052079907813922,0.1289671481342983,Calm,4358.240234375,0.006026492578612078,-0.0013588477051431254,-0.05027712782993321
2023-10-11,0.0042930081710337,0.1293759698323339,Calm,4376.9501953125,0.0052631432213866795,-0.000883186096768716,-0.04619995977948946
2023-10-12,-0.0062464343461184,0.130422557766573,Normal,4349.60986328125,0.004274662384118439,-0.001239760699225054,-0.05215780911005204
2023-10-13,-0.0050188588887675,0.1261084283112649,Calm,4327.77978515625,0.0009079120034360584,-0.0018801786876029303,-0.05691489531494894
2023-10-16,0.0105943693839298,0.1273657292432181,Calm,4373.6298828125,0.0017660150202939585,-0.0007966557198597112,-0.046923503355433334
2023-10-17,-9.824505308242416e-05,0.1272742695259036,Calm,4373.2001953125,0.0007047678533990336,-0.0008356810889174171,-0.047017138406437835
2023-10-18,-0.0133998205065164,0.134499162986234,Normal,4314.60009765625,-0.0028337978821109866,-0.001371338702781398,-0.05978693769757794
2023-10-19,-0.008482848196321,0.1338492328355705,Normal,4278.0,-0.0032810806521515064,-0.001327912676031941,-0.06776262237728754
2023-10-20,-0.0125852837190275,0.1289999620501261,Calm,4224.16015625,-0.004794365618203507,-0.0011462150386894693,-0.07949509426815163
2023-10-23,-0.0016855698941634,0.1289487754005075,Calm,4217.0400390625,-0.0072503534738221475,-0.00111716605854516,-0.08104666962468306
2023-10-24,0.0072657922227272,0.1310496580575845,Normal,4247.68017578125,-0.0057775460186602215,-0.0009627504808410837,-0.0743697456637927
2023-10-25,-0.0143396286277125,0.1305328801127062,Normal,4186.77001953125,-0.005965507642899442,-0.0009439454635479553,-0.08764293975754905
2023-10-26,-0.0118325197781096,0.1357500090206573,Normal,4137.22998046875,-0.006635441959257161,-0.001518318503493422,-0.09843842271756582
2023-10-27,-0.0048002802297685,0.1334280788577942,Normal,4117.3701171875,-0.005078441261405361,-0.002027530608268898,-0.10276617093291368
2023-10-30,0.0120100223258599,0.1419508970456695,Normal,4166.81982421875,-0.0023393228174007023,-0.0013265970648402364,-0.09199037261430126
2023-10-31,0.0064749573072333,0.1444558676857731,Normal,4193.7998046875,-0.002497489800499482,-0.0010220451719048786,-0.08611104904242199
2023-11-01,0.0105059994863139,0.1419501177000086,Normal,4237.85986328125,0.0024716358223057983,0.0001327201214557595,-0.07650973219311379
2023-11-02,0.0188585570201276,0.1539383473689116,Normal,4317.77978515625,0.008609851181953237,0.0006445678387398976,-0.05909403832014462
2023-11-03,0.0093937302530313,0.1566684707742396,Normal,4358.33984375,0.011448653278513198,0.001153985001254588,-0.05025542152265489
2023-11-06,0.0017529924220356,0.1518444373080287,Normal,4365.97998046875,0.009397247297748337,0.000674846877797026,-0.04859052647371462
2023-11-07,0.0028401189192852,0.1506962786942587,Normal,4378.3798828125,0.008670279620158717,0.0005099070977801166,-0.04588841042796538
2023-11-08,0.0010049156221052,0.1497456151324527,Normal,4382.77978515625,0.006770062847316978,0.0003097606616235928,-0.04492960878637269
2023-11-09,-0.0080838393067328,0.1517221945254527,Normal,4347.35009765625,0.001381583581944898,-0.00027961302779385956,-0.05265024435556208
2023-11-10,0.0156164410948524,0.1595871580873897,Normal,4415.240234375,0.0026261257503091178,0.0007614762789190357,-0.037856012700317826
2023-11-13,-0.0008358389332403,0.1583310317417803,Normal,4411.5498046875,0.0021083594792539384,0.0009606677053727116,-0.03866021010428604
2023-11-14,0.0190750177036618,0.1673039547336204,Normal,4495.7001953125,0.005355339236129257,0.0013645081015504258,-0.020322636592790738
2023-11-15,0.0015970120755575,0.1672202455264684,Normal,4502.8798828125,0.005473758526819718,0.0014452346314856605,-0.018758080013279152
2023-11-16,0.0011904273935798,0.1583002528380972,Normal,4508.240234375,0.007328611866882238,0.0021400083410140513,-0.017589982751997992
2023-11-17,0.001282049060336,0.1535877107153705,Normal,4514.02001953125,0.004461733459978958,0.0026050034484739084,-0.01633048491252039
2023-11-20,0.0073902780973298,0.1439823315869244,Normal,4547.3798828125,0.006106956866092977,0.003556220677824256,-0.009060893640158371
2023-11-21,-0.0020209310950652,0.144140765652856,Normal,4538.18994140625,0.001887767106347578,0.003540251096828932,-0.011063513293517156
2023-11-22,0.0040611292209464,0.1435232848233878,Normal,4556.6201171875,0.002380590535425358,0.0033876480967441323,-0.007047314429693377
2023-11-24,0.000596873667884,0.1288548720742668,Calm,4559.33984375,0.002261879790286198,0.004098910110820155,-0.0064546471182217
2023-11-27,-0.00195415746009,0.1175103244731999,Calm,4550.43017578125,0.0016146384862009977,0.0045693083164401365,-0.008396191181493458
2023-11-28,0.0009801185306033,0.113334908716148,Calm,4554.89013671875,0.00033260657285569793,0.004844565400267366,-0.007424301913453548
2023-11-29,-0.0009462486392383,0.1118913466865464,Calm,4550.580078125,0.0005475430640210779,0.00422760011621507,-0.008363525317108933
2023-11-30,0.0037840728581564,0.1115982519313101,Calm,4567.7998046875,0.0004921317914630778,0.004099462761497122,-0.004611100648103518
2023-12-01,0.0058737421236076,0.1093792028459213,Calm,4594.6298828125,0.001547505482607798,0.0038788790775587272,0.0
2023-12-04,-0.0054085091269721,0.0993477355222484,Calm,4569.77978515625,0.000856635149231378,0.002723304499125408,-0.005408509126972066
2023-12-05,-0.0005688697261614,0.0968831914726254,Calm,4567.18017578125,0.000546837497878438,0.002248894976306708,-0.005974302116027521
2023-12-06,-0.0039062028088695,0.0992037912278887,Calm,4549.33984375,-4.515333604780212e-05,0.001979409489120751,-0.0098571680891904
2023-12-07,0.0079681890658929,0.1013320514404938,Calm,4585.58984375,0.0007916699054994977,0.00222360330562588,-0.0019675228022863816
2023-12-08,0.0040954978699407,0.1014292382836124,Calm,4604.3701171875,0.00043602105476611783,0.0023707738888561415,0.0
2023-12-11,0.0039244942866989,0.0940989942531045,Calm,4622.43994140625,0.0023026217375003177,0.0029425992980671744,0.0
2023-12-12,0.0045993575202152,0.082416558853801,Calm,4643.7001953125,0.003336267186775638,0.0024179762707034987,0.0
2023-12-13,0.0136506763510459,0.0901274669201523,Calm,4707.08984375,0.006847643018758717,0.003107810331859984,0.0
2023-12-14,0.0026470624846992,0.0689297971861707,Calm,4719.5498046875,0.005783417702519978,0.0023255267500046223,0.0
2023-12-15,-7.62494933082003e-05,0.0693947640730901,Calm,4719.18994140625,0.0049490682298701984,0.002245847627677684,-7.624949330814997e-05
2023-12-18,0.0045283443669004,0.0697176903558345,Calm,4740.56005859375,0.005069838245910498,0.002404796054978665,0.0
2023-12-19,0.0058664078189105,0.0705906948599622,Calm,4768.3701171875,0.005323248305649558,0.002623098853006022,0.0
2023-12-20,-0.0146842669110067,0.0904355746726037,Calm,4698.35009765625,-0.000343740346760962,0.001571930043085237,-0.014684266911006796
2023-12-21,0.0103014678212025,0.0942603846187175,Calm,4746.75,0.0011871407205396982,0.0021587109438598894,-0.0045340685928658715
2023-12-22,0.0016600585268868,0.094016446469352,Calm,4754.6298828125,0.0015344023245786984,0.0020443742441427653,-0.0028815368852081313
2023-12-26,0.0042316894655107,0.0941543817816401,Calm,4774.75,0.0014750713443007582,0.0022174607106964176,0.0
2023-12-27,0.0014304577464787,0.092987677290923,Calm,4781.580078125,0.0005878813298143981,0.0023786328633901657,0.0
2023-12-28,0.0003701746080437,0.0931271630247364,Calm,4783.35009765625,0.0035987696336244783,0.002349587914696851,0.0
2023-12-29,-0.0028264750133749,0.0941873338711386,Calm,4769.830078125,0.0009731810667089983,0.0022600533254522512,-0.0028264750133749463
2024-01-02,-0.0056605790054923,0.0978720932282583,Calm,4742.830078125,-0.0004909464397668217,0.0018103079986118368,-0.008471054533746972
2024-01-03,-0.0080163149227308,0.1023319563407322,Calm,4704.81005859375,-0.0029405473174151215,0.0011488767106909606,-0.016419462815607647
2024-01-04,-0.003428381297357,0.100953809814571,Calm,4688.68017578125,-0.003912315126182262,0.0012431685121012035,-0.01979155193373499
2024-01-05,0.0018256861788026,0.1007528412249578,Calm,4697.240234375,-0.003621212812030482,0.001357194983766156,-0.018001998917754773
2024-01-08,0.0141146293098466,0.107971752493123,Calm,4763.5400390625,-0.00023299194738618176,0.0022153298465621605,-0.00414146114946856
2024-01-09,-0.0014779006799081,0.1065796587410087,Calm,4756.5,0.0006035437177306582,0.0017655160491430652,-0.005613241161128063
2024-01-10,0.0056659718937244,0.1071495756155095,Calm,4783.4501953125,0.0033400010810216976,0.0018403005264660986,0.0
2024-01-11,-0.0006710555783868,0.1072058509840842,Calm,4780.240234375,0.0038914662248157377,0.0016214648186048748,-0.0006710555783868248
2024-01-12,0.0007509755941104,0.1066865562367286,Calm,4783.830078125,0.003676524107877298,0.001438208536409408,0.0
2024-01-16,-0.0037313402367431,0.0982763800342079,Calm,4765.97998046875,0.00010733019855935829,0.0006104934608004083,-0.0037313402367431625
2024-01-17,-0.0056168971839904,0.1002678617192047,Calm,4739.2099609375,-0.0007204691022571017,0.00021697157181518919,-0.009327278866265385
2024-01-18,0.008805260963896,0.1045685986884366,Calm,4780.93994140625,-9.261128822278183e-05,0.0006399006412058654,-0.0006041470268698958
2024-01-19,0.0123135027649361,0.1114663819959998,Calm,4839.81005859375,0.002504300380441798,0.001010622469683756,0.0
2024-01-22,0.002194325202627,0.1101690850962353,Calm,4850.43017578125,0.002792970302145118,0.0008357613927178749,0.0
2024-01-23,0.002921374261968,0.094715792145098,Calm,4864.60009765625,0.004123513201887338,0.0016741252580976225,0.0
2024-01-24,0.0008119284117831,0.0893788901104708,Calm,4868.5498046875,0.0054092783210420384,0.001222242429077651,0.0
2024-01-25,0.0052603655277063,0.0904646593256404,Calm,4894.16015625,0.004700299233804098,0.0013936856195928653,0.0
2024-01-26,-0.0006517852510764,0.090115368422436,Calm,4890.97021484375,0.0021072416306015984,0.001161139204517289,-0.0006517852510764982
2024-01-29,0.0075567748961808,0.0928048437526589,Calm,4927.93017578125,0.003179731569312358,0.0014528685925983414,0.0
2024-01-30,-0.0006006499345398,0.0930082625144214,Calm,4924.97021484375,0.0024753267300107983,0.0014066388524753175,-0.0006006499345398582
2024-01-31,-0.0161057446115979,0.1103773706307909,Calm,4845.64990234375,-0.0009082078746654017,0.0007742926811313653,-0.01669672063169111
2024-02-01,0.0124936882116097,0.1148660932867342,Calm,4906.18994140625,0.0005384566621152783,0.0016387815962314606,-0.004411636041810071
2024-02-02,0.0106844460775146,0.1133172012072478,Calm,4958.60986328125,0.002805702927833478,0.0025292940248145745,0.0
2024-02-05,-0.0031863375266721,0.1131598526557001,Calm,4942.81005859375,0.0006570804432628983,0.002540819918656713,-0.0031863375266722093
2024-02-06,0.0023104108269635,0.1131337100360592,Calm,4954.22998046875,0.0012392925955635585,0.002563902044759613,-0.0008832884484285097
2024-02-07,0.00824145796339,0.1072548980528128,Calm,4995.06005859375,0.006108733110561138,0.00228422721873787,0.0
2024-02-08,0.0005705832608251,0.1065821786110787,Calm,4997.91015625,0.003724112120404218,0.0023817740730584986,0.0
2024-02-09,0.0057423415255595,0.1066121534928758,Calm,5026.60986328125,0.0027356912100131984,0.002385410722193503,0.0
2024-02-12,-0.0009489536011326,0.1067168333762175,Calm,5021.83984375,0.003183167995121098,0.002372177483015132,-0.0009489536011327217
2024-02-13,-0.0136742556536254,0.1203115232658639,Calm,4953.169921875,-1.3765300996682051e-05,0.0016852617093134272,-0.014610233020612857
2024-02-14,0.0095797632750176,0.1215900671579547,Calm,5000.6201171875,0.000253895761328838,0.002319123781302032,-0.005170432319325558
2024-02-15,0.0058212506847294,0.1186028243464774,Calm,5029.72998046875,0.0013040292461096981,0.0028637974893363084,0.0
2024-02-16,-0.0048034698371121,0.1193793743114889,Calm,5005.56982421875,-0.0008051330264246219,0.0022157626892883035,-0.004803469837112086
2024-02-20,-0.0060053220011653,0.1166915724465759,Calm,4975.509765625,-0.0018164067064311618,0.001343437700426332,-0.010779945455182646
2024-02-21,0.0012641999229821,0.1166505919003029,Calm,4981.7998046875,0.0011712844088903381,0.0012991460204432414,-0.009529373538414702
2024-02-22,0.021122884217414,0.1353771792234201,Normal,5087.02978515625,0.0034799085973696185,0.002165884589750194,0.0
2024-02-23,0.0003479475462115,0.135445172964378,Normal,5088.7998046875,0.0023852479696660376,0.0021437902628182134,0.0
2024-02-26,-0.0037867513501905,0.1364443441254969,Normal,5069.52978515625,0.002588591667050358,0.001712975173394556,-0.0037867513501905897
2024-02-27,0.0017063496993998,0.1361736492834441,Normal,5078.18017578125,0.0041309260071633784,0.0018252673138934225,-0.0020868631728188304
2024-02-28,-0.0016581550604305,0.1350233048674784,Normal,5069.759765625,0.0035464550104808575,0.0013864611254833608,-0.003741557890518988
2024-02-29,0.0052290946971491,0.1354518302058301,Normal,5096.27001953125,0.00036769710642787763,0.0016640680127066416,0.0
2024-03-01,0.0080078289488876,0.1205268875845245,Calm,5137.080078125,0.0018996733869630976,0.002812333420348808,0.0
2024-03-04,-0.0011932620709189,0.115911667835998,Calm,5130.9501953125,0.0024183712428174175,0.0021605738830855416,-0.0011932620709189659
2024-03-05,-0.0101931008834446,0.1190858861775465,Calm,5078.64990234375,3.84811262485376e-05,0.0011664049801827225,-0.011374199913694283
2024-03-06,0.0051411032032746,0.1187441533045283,Calm,5104.759765625,0.0013983327789895575,0.001562949776846851,-0.006291572646030603
2024-03-07,0.0103041279259514,0.1225460644148852,Calm,5157.35986328125,0.0024133394247500177,0.0019436029720367512,0.0
2024-03-08,-0.0065285190034379,0.1236579207939566,Calm,5123.68994140625,-0.0004939301657150826,0.001240270735521137,-0.006528519003437991
2024-03-11,-0.0011222380873464,0.1239122163795052,Calm,5117.93994140625,-0.00047972536900058255,0.0011596601951320176,-0.007643430538104819
2024-03-12,0.0112017879813663,0.1278373200582837,Calm,5175.27001953125,0.0037992524039615976,0.0014196338358847226,0.0
2024-03-13,-0.0019245297153407,0.1281094530680862,Calm,5165.31005859375,0.002386125820238538,0.0013731778304462417,-0.0019245297153407512
2024-03-14,-0.0028710915621273,0.1171154255951499,Calm,5150.47998046875,-0.0002489180773772023,0.001887614215755675,-0.004790095776441314
2024-03-15,-0.0064829174844615,0.1170406544591854,Calm,5117.08984375,-0.00023979777358192224,0.0011227246557804797,-0.01124195946524152
2024-03-18,0.0063180595049523,0.1173043060055598,Calm,5149.419921875,0.0012482617448778177,0.001146382218648237,-0.0049949273291427934
2024-03-19,0.0056491496501236,0.116207402779131,Calm,5178.509765625,0.00013773407862927768,0.0016441260037546987,0.0
2024-03-20,0.0089041739128465,0.1153153591439173,Calm,5224.6201171875,0.0023034748042667177,0.0023541019996600227,0.0
2024-03-21,0.003236535401516,0.1152828785965785,Calm,5241.52978515625,0.0035250001969953774,0.0024480227367330654,0.0
2024-03-22,-0.0014021878490156,0.0936922783343314,Calm,5234.18017578125,0.004541146124084557,0.001375400257379275,-0.0014021878490157063
2024-03-25,-0.0030549644525015,0.0948963028022431,Calm,5218.18994140625,0.0026665413325937973,0.001213356828869132,-0.004452868667482778
2024-03-26,-0.0027997952250302,0.0943007853197813,Calm,5203.580078125,0.0009767523575630378,0.001260354739591051,-0.007240196772080104
2024-03-27,0.0086306265255329,0.0977026503189086,Calm,5248.490234375,0.000922042880100318,0.001590082207502151,0.0
2024-03-28,0.001116485507179,0.0970106779282156,Calm,5254.35009765625,0.000498032901232918,0.0017222079488168891,0.0
2024-04-01,-0.0020135845401164,0.0969561097370422,Calm,5243.77001953125,0.000375753563012758,0.0013773184613280558,-0.002013584540116453
2024-04-02,-0.0072390590731691,0.0981962990347299,Calm,5205.81005859375,-0.000461065361120762,0.000651276174563451,-0.009238067155850868
2024-04-03,0.0010911223646881,0.0979742338717201,Calm,5211.490234375,0.000317118156822898,0.000760056385782832,-0.008157024652842989
2024-04-04,-0.0123343363503796,0.1012175481470849,Calm,5147.2099609375,-0.0038758744183596027,0.0006580927921192605,-0.02039074951753611
2024-04-05,0.0110991941743316,0.1065085670838615,Calm,5204.33984375,-0.0018793326849290825,0.0009418114097886416,-0.009517876231459629
2024-04-08,-0.0003746309983179,0.1009606951133925,Calm,5202.39013671875,-0.0015515419765693822,0.000433299080061532,-0.00988894153830313
2024-04-09,0.0014454931932483,0.0977606112999966,Calm,5209.91015625,0.00018536847671409774,0.0008130139465703986,-0.008457742742736696
2024-04-10,-0.0094569806491084,0.1039096914511286,Calm,5160.64013671875,-0.001924252126045202,0.00041612144362935106,-0.01783473868239198
2024-04-11,0.0074447977105855,0.0997269183982054,Calm,5199.06005859375,0.002031574686147818,0.0002372171450207415,-0.010522716993517927
2024-04-12,-0.0145506882958016,0.1120103553144398,Calm,5123.41015625,-0.0030984018078788218,-0.00036402850166787273,-0.024920292514321978
2024-04-15,-0.012021354947762,0.1188660707630247,Calm,5061.81982421875,-0.0054277465977676425,-0.0007997553295552394,-0.036642071780367255
2024-04-16,-0.0020565070133361,0.1171764851882119,Calm,5051.41015625,-0.0061281466390845215,-0.0005889738785492681,-0.038623224116103944
2024-04-17,-0.0057806027246414,0.1156762743320421,Calm,5022.2099609375,-0.005392871054191122,-0.0011651006513870633,-0.044180561326185364
2024-04-18,-0.0022081601199982,0.1130159193360775,Calm,5011.1201171875,-0.007323462620307862,-0.0015392582594881013,-0.046291163692583966
2024-04-19,-0.0087585481274361,0.1089398051391804,Calm,4967.22998046875,-0.006165034586634762,-0.00238034026140632,-0.054644268434943556
2024-04-22,0.0087312480714667,0.1140523306294328,Calm,5010.60009765625,-0.002014513982789022,-0.002118687277122954,-0.04639013302686604
2024-04-23,0.0119645762708726,0.1240698438195374,Calm,5070.5498046875,0.0007897026740527179,-0.0014821746999854207,-0.03498059504080928
2024-04-24,0.0002130100613548,0.1240643306774581,Calm,5071.6298828125,0.001988425231251958,-0.0013265568659922631,-0.03477503619815017
2024-04-25,-0.0045764303535156,0.1244821030989581,Calm,5048.419921875,0.0015147711845484779,-0.0014111585387772824,-0.03919232102046398
2024-04-26,0.010209142634743,0.1261948602770845,Calm,5099.9599609375,0.005308309336984297,-0.0013359911050053726,-0.029383298381205528
2024-04-29,0.0031784486665891,0.1268999501933621,Calm,5116.169921875,0.004197749456008778,-0.0012378023831287012,-0.026298243020176082
2024-04-30,-0.0157305135868621,0.1364903258791559,Normal,5035.68994140625,-0.0013412685155381617,-0.0018909894805927822,-0.041615071737898725
2024-05-01,-0.003435438815494,0.1352427459502375,Normal,5018.39013671875,-0.002070958290907922,-0.0017098647064177773,-0.04490754452063483
2024-05-02,0.009128437077573,0.1401181441267954,Normal,5064.2001953125,0.000670015195309798,-0.001327135434375639,-0.036189043137526765
2024-05-03,0.0125567397214785,0.1419984479886594,Normal,5127.7900390625,0.0011395346126568979,-0.00014184609762049166,-0.024086719811495478
2024-05-06,0.0103261239070118,0.1412506283520367,Normal,5180.740234375,0.002569069660741438,-0.00017865896749286306,-0.014009318357770705
2024-05-07,0.001343429823275,0.1413459450094152,Normal,5187.7001953125,0.0059838583427688575,-9.684654741701066e-05,-0.012684709070581305
2024-05-08,-5.835618166138978e-06,0.1412357734196432,Normal,5187.669921875,0.0066697789822344295,-0.00016595744319865063,-0.012690470665628712
2024-05-09,0.0050909476986258,0.1381343143432556,Normal,5214.080078125,0.00586228110644499,0.0005268010495505969,-0.0076641294894325375
2024-05-10,0.0016493988445498,0.1359183442923095,Normal,5222.68017578125,0.00368081293105925,0.0002508296749774684,-0.006027371851206994
2024-05-13,-0.0002413040553572,0.1248740274116709,Calm,5221.419921875,0.0015673273385854503,0.0009322289245224398,-0.006267221477293415
2024-05-14,0.0048378131397597,0.1161936219407777,Calm,5246.68017578125,0.00226620400188239,0.0017350464524996637,-0.0014597279839463377
2024-05-15,0.0117159278825962,0.1202547315869502,Calm,5308.14990234375,0.004610556702034857,0.0023908766856392968,0.0
2024-05-16,-0.0020816677921287,0.1177441993667454,Calm,5297.10009765625,0.0031760336038839584,0.002567016444330378,-0.002081667792128683
2024-05-17,0.0011647735102702,0.1165947535203623,Calm,5303.27001953125,0.003079108537028038,0.002727632331486016,-0.000919318953359879
2024-05-20,0.0009163899374069,0.1091657544137639,Calm,5308.1298828125,0.0033106473355808573,0.0031883436679071113,-3.7714705911301817e-06
2024-05-21,0.0025018742439781,0.1072972355696936,Calm,5321.41015625,0.0028434595564245375,0.0028917068189790824,0.0
2024-05-22,-0.0027061230392261,0.1036397376575792,Calm,5307.009765625,-4.0950627939922125e-05,0.0021931020899267637,-0.0027061230392261214
2024-05-23,-0.0073807894850155,0.108683497153135,Calm,5267.83984375,-0.0011007749665172821,0.0018314925877186542,-0.010066939199768624
2024-05-24,0.0070010425881694,0.1074757216189517,Calm,5304.72021484375,6.647884906255778e-05,0.0023828008230369875,-0.0031363756816692005
2024-05-28,0.000248801852934,0.1038128845813462,Calm,5306.0400390625,-6.703876783202217e-05,0.0019084988810460829,-0.0028883541648162163
2024-05-29,-0.0073670465096804,0.1085086169110379,Calm,5266.9501953125,-0.002040822918563722,0.0014063324440808682,-0.010234122035028015
2024-05-30,-0.0059750355854433,0.0932912826569155,Calm,5235.47998046875,-0.002694605427807162,0.001870879015577002,-0.016148008377126304
2024-05-31,0.0080278762048646,0.0935269431440603,Calm,5277.509765625,0.00038712771016885804,0.0024167511594036014,-0.008249766384468402
2024-06-03,0.0011160825806737,0.0903465413632692,Calm,5283.39990234375,-0.000789864291330282,0.0020352104690750635,-0.007142891224350923
2024-06-04,0.0015028090913065,0.0818407167120626,Calm,5291.33984375,-0.000539062843655782,0.0015088328200192542,-0.0056508165349146025
2024-06-05,0.0118476497933313,0.0840461775897394,Calm,5354.02978515625,0.003303876416946558,0.0015812864336535158,0.0
2024-06-06,-0.0001998166356331,0.0842709290420362,Calm,5352.9599609375,0.004458920206908598,0.0015077985070388448,-0.00019981663563322494
2024-06-07,-0.0011152197300303,0.0846089484657011,Calm,5346.990234375,0.0026303010199296177,0.0014549706921881702,-0.00131481352620913
2024-06-10,0.0025808546645145,0.0836916341275398,Calm,5360.7900390625,0.002923255436697778,0.0013354424524685844,0.0
2024-06-11,0.0027103813151374,0.0838223836736441,Calm,5375.31982421875,0.003164769881463958,0.00138596542725847,0.0
2024-06-12,0.0085036727919987,0.0870935158890949,Calm,5421.02978515625,0.002495974481197438,0.0018023928961801796,0.0
2024-06-13,0.0023446558536817,0.0864243163150711,Calm,5433.740234375,0.0030048689790603982,0.001683671120652656,0.0
2024-06-14,-0.0003938606975009,0.0785328962480052,Calm,5431.60009765625,0.003149140785566278,0.0011070145216004132,-0.000393860697500966
2024-06-17,0.0076643865645527,0.080771904188614,Calm,5473.22998046875,0.004165847165573918,0.001571112348109051,0.0
2024-06-18,0.0025213273947457,0.0808225996255045,Calm,5487.02978515625,0.004128036381495578,0.001635710152131694,0.0
2024-06-20,-0.0025259318472709,0.0820785360427288,Calm,5473.169921875,0.001922115453641658,0.0014717900671470368,-0.002525931847270868
2024-06-21,-0.0015621303211011,0.0826413077878824,Calm,5464.6201171875,0.0011407582186850978,0.0012782660402385034,-0.004084116333644407
2024-06-24,-0.00306517189499,0.0828684718238902,Calm,5447.8701171875,0.0006064959791872779,0.001261168475678318,-0.0071367697100326345
2024-06-25,0.0039335900157368,0.0770671807318207,Calm,5469.2998046875,-0.00013966333057590218,0.001799948451904618,-0.0032312528203717627
2024-06-26,0.0015724312002203,0.074709258395114,Calm,5477.89990234375,-0.00032944256948098217,0.0015414431477165653,-0.001663902542901909
2024-06-27,0.0009073212238914,0.0746004429203789,Calm,5482.8701171875,0.00035720804475147783,0.001572801213000251,-0.000758091013102009
2024-06-28,-0.0040836525834456,0.0703910330995296,Calm,5460.47998046875,-0.00014709640771742218,0.001729153304725718,-0.004838647816223575
2024-07-01,0.0026755639309195,0.0646019853952646,Calm,5475.08984375,0.0010010507574644777,0.002141086615028708,-0.002176029996875622
2024-07-02,0.0061953178565135,0.0627842420192657,Calm,5509.009765625,0.001453396325619818,0.0020538219317738937,0.0
2024-07-03,0.005084444409779,0.0635378572918613,Calm,5537.02001953125,0.002155798967531558,0.0022427915426836706,0.0
2024-07-05,0.0054487651784855,0.0644230059717191,Calm,5567.18994140625,0.003064087758450378,0.0024306942135017178,0.0
2024-07-08,0.001016698964751,0.0546605356823015,Calm,5572.85009765625,0.004084158068089698,0.001914934650235989,0.0
2024-07-09,0.0007410719362856,0.0542978437392939,Calm,5576.97998046875,0.0036972596691629183,0.0019597388679464035,0.0
2024-07-10,0.0102080652935148,0.0600785127719527,Calm,5633.91015625,0.004499809156563178,0.0024989429166866464,0.0
2024-07-11,-0.0087630288411204,0.0716255278526457,Calm,5584.5400390625,0.0017303145063832979,0.001958757987846889,-0.008763028841120419
2024-07-12,0.0055170270744306,0.0726491829539466,Calm,5615.35009765625,0.0017439668855723177,0.00209240778590847,-0.0032943476340602145
2024-07-15,0.0028262026252154,0.0689016233159018,Calm,5631.22021484375,0.0021058676176651976,0.001822052063680694,-0.00047745550277650473
2024-07-16,0.0063893754987431,0.0706895903384323,Calm,5667.2001953125,0.0032355283301566977,0.0020146577610645703,0.0
2024-07-17,-0.0139275432419937,0.0895341681770724,Calm,5588.27001953125,-0.0015915933769450022,0.001370196687517294,-0.013927543241993702
2024-07-18,-0.0078164039369225,0.0918518485781436,Calm,5544.58984375,-0.001402268396105422,0.0006330161874470464,-0.021635083875087818
2024-07-19,-0.0071402655319269,0.0953790723788788,Calm,5505.0,-0.003933726917376921,0.00017294033379597017,-0.028620869163341067
2024-07-22,0.0107920356494095,0.1015864683348201,Calm,5564.41015625,-0.002340560312538102,0.0008071292622093226,-0.018137710954259305
2024-07-23,-0.0015581025897707,0.1015852856782826,Calm,5555.740234375,-0.003930055930240862,0.0008073210589393415,-0.019667553129619746
2024-07-24,-0.0231490937547349,0.1308428958329969,Normal,5427.1298828125,-0.005774366032789102,-0.00014905617247708215,-0.0423613608530309
2024-07-25,-0.0051426202378422,0.1310519348573361,Normal,5399.22021484375,-0.005239609292973041,-0.0005812566607427488,-0.047286132699247814
2024-07-26,0.0110904687028463,0.1370339297647632,Normal,5459.10009765625,-0.0015934624460184018,-0.0001280167796653202,-0.036720089371181104
2024-07-29,0.0008133101292933,0.137025366869344,Normal,5463.5400390625,-0.003589207550041642,-0.00013249349845570593,-0.035936644062521915
2024-07-30,-0.0049601718780302,0.1373770174787167,Normal,5436.43994140625,-0.004269621407693542,-0.00017423251248354404,-0.04071856400928244
2024-07-31,0.0157933986591674,0.147916975318699,Normal,5522.2998046875,0.003518877075086918,0.00045042628409968933,-0.02556824986434239
2024-08-01,-0.013693502993456,0.154100240489902,Normal,5446.68017578125,0.0018087005239641578,-0.0004966604230417154,-0.03891163395174363
2024-08-02,-0.0183818608686967,0.1644825297507421,Normal,5346.56005859375,-0.004085765390344442,-0.0016141035315405583,-0.05657822657896582
2024-08-05,-0.0299687983886397,0.1892183351149912,Elevated,5186.330078125,-0.010242187093931042,-0.003300654177594139,-0.08485144350207377
2024-08-06,0.010354085880061,0.1945911158157387,Elevated,5240.02978515625,-0.0071793355423128025,-0.00285601670543652,-0.07537591675508033
2024-08-07,-0.0077346478585028,0.1948318782917833,Elevated,5199.5,-0.011884944845846842,-0.003259622409950254,-0.08252755844047083
2024-08-08,0.0230426115191364,0.2104567166002338,Elevated,5319.31005859375,-0.004537721943328362,-0.0026484535420635107,-0.061386597390100966
2024-08-09,0.0046716768495385,0.2106841424336875,Elevated,5344.16015625,7.298560031867886e-05,-0.0020087056520321344,-0.05700169888646169
2024-08-12,4.303397765514916e-05,0.209067569678995,Elevated,5344.39013671875,0.006075352073577648,-0.0022693719899738226,-0.056961117918642654
2024-08-13,0.0168475797535583,0.218789626397566,Elevated,5434.43017578125,0.007374050848277108,-0.001601687364814637,-0.04107319514207044
2024-08-14,0.0038237284285767,0.2177871312379604,Elevated,5455.2099609375,0.009685726105693009,-0.0017238610348225606,-0.03740651945741092
2024-08-15,0.0161332477643307,0.2214280231304743,Elevated,5543.22021484375,0.008303853354731869,-0.00029239479642616066,-0.021876760339487798
2024-08-16,0.0019897793572614,0.2198294850925169,Elevated,5554.25,0.007767473856276448,0.00017456631282069165,-0.0199305109083537
2024-08-19,0.0097222847369131,0.2205194150152742,Elevated,5608.25,0.009703324008128037,0.0009775448970511678,-0.010401996273443693
2024-08-20,-0.0019845553982971,0.2177790973216585,Elevated,5597.1201171875,0.0059368969777569575,0.0003691357995413297,-0.012365908333883315
2024-08-21,0.004239676828782,0.2180585445864301,Elevated,5620.85009765625,0.0060200866577980175,0.0006452205337581249,-0.008178658960131225
2024-08-22,-0.0089328055481209,0.2035938087605176,Elevated,5570.64013671875,0.0010068759953076978,0.001322186638834982,-0.017038406138116937
2024-08-23,0.0114833708501191,0.2050827384722292,Elevated,5634.60986328125,0.002905594293879238,0.0021139005001664726,-0.005750693624376703
2024-08-26,-0.0031537266931381,0.2031539373581395,Elevated,5616.83984375,0.000330392007868998,0.0014356054813100727,-0.00888628420152767
2024-08-27,0.001595196086545,0.2031418149943338,Elevated,5625.7998046875,0.001046342304837418,0.001472838145941106,-0.0073052634807648795
2024-08-28,-0.0059759732079761,0.2035771417983129,Elevated,5592.18017578125,-0.0009967877025142018,0.0014244666540389201,-0.01323758062990278
2024-08-29,-3.937906806072977e-05,0.1967708621285017,Elevated,5591.9599609375,0.0007818975934978321,0.0006705248575042473,-0.013276438414374933
2024-08-30,0.0100930517744244,0.1920892290300521,Elevated,5648.39990234375,0.0005038337783588922,0.0018032179416890282,-0.003317386420246853
2024-09-03,-0.0211510743977116,0.195956356426642,Elevated,5528.93017578125,-0.0030956357625558074,0.0016713506307835567,-0.024398294530977926
2024-09-04,-0.0016025435809103,0.1594907860315899,Normal,5520.06982421875,-0.0037351836960468677,0.0030221246692468612,-0.025961738781602538
2024-09-05,-0.0030180176155847,0.1584688180668343,Normal,5503.41015625,-0.0031435925775685873,0.002385357836120876,-0.0289014034122132
2024-09-06,-0.0172602498592846,0.1692054074574489,Normal,5408.419921875,-0.006587766735813361,0.0019317577408455525,-0.04566280782731911
2024-09-09,0.0115800702824842,0.1552712160263612,Normal,5471.0498046875,-0.0062903630342014015,0.0013859224438621139,-0.034611516068770866
2024-09-10,0.0044726726528396,0.155219676618862,Normal,5495.52001953125,-0.0011656136240911614,0.0013764460535431189,-0.03029364939732524
2024-09-11,0.0106650258888965,0.1583987012258816,Normal,5554.1298828125,0.0012879002698701985,0.0018822551921736594,-0.019951706063520327
2024-09-12,0.0074953023589392,0.150375333819589,Normal,5595.759765625,0.0033905642647749784,0.0014369086495727497,-0.01260594777410376
2024-09-13,0.0054077114053645,0.1507916517253082,Normal,5626.02001953125,0.007924156517704799,0.0015123364103721687,-0.007266405696292726
2024-09-16,0.0012566297656613,0.1411121632576525,Normal,5633.08984375,0.005859468414340219,0.0008039260294831497,-0.006018907112318642
2024-09-17,0.0002645500810987,0.1410560304141042,Normal,5634.580078125,0.0050178438999920385,0.0007217722544277831,-0.005755949333584688
2024-09-18,-0.002896455862498,0.1376426596464761,Normal,5618.259765625,0.002305547549713139,0.00012087984493201642,-0.008635733342891257
2024-09-19,0.0169768531667633,0.1491773678608286,Normal,5713.64013671875,0.004201857711277959,0.001023804062315845,0.0
2024-09-20,-0.0019410273951238,0.1490349492799142,Normal,5702.5498046875,0.0027321099511802994,0.000729484813558426,-0.001941027395123802
2024-09-23,0.0028092730585327,0.1449374265973299,Normal,5718.56982421875,0.003042638609754579,0.001288631413875264,0.0
2024-09-24,0.002511178844347,0.1402420677172637,Normal,5732.93017578125,0.0034919643624042396,0.0008613841755051639,0.0
2024-09-25,-0.0018612489301417,0.1398467361674299,Normal,5722.259765625,0.0036990057488754994,0.0009229307356478497,-0.0018612489301417141
2024-09-26,0.0040386757171231,0.1402503188223225,Normal,5745.3701171875,0.001111370258947459,0.001039286908532521,0.0
2024-09-27,-0.0012532169669905,0.1382132218268947,Normal,5738.169921875,0.0012489323445741191,0.0012641800628651685,-0.0012532169669905743
2024-09-30,0.0042365525811767,0.1384985009154772,Normal,5762.47998046875,0.001534388249102919,0.0014677958556859989,0.0
2024-10-01,-0.0093241070946643,0.1395911986981779,Normal,5708.75,-0.0008326689386993411,0.0005431692428722511,-0.009324107094664358
2024-10-02,0.0001383909021239,0.1152638529539108,Calm,5709.5400390625,-0.00043274097224622107,0.0015569533047691795,-0.009187006564132755
2024-10-03,-0.001681413492255,0.1152914134364103,Calm,5699.93994140625,-0.001576758814121841,0.001553197594705146,-0.010852972899597418
2024-10-04,0.0089702493952743,0.1167722084270128,Calm,5751.06982421875,0.00046793445833111897,0.0021240674523650993,-0.0019800773779125283
2024-10-07,-0.0095860221658826,0.1029258488329771,Calm,5695.93994140625,-0.002296580491080741,0.002489506866336622,-0.011547118478160385
2024-10-08,0.0096893474955819,0.1010123626982123,Calm,5751.1298828125,0.001506110426968499,0.0023994724479127036,-0.0019696550260859605
2024-10-09,0.0071134119874882,0.102103594247155,Calm,5792.0400390625,0.002901114644041359,0.002525221940038827,0.0
2024-10-10,-0.0020701228399899,0.0987880531509273,Calm,5780.0498046875,0.0028233727744943786,0.0019187862862823318,-0.002070122839990025
2024-10-11,0.0060518475879536,0.0978837886345387,Calm,5815.02978515625,0.0022396924130302386,0.0018500503448068272,0.0
2024-10-14,0.0077076668832223,0.0992517589938651,Calm,5859.85009765625,0.005698430222851219,0.0019595720342286274,0.0
2024-10-15,-0.0076094663324381,0.1046482627518458,Calm,5815.259765625,0.002238667457247219,0.0015373769819381797,-0.007609466332438211
2024-10-16,0.0046791459565738,0.1050881704330281,Calm,5842.47021484375,0.001751814251064339,0.0017475958331512797,-0.0029659261794856132
2024-10-17,-0.0001711604789117,0.1039889839616824,Calm,5841.47021484375,0.0021316067232799787,0.0018773718037982464,-0.003136579009052016
2024-10-18,0.0039715527389487,0.0888524389759279,Calm,5864.669921875,0.0017155477534789986,0.0012580717834261225,0.0
2024-10-21,-0.0018227694906369,0.0887997190213693,Calm,5853.97998046875,-0.0001905395212928413,0.001263703112211213,-0.001822769490636961
2024-10-22,-0.0004748538883844,0.088808246287197,Calm,5851.2001953125,0.0012363829675178988,0.00110731611473897,-0.0022967578298411003
2024-10-23,-0.0091913234280693,0.0954792328776092,Calm,5797.419921875,-0.0015377109094107213,0.0005500541017667654,-0.011466971013860475
2024-10-24,0.0021457720113238,0.0952127750925521,Calm,5809.85986328125,-0.0010743244113636213,0.000740864622788932,-0.009345804507992944
2024-10-25,-0.0002994471699301,0.0945028320021584,Calm,5808.1201171875,-0.0019285243931393813,0.0005342873424530653,-0.009642453103212397
2024-10-28,0.0026514435020339,0.0945402341974203,Calm,5823.52001953125,-0.0010336817946052213,0.000720223555263751,-0.007016576020802535
2024-10-29,0.0016141272481633,0.0937443557642133,Calm,5832.919921875,-0.0006158855672956812,0.0005953461584535891,-0.005413774419183198
2024-10-30,-0.0033002338893437,0.0878502128401974,Calm,5813.669921875,0.0005623323404494388,0.0008821972634688559,-0.008696141586719467
2024-10-31,-0.0186147008716995,0.1108571502732006,Calm,5705.4501953125,-0.003589762236155221,-1.0807106713210768e-05,-0.027148966384044286
2024-11-01,0.0040925095436261,0.1115629329370351,Calm,5728.7998046875,-0.002711370893443981,0.00026414160928112736,-0.02316756424444444
2024-11-04,-0.0028120834782999,0.107364781328188,Calm,5712.68994140625,-0.003804076289510741,-0.00029692186088907266,-0.025914498598100185
2024-11-05,0.0122656445452913,0.1101906791146942,Calm,5782.759765625,-0.0016737728300851406,0.000743633696785875,-0.013966712081182638
2024-11-06,0.0252959277864259,0.1363194496793461,Normal,5929.0400390625,0.004045459505068779,0.0014868041868260655,0.0
2024-11-07,0.0074312297274883,0.1364890764852701,Normal,5973.10009765625,0.009254645624906337,0.0015019383649213084,0.0
2024-11-08,0.0037568333092317,0.1360595092836102,Normal,5995.5400390625,0.00918751037802746,0.001779412467265194,0.0
2024-11-11,0.0009690634297987,0.1351849347829238,Normal,6001.35009765625,0.00994373975964718,0.0015373751264006752,0.0
2024-11-12,-0.0028926596513724,0.1340712890836657,Normal,5983.990234375,0.006912078920314438,0.001032597672372356,-0.0028926596513723923
2024-11-13,0.0002322277248243,0.1304041882444479,Normal,5985.3798828125,0.0018993389079941185,0.001406011675099137,-0.0026611036823175776
2024-11-14,-0.006049734794859,0.1322936461045009,Normal,5949.169921875,-0.0007968539964753414,0.000895112591697575,-0.008694739505636956
2024-11-15,-0.0132034898513612,0.141031513701326,Normal,5870.6201171875,-0.0041889186285939215,0.0002745254787237893,-0.02178342845217527
2024-11-18,0.003917814394541,0.1410138857456014,Normal,5893.6201171875,-0.0035991684356454614,0.0002719665099424702,-0.017950957487186517
2024-11-19,0.00396358482847,0.1413550580425019,Normal,5916.97998046875,-0.002227919539676981,0.0005475071918047036,-0.014058522801469233
2024-11-20,2.195086225209586e-05,0.1413202561026417,Normal,5917.10986328125,-0.0022699749121914228,0.0005711645608826319,-0.014036880535914566
2024-11-21,0.0053404615405816,0.1375879914702313,Normal,5948.7099609375,8.064354896697607e-06,0.0012631543212945793,-0.008771382415984684
2024-11-22,0.0034679590949915,0.1377709751032645,Normal,5969.33984375,0.003342354144167238,0.0013261156109930412,-0.005333842116418303
2024-11-25,0.0030204803059383,0.1377574189967031,Normal,5987.3701171875,0.003162887326446698,0.0014842073955582034,-0.0023294725755475757
2024-11-26,0.0057220056476303,0.1384939179191689,Normal,6021.6298828125,0.0035145714902787575,0.0016304246405866034,0.0
2024-11-27,-0.00380123801744,0.1397666037782564,Normal,5998.740234375,0.002749933714340338,0.0013725501041293032,-0.0038012380174400587
2024-11-29,0.0056077854888152,0.1394201597095628,Normal,6032.3798828125,0.002803398503987058,0.001796741503089251,0.0
2024-12-02,0.0024484564662998,0.1180154170337271,Calm,6047.14990234375,0.0025994979782487182,0.0027997489953749317,0.0
2024-12-03,0.0004514491145146,0.1181867573988586,Calm,6049.8798828125,0.0020856917399639787,0.0026263651654172414,0.0
2024-12-04,0.0060514179242647,0.1170304077615963,Calm,6086.490234375,0.0021515741952908584,0.00304843666077746,0.0
2024-12-05,-0.0018697756269248,0.1131837095362116,Calm,6075.10986328125,0.002537866673393898,0.0023753214144814554,-0.001869775626924769
2024-12-06,0.0024954538421815,0.0766769463557627,Calm,6090.27001953125,0.0019154003440671585,0.001289584559993627,0.0
2024-12-09,-0.0061442139272964,0.0773938116904474,Calm,6052.85009765625,0.00019686626534791836,0.0006431348621467366,-0.006144213927296462
2024-12-10,-0.0029638833139443,0.0774885545827269,Calm,6034.91015625,-0.00048620022034386165,0.00032310073723359366,-0.009089886508104428
2024-12-11,0.0081657860482335,0.0821166244407964,Calm,6084.18994140625,-6.332659555010161e-05,0.0006658018143019175,-0.0009983265282986526
2024-12-12,-0.0054140225278102,0.083937631662169,Calm,6051.25,-0.0007721759757271818,0.000545736915423927,-0.00640694409379459
2024-12-13,-2.646663912420077e-05,0.0839545881978448,Calm,6051.08984375,-0.001276560071988322,0.0005334181361882842,-0.0064332411626415184
2024-12-16,0.0037993543260221,0.081108004831599,Calm,6074.080078125,0.0007121535786753781,0.0010024223800397653,-0.0026583289992610365
2024-12-17,-0.0038639949658014,0.0654353581765887,Calm,6050.60986328125,0.0005321312483039582,0.001447160231733089,-0.006512052195191917
2024-12-18,-0.0294928463516034,0.124887506095083,Calm,5872.16015625,-0.006999595231663422,-0.00014382361332140615,-0.03581283959196891
2024-12-19,-0.000865112324907,0.1240035584186268,Calm,5867.080078125,-0.006089813191082781,-0.00037376157300602524,-0.03664696978795503
2024-12-20,0.0108691237689104,0.1299883991888907,Calm,5930.85009765625,-0.003910695109475861,0.00014277047016817974,-0.026176166469425288
2024-12-23,0.0072872734685336,0.1311390933460392,Normal,5974.06982421875,-0.0032131112809735607,0.00023547580007065596,-0.0190796458843123
2024-12-24,0.0110427592553921,0.1360258263374235,Normal,6040.0400390625,-0.00023176043673486107,0.0005961805696135417,-0.008247578565098834
2024-12-26,-0.0004056587864739,0.1357739874926976,Normal,6037.58984375,0.005585677076291038,0.00043303108902248465,-0.00864989164886069
2024-12-27,-0.0110557361012355,0.1399153796285406,Normal,5970.83984375,0.0035475523210253385,-0.00036590899425683915,-0.01960999683072216
2024-12-30,-0.0107019957017667,0.1440318004453051,Normal,5906.93994140625,-0.0007666715731100809,-0.0006945165030343011,-0.030102126430694837
2024-12-31,-0.0042848003949274,0.1426478103560921,Normal,5881.6298828125,-0.003081086345802281,-0.001165592021307758,-0.03425794522240385
2025-01-02,-0.0022238866412221,0.1420733550047972,Normal,5868.5498046875,-0.005734415525125122,-0.0013880845502373725,-0.03640564607689022
2025-01-03,0.0125960267214919,0.1500590031988019,Normal,5942.47021484375,-0.0031340784235319606,-0.0008097713308575009,-0.02426818584619598
2025-01-06,0.0055380450854503,0.1497735086265187,Normal,5975.3798828125,0.0001846778138051987,-0.0008342176565153297,-0.018864539068104036
2025-01-07,-0.0111039128821078,0.1539360581027622,Normal,5909.02978515625,0.00010429437773697842,-0.0012739384781907104,-0.02975898175183857
2025-01-08,0.0015603601909253,0.1536814220008196,Normal,5918.25,0.0012733264949075184,-0.0013184667472981486,-0.02824505629136126
2025-01-10,-0.0154116438030668,0.1605478241542388,Normal,5827.0400390625,-0.0013642249374614217,-0.0017597729318586438,-0.043221397347668014
2025-01-13,0.0015754440882007,0.1608885648772498,Normal,5836.22021484375,-0.003568341464119662,-0.0015436144841374534,-0.04171404615440244
2025-01-14,0.001146279811244,0.1573496137351966,Normal,5842.91015625,-0.004446694518960921,-0.001877876685898858,-0.04061558231211045
2025-01-15,0.0183127922796391,0.1714646453351705,Normal,5949.91015625,0.0014366465133884589,-0.0007480283617346056,-0.023046574754669594
2025-01-16,-0.0021126894641922,0.1715063205159904,Normal,5937.33984375,0.000702036582364959,-0.0008473723057854628,-0.02511057396319196
2025-01-17,0.0099910589693537,0.1749271209874287,Normal,5996.66015625,0.005782577136849059,-0.000552529227531577,-0.015370396219058752
2025-01-21,0.0087682271055828,0.1773703147983679,Normal,6049.240234375,0.007221133740325479,4.900515682005156e-05,-0.006736940238227391
2025-01-22,0.0061379415222275,0.1420188688325279,Normal,6086.3701171875,0.008219466082522178,0.0017457093412881896,-0.0006403496612207949
2025-01-23,0.0053134862204113,0.1422003985464546,Normal,6118.7099609375,0.005619604870676619,0.00203992831963668,0.0
2025-01-24,-0.0028551323193988,0.1393830244184397,Normal,6101.240234375,0.005471116299635299,0.00138639231543148,-0.002855132319398796
2025-01-27,-0.0145807156908095,0.1480348495670076,Normal,6012.27978515625,0.0005567613676026584,0.00034505949831990394,-0.017394218137599535
2025-01-28,0.0092178694499676,0.1465002452373371,Normal,6067.7001953125,0.0006466898364796188,0.00025815998377588014,-0.008336686319608514
2025-01-29,-0.0046788957603215,0.1474887528227917,Normal,6039.31005859375,-0.0015166776200301812,5.4672508830756326e-05,-0.012976575593654133
2025-01-30,0.0052754144053117,0.1427619588706554,Normal,6071.169921875,-0.0015242919830501013,0.000832346342475861,-0.007769618002160701
2025-01-31,-0.0050468257540199,0.1382786531643678,Normal,6040.52978515625,-0.001962630669974321,0.0011016401495114229,-0.012777231847948442
2025-02-03,-0.0076085976846667,0.1403735162393574,Normal,5994.56982421875,-0.0005682070687457613,0.0009433640880952656,-0.02028861271596038
2025-02-04,0.0072248818286797,0.1414988479604099,Normal,6037.8798828125,-0.0009668045930033411,0.0013933054438048753,-0.013210313716621295
2025-02-05,0.0039086729306143,0.1359229593746002,Normal,6061.47998046875,0.0007507091451838189,0.000979621929953561,-0.009353275581636051
2025-02-06,0.0036442987226186,0.1352795152909769,Normal,6083.56982421875,0.00042448600864519894,0.0008894435317234801,-0.0057430629892719865
2025-02-07,-0.0094647701115428,0.1335566785092515,Normal,6025.990234375,-0.00045910286285938114,0.0009674979493694323,-0.01515347632988533
2025-02-10,0.0067125410858628,0.1350292569581614,Normal,6066.43994140625,0.002405124891246519,0.0012128398967474086,-0.008542653576480565
2025-02-11,0.0003395827888592,0.1208773860541779,Calm,6068.5,0.0010280650832824188,0.001962898305886742,-0.008205971725747056
2025-02-12,-0.0027238667143857,0.1219636386372121,Calm,6051.97021484375,-0.0002984428457175812,0.001758169220049294,-0.010907486466889866
2025-02-13,0.0104262921222306,0.1255605769822559,Calm,6115.06982421875,0.001057955834204819,0.002200074568191513,-0.0005949189848822746
2025-02-14,-7.194380749464546e-05,0.1111597659326394,Calm,6114.6298828125,0.00293652109501445,0.0013246109449946682,-0.0006668199916400117
2025-02-18,0.0024449877750611,0.1105032884436119,Calm,6129.580078125,0.00208301043285411,0.0015416431944829205,0.0
2025-02-19,0.0023769693899173,0.1062329371782655,Calm,6144.14990234375,0.00249048775306573,0.0011790675002240445,0.0
2025-02-20,-0.0043341850761716,0.1041139794181,Calm,6117.52001953125,0.00216842408070855,0.000555143110616692,-0.004334185076171685
2025-02-21,-0.0170641267025635,0.1184716595412351,Calm,6013.1298828125,-0.0033296596842502706,-0.0005497172810400222,-0.021324352695443034
2025-02-24,-0.0049691065044024,0.1174096824957391,Calm,5983.25,-0.004309092223631821,-0.0010393645536501985,-0.026187496220164332
2025-02-25,-0.0046797309154723,0.1179341861232761,Calm,5955.25,-0.0057340359617385015,-0.00112625020108227,-0.030744676699976374
2025-02-26,0.0001360242800469,0.1073206110470206,Calm,5956.06005859375,-0.006182224983712582,-0.0004254530596129176,-0.030612834442442748
2025-02-27,-0.0158645536555098,0.1138943632466057,Calm,5861.56982421875,-0.008488298699580222,-0.0016198541598737462,-0.04599172914339328
2025-02-28,0.0158541446349889,0.1282511093522443,Calm,5954.5,-0.0019046444320697416,-0.0006420903315256319,-0.030866744034257054
2025-03-03,-0.0175967394669998,0.138979318372852,Normal,5849.72021484375,-0.004430171024589221,-0.0017312405159214176,-0.04792032944829141
2025-03-04,-0.0122348266022004,0.1433033022410729,Normal,5778.14990234375,-0.005941190161934841,-0.0020735262705966796,-0.05956885912897169
2025-03-05,0.0111592778931879,0.1488113560216369,Normal,5842.6298828125,-0.003736539439306641,-0.0011798179097464603,-0.04907432668858422
2025-03-06,-0.0178190070857499,0.1560990701636918,Normal,5738.52001953125,-0.004127430125354662,-0.0023723840485288224,-0.06601887799934182
2025-03-07,0.005520617802748,0.1570135121079212,Normal,5770.2001953125,-0.006194135491802842,-0.0022956247689034084,-0.06086272518979444
2025-03-10,-0.0269730913054258,0.1769727125922097,Normal,5614.56005859375,-0.008069405859488041,-0.0037535957226198084,-0.0861941606515789
2025-03-11,-0.0075678653236531,0.1763221892265905,Normal,5572.06982421875,-0.007136013603778582,-0.003663266923196489,-0.09310972017573564
2025-03-12,0.0048868699294464,0.1750775611489559,Normal,5599.2998046875,-0.008390495196526883,-0.003750203644930604,-0.08867786533795526
2025-03-13,-0.0138909842068353,0.1778078214534494,Normal,5521.52001953125,-0.007604890620743962,-0.004427849692344627,-0.10133702671788515
2025-03-14,0.0212658690830878,0.1988764405605081,Elevated,5638.93994140625,-0.004455840364676001,-0.0032854813210363657,-0.08222617757824925
2025-03-17,0.0064161307191059,0.1958549397974839,Elevated,5675.1201171875,0.0022220040402303387,-0.0034764413878518273,-0.0763376207630178
2025-03-18,-0.0106535121176365,0.1969643734802165,Elevated,5614.66015625,0.0016048746814336593,-0.0039803255930966775,-0.08617786911282399
2025-03-19,0.0107984955678945,0.2024473263423338,Elevated,5675.2900390625,0.0027871998091232794,-0.0035825395077236583,-0.07630996488259482
2025-03-20,-0.0021848931523151,0.2013691838863925,Elevated,5662.89013671875,0.00512841802002732,-0.0037997710573537727,-0.07832812891518458
2025-03-21,0.0008246534476661,0.2019887034371666,Elevated,5667.56005859375,0.0010401748929429796,-0.003554112080028168,-0.07756806902907754
2025-03-24,0.0176460001466336,0.2084221828178365,Elevated,5767.56982421875,0.003286148778448519,-0.001901248896733068,-0.06129083503990513
2025-03-25,0.0015743334544251,0.2084411959009711,Elevated,5776.64990234375,0.00573171789286084,-0.0015896565177412822,-0.05981299379753305
2025-03-26,-0.0111569349226271,0.2108448749077617,Elevated,5712.2001953125,0.0013406317947565198,-0.0018980948037962725,-0.07030259904083366
2025-03-27,-0.0033069808607638,0.2107636708012212,Elevated,5693.31005859375,0.0011162142530667795,-0.002062047429549163,-0.07337709055210753
2025-03-28,-0.019737220708344,0.2143555429904901,Elevated,5580.93994140625,-0.002996160578135241,-0.0022464601463507918,-0.09166605142928848
2025-03-31,0.0055385215706533,0.206203599759948,Elevated,5611.85009765625,-0.005417656293331301,-0.002737680292271535,-0.08663522426177277
2025-04-01,0.0037812354559083,0.1999979802806716,Elevated,5633.06982421875,-0.004976275893034661,-0.0017196814864187677,-0.08318157698757368
2025-04-02,0.0067281947157926,0.1982157749459422,Elevated,5670.97021484375,-0.0013992499653507208,-0.0008166804712762441,-0.07701304411852007
2025-04-03,-0.0483956333599014,0.2527402204302048,Crisis,5396.52001953125,-0.01041698046517824,-0.003652628626185259,-0.12168158243133176
2025-04-04,-0.059749605345531,0.3161402203336106,Crisis,5074.080078125,-0.01841945739261564,-0.00564932378141293,-0.17416076124877108
2025-04-07,-0.0023314724921273,0.3138061129916146,Crisis,5062.25,-0.019993456205171758,-0.0060232328430736585,-0.17608618271683898
2025-04-08,-0.0157005245629413,0.3066723446984698,Crisis,4982.77001953125,-0.023889808208941682,-0.005486443950574397,-0.18902206184284007
2025-04-09,0.0951538764490484,0.4639839001848746,Crisis,5456.89990234375,-0.006204671862290523,-0.0005949324375886112,-0.11185436731252948
2025-04-10,-0.0346075795847269,0.4780616893411811,Crisis,5268.0498046875,-0.003447061107255621,-0.0024756205096921014,-0.1425909379785888
2025-04-11,0.0180920952017089,0.4812665638192452,Crisis,5363.35986328125,0.01212127900219236,-0.0009526167283328539,-0.1270786116016895
2025-04-14,0.0079447123908689,0.4756977512850691,Crisis,5405.97021484375,0.014176515978791599,-0.0015869575232004209,-0.12014350223102689
2025-04-15,-0.0017277808903947,0.4748071016354458,Crisis,5396.6298828125,0.01697106471330092,-0.0019747628379385446,-0.12166370147416174
2025-04-16,-0.0224083715440897,0.4792397571624706,Crisis,5275.7001953125,-0.006541384885326698,-0.0025345180487220307,-0.14134578759218924
2025-04-17,0.0013268380955802,0.4770376209373329,Crisis,5282.7001953125,0.0006454986507347208,-0.002985549356927473,-0.14020649247223624
2025-04-21,-0.0235674930238275,0.482307010018551,Crisis,5158.2001953125,-0.0076864189943725595,-0.0040037683984280635,-0.16046966996282908
2025-04-22,0.0251172047238952,0.492602694422368,Crisis,5287.759765625,-0.004251920527767299,-0.002846980242417154,-0.1393830147913662
2025-04-23,0.01666113847096,0.4920980071663374,Crisis,5375.85986328125,-0.0005741366554963586,-0.0028938784174492305,-0.12504415603034486
2025-04-24,0.0202591137082812,0.4984513890540692,Crisis,5484.77001953125,0.007959360394977822,-0.002004126976789416,-0.10731832609763844
2025-04-25,0.0073731334699984,0.4982972748305854,Crisis,5525.2099609375,0.009168619469861462,-0.001121742767616773,-0.1007364649697347
2025-04-28,0.0006407067039131,0.4982667896722438,Crisis,5528.75,0.014010259415409582,-0.0009337576454893018,-0.10016030079425622
2025-04-29,0.005802410694099,0.4939586848718664,Crisis,5560.830078125,0.01014730060945034,0.00028241527843655544,-0.09493906130060996
2025-04-30,0.0014799913597656,0.4936144996880819,Crisis,5569.06005859375,0.007111071187211461,8.915193506095065e-05,-0.09359957893127346
2025-05-01,0.0062991021385856,0.4939287536891163,Crisis,5604.14013671875,0.004319068873272341,0.00020905034852177444,-0.0878900701005045
2025-05-02,0.0147265741296347,0.4960315472532505,Crisis,5686.669921875,0.005789757005199602,0.0005899255587047315,-0.07445781560346362
2025-05-05,-0.0063815975889338,0.4640752142379626,Crisis,5650.3798828125,0.004385296146630221,0.0025905939287508076,-0.08036425337586511
2025-05-06,-0.0076932396518555,0.4075598616984771,Crisis,5606.91015625,0.001686166077439321,0.005069468485592497,-0.08743923156705768
2025-05-07,0.0043463562331358,0.4066874989176127,Crisis,5631.27978515625,0.0022594390521133607,0.0053874603296526465,-0.08347291738306391
2025-05-08,0.0057997750948355,0.3993948509210449,Crisis,5663.93994140625,0.002159573643363341,0.006411284122880112,-0.07815726643555992
2025-05-09,-0.0007114809122162,0.2354002370817583,Elevated,5659.91015625,-0.0009280373650068389,0.001846267105677037,-0.07881313994455631
2025-05-12,0.0325587827490083,0.2187409724564682,Elevated,5844.18994140625,0.00686003870258158,0.00504466531204538,-0.04882041709676991
2025-05-13,0.0072482009835321,0.213759848438635,Elevated,5886.5498046875,0.009848326829659101,0.004528289396894104,-0.041926076308454935
2025-05-14,0.0010244155978598,0.2137104673091875,Elevated,5892.580078125,0.009183938702603903,0.00419875145436986,-0.04094461043712265
2025-05-15,0.0041323320741357,0.2126242111554649,Elevated,5916.93017578125,0.008850450098463941,0.004477804452680832,-0.036981475089959095
2025-05-16,0.0070052722948985,0.1888447253462473,Elevated,5958.3798828125,0.01039380073988688,0.005878454159299318,-0.03023526809793265
2025-05-19,0.0008761131291423,0.1889880065172986,Elevated,5963.60009765625,0.004057266815913682,0.005856991065659419,-0.02938564448413399
2025-05-20,-0.0038802294486252,0.1605287510439098,Normal,5940.4599609375,0.0018315807294822216,0.006794479807335718,-0.03315185088966504
2025-05-21,-0.0161351306610142,0.1647513008566483,Normal,5844.60986328125,-0.0016003285222925784,0.004830082884244794,-0.04875207210492005
2025-05-22,-0.0004448710379429,0.1598572729210056,Normal,5842.009765625,-0.0025157691447082985,0.004015511002868465,-0.0491752547579439
2025-05-23,-0.0067082978253216,0.1524547000462562,Normal,5802.81982421875,-0.005258483168752318,0.0027313485488873798,-0.05555367032871319
2025-05-27,0.0204590558452733,0.1637926471963139,Normal,5921.5400390625,-0.001341894625526119,0.0033544877096147556,-0.036231190127105
2025-05-28,-0.0055712254172688,0.1664809467577997,Normal,5888.5498046875,-0.0016800938192548388,0.0030586814181299033,-0.04160056341703979
2025-05-29,0.0040111942619043,0.1662244231824817,Normal,5912.169921875,0.002349171165328861,0.0029733853975492035,-0.03775623709640594
2025-05-30,-8.118516130162234e-05,0.1664889146789115,Normal,5911.68994140625,0.0024219083406571166,0.0028990436584507644,-0.03783435701150874
2025-06-02,0.0041020419271569,0.1660970687192043,Normal,5935.93994140625,0.004583976291152816,0.0027944217436208264,-0.0338875132031001
2025-06-03,0.0058002904546055,0.1608114807418488,Normal,5970.3701171875,0.001652223213019257,0.0023693606162384835,-0.02828378016785689
2025-06-04,7.36874595066439e-05,0.1579140100548357,Normal,5970.81005859375,0.002781205788374346,0.002676755142354695,-0.02821217686825605
2025-06-05,-0.0052773834030941,0.1561267113826134,Normal,5939.2998046875,0.0009234902553746655,0.0027917959161052382,-0.03334067379738046
2025-06-06,0.0102806830100679,0.1582106873614129,Normal,6000.35986328125,0.00299586388964857,0.003074382905482957,-0.02340275568596557
2025-06-09,0.0009199480792858,0.1580545101743857,Normal,6005.8798828125,0.00235944512007435,0.002842010190456781,-0.022504336926822938
2025-06-10,0.0054829894076784,0.1577560884998491,Normal,6038.81005859375,0.00229598491068893,0.003136984967594619,-0.01714473856014109
2025-06-11,-0.0027438889546078,0.1169097587797724,Calm,6022.240234375,0.0017324696278660414,0.001455905362660519,-0.0198415842559841
2025-06-12,0.0038224199557175,0.115363236636829,Calm,6045.259765625,0.0035524302996283613,0.0012927729327645858,-0.016095007167879698
2025-06-13,-0.0112963798792506,0.1233435083525342,Calm,5976.97021484375,-0.0007629822782353385,0.0007060683862355191,-0.027209571732002755
2025-06-16,0.0093926598961591,0.1264905531941827,Calm,6033.10986328125,0.0009315600851393213,0.0009565601872842524,-0.01807248208904256
2025-06-17,-0.0083521847901663,0.128410195943189,Calm,5982.72021484375,-0.001835474754429619,0.00022525270704307145,-0.02627372216918421
2025-06-18,-0.000309240210107,0.1284001455737168,Calm,5980.8701171875,-0.0013485450055294589,0.00016880730993596192,-0.026574837487927373
2025-06-20,-0.0021786584865058,0.127858204583138,Calm,5967.83984375,-0.0025487606939741192,0.00024983449860831424,-0.028695598479212672
2025-06-23,0.0096065041331563,0.1169211346700624,Calm,6025.169921875,0.001631816108507261,0.0014756266316640523,-0.019364758731450195
2025-06-24,0.0111217201797018,0.1213103503911463,Calm,6092.18017578125,0.001977628165215801,0.0020264166896471333,-0.008458407979706942
2025-06-25,-3.2861029504172024e-06,0.1173874565078595,Calm,6092.16015625,0.003647407902658978,0.002345702962140999,-0.008461666287457923
2025-06-26,0.0080201212752302,0.0997933245163839,Calm,6141.02001953125,0.005313280199726418,0.001753372744519899,-0.0005094086020437219
2025-06-27,0.0052189708852221,0.0967687686318429,Calm,6173.06982421875,0.006792806074071999,0.002267191616067085,0.0
2025-06-30,0.0051644274245326,0.0971124978247466,Calm,6204.9501953125,0.005904390732347258,0.0023221074809541466,0.0
2025-07-01,-0.0011185310871218,0.0975016667936521,Calm,6198.009765625,0.0034563404789825377,0.002272710055915091,-0.001118531087121878
2025-07-02,0.004745096791088,0.0976789719096532,Calm,6227.419921875,0.004406017057790221,0.002303331716102286,0.0
2025-07-03,0.0083389552066073,0.099208039222622,Calm,6279.35009765625,0.004469783844065642,0.002424220513816657,0.0
2025-07-07,-0.0078622972791287,0.1052048901511496,Calm,6229.97998046875,0.0018535302111954814,0.0020463164786435457,-0.007862297279128816
2025-07-08,-0.0007158868810946,0.1023518379081803,Calm,6225.52001953125,0.0006774673500700414,0.00226353059873876,-0.00857255564474609
2025-07-09,0.0060621034026635,0.0991824913938896,Calm,6263.259765625,0.0021135942480271014,0.0020626458555290266,-0.0025624199608261485
2025-07-10,0.0027462050044453,0.0991191217992429,Calm,6280.4599609375,0.0017138158906985612,0.0021496104710128122,0.0
2025-07-11,-0.0032975229626984,0.10006096115058,Calm,6259.75,-0.0006134797431625785,0.001731490834328203,-0.003297522962698511
2025-07-14,0.0014074138094573,0.0987462079198295,Calm,6268.56005859375,0.0012404624745546214,0.0019291719183313026,-0.0018947501325959687
2025-07-15,-0.0039562982147312,0.1005275761854823,Calm,6243.759765625,0.0005923802078273014,0.001558756767357555,-0.005843552150760256
2025-07-16,0.0031936574173276,0.0890577802640579,Calm,6263.7001953125,1.8691010760121372e-05,0.0022487585433850882,-0.002668557037102459
2025-07-17,0.0053737674089093,0.0860325507366073,Calm,6297.35986328125,0.0005442034916529214,0.0020573827106589076,0.0
2025-07-18,-9.048620868445932e-05,0.0778039194351143,Calm,6296.7900390625,0.0011856108424557095,0.0024507969288247093,-9.048620868445847e-05
2025-07-21,0.0013991348828683,0.0772635096383061,Calm,6305.60009765625,0.0011839550571379096,0.0025321481237282955,0.0
2025-07-22,0.0006375316336257,0.0757000961815427,Calm,6309.6201171875,0.00210272102680929,0.0026662524151631287,0.0
2025-07-23,0.0078118869515191,0.073859894248454,Calm,6358.91015625,0.0030263669336475897,0.0025807944541327856,0.0
2025-07-24,0.0006982236416543,0.0671983060358361,Calm,6363.35009765625,0.0020912581801965898,0.0020844374761305236,0.0
2025-07-25,0.0039743277792958,0.0670537433073018,Calm,6388.64013671875,0.002904220977792642,0.0022738476609993914,0.0
2025-07-28,0.0001768581088181,0.0640207271505924,Calm,6389.77001953125,0.002659765622982602,0.0019003589387892915,0.0
2025-07-29,-0.0029594423887242,0.0649410358186625,Calm,6370.85986328125,0.001940370818512622,0.0015109106876489912,-0.0029594423887242247
2025-07-30,-0.0012494327466496,0.0641909190973593,Calm,6362.89990234375,0.00012810687887888174,0.001205488774735553,-0.004205177511141657
2025-07-31,-0.003694819341153,0.0659621279553536,Calm,6339.39013671875,-0.0007505017176825783,0.0010828083816864485,-0.007884459481093474
2025-08-01,-0.0159921331401484,0.0871639990086473,Calm,6238.009765625,-0.004743793901571418,9.53212421037627e-05,-0.023750503295482152
2025-08-04,0.014737100330916,0.0970461014686613,Calm,6329.93994140625,-0.0018317454571518375,0.0003999948194517961,-0.009363416514541333
2025-08-05,-0.0048578659963033,0.0943435910874404,Calm,6299.18994140625,-0.002211430178667658,0.0005430629757768151,-0.014175796288149491
2025-08-06,0.0072819072950924,0.0970286319046515,Calm,6345.06005859375,-0.0005051621703192578,0.0009239103175000057,-0.006997115827461329
2025-08-07,-0.0007974800154801,0.0953467684316651,Calm,6340.0,7.430569481532241e-05,0.0005972634880645961,-0.007789015782903107
2025-08-08,0.0077997153489748,0.0983418844958536,Calm,6389.4501953125,0.004832675392639962,0.0008379068378040961,-5.0052539883659555e-05
2025-08-11,-0.0025041278217863,0.0979591649753961,Calm,6373.4501953125,0.0013844297620995017,0.0008756875587999104,-0.002554055023712295
2025-08-12,0.0113454358466127,0.1044716896013807,Calm,6445.759765625,0.004625090130682702,0.001348926703426358,0.0
2025-08-13,0.0032300788824048,0.1028265694118484,Calm,6466.580078125,0.003814724448145182,0.0016911351366233102,0.0
2025-08-14,0.0003030908012924,0.1027819085957752,Calm,6468.5400390625,0.004034838611499681,0.0015534891072883008,0.0
2025-08-15,-0.0028971350972291,0.1029017322955812,Calm,6449.7998046875,0.0018954685222589015,0.0011596366069959961,-0.002897135097229152
2025-08-18,-0.0001007631807854,0.1029033115757373,Calm,6449.14990234375,0.0023761414504590815,0.0011591472273721416,-0.002997606353467089
2025-08-19,-0.0058581031187567,0.1057223347091743,Calm,6411.3701171875,-0.0010645663426147984,0.0008135644653899988,-0.008838149185095833
2025-08-20,-0.0024316693228262,0.1063196456442048,Calm,6395.77978515625,-0.0021969159836609984,0.0006674120388922893,-0.011248327051678157
2025-08-21,-0.0040041815293089,0.104172581327278,Calm,6370.169921875,-0.003058370449781258,0.00010474211123381314,-0.015207468237571117
2025-08-22,0.0151864448768934,0.1165654809377954,Calm,6466.91015625,0.0005583455450432418,0.0007946574081499608,-0.0002519707387845469
2025-08-25,-0.0042663855480634,0.1172267643052581,Calm,6439.31982421875,-0.0002747789284123584,0.0004022424877995226,-0.004517281282529551
2025-08-26,0.0041339951911349,0.1179302598092054,Calm,6465.93994140625,0.0017236407335659613,0.0005906775869574656,-0.0004019605104936226
2025-08-27,0.0023909843081744,0.1173558929922877,Calm,6481.39990234375,0.0026881714597660816,0.0008454598106193036,0.0
2025-08-28,0.0031567194195349,0.1173574423519956,Calm,6501.85986328125,0.004120351649534842,0.001055276580437613,0.0
2025-08-29,-0.0063981842935716,0.1190968798064707,Calm,6460.259765625,-0.0001965741845581584,0.0009265449160367275,-0.006398184293571648
2025-09-02,-0.0069222799368615,0.1063215663956875,Calm,6415.5400390625,-0.0007277530623177783,0.0013584426876218178,-0.01327617420766549
2025-09-03,0.0051000736279842,0.0957585231964866,Calm,6448.259765625,-0.0005345373749479183,0.000899536654148875,-0.008243810045638233
2025-09-04,0.0083464864096993,0.0966756429568036,Calm,6502.080078125,0.0006565630453570618,0.001528315340148999,0.0
2025-09-05,-0.0031651529783888,0.0956093514697079,Calm,6481.5,-0.0006078114342276781,0.001030836279507037,-0.003165152978388827
2025-09-08,0.0021059789159529,0.0954386517795437,Calm,6495.14990234375,0.0010930212076772218,0.0011690962286228942,-0.0010658398078739826
2025-09-09,0.0026881536531127,0.0925633511575457,Calm,6512.60986328125,0.003015107925672062,0.0009256885288199372,0.0
2025-09-10,0.0029834699435626,0.0919512812542024,Calm,6532.0400390625,0.0025917871887877414,0.0011870027081222656,0.0
2025-09-11,0.0084858903879598,0.088437208758961,Calm,6587.47021484375,0.002619667984439842,0.001050833876757842,0.0
2025-09-12,-0.0004827613146674,0.0882194090431741,Calm,6584.2900390625,0.003156146317184122,0.0008740319626115466,-0.00048276131466735316
2025-09-15,0.0047066192269626,0.089173988141818,Calm,6615.27978515625,0.003676274379386062,0.0010837237924053657,0.0
2025-09-16,-0.0012879303382402,0.0884400532023118,Calm,6606.759765625,0.002881057581115482,0.0011603525904524562,-0.0012879303382402232
2025-09-17,-0.0009701681605103,0.0886472965352434,Calm,6600.35009765625,0.0020903299603009023,0.001118952353322699,-0.0022568489897434275
2025-09-18,0.0047891191851283,0.0857128317604535,Calm,6631.9599609375,0.001350975719734602,0.0016259629392219846,0.0
2025-09-19,0.0048854188708296,0.0850939336580824,Calm,6664.35986328125,0.002424611756834002,0.0019743957103484514,0.0
2025-09-22,0.004410046474333,0.0826007234651761,Calm,6693.75,0.002365297206308082,0.002375073234331399,0.0
2025-09-23,-0.0055021591970121,0.0726626094443721,Calm,6656.919921875,0.0015224514345537018,0.0013899016117644703,-0.005502159197012138
2025-09-24,-0.0028466178433332,0.0714259912536561,Calm,6637.97021484375,0.0011471614979891218,0.0014575095977040038,-0.00833311449579832
2025-09-25,-0.0050090613431266,0.0740819970766591,Calm,6604.72021484375,-0.0008124746076618582,0.0010221259532153608,-0.013300434757236228
2025-09-26,0.0059018367471712,0.0758759709877878,Calm,6643.7001953125,-0.0006091910323935383,0.0011893094026913988,-0.007477095004668534
2025-09-29,0.0026355442163621,0.0757270311745025,Calm,6661.2099609375,-0.0009640914839877182,0.0011644915358736466,-0.00486125700280112
2025-09-30,0.0040908483833717,0.0711043391797949,Calm,6688.4599609375,0.0009545100320890417,0.001663969282394756,-0.0007902952847805789
2025-10-01,0.0033999208349619,0.064038664023118,Calm,6711.2001953125,0.002203817767748062,0.002155502652481585,0.0
2025-10-02,0.0006183547238911,0.063319999280437,Calm,6715.35009765625,0.0033293009811516013,0.0019420874665723893,0.0
2025-10-03,6.551280273581206e-05,0.0591256560072653,Calm,6715.7900390625,0.0021620361922645237,0.0015477553900503187,0.0
2025-10-06,0.0036465919796933,0.0569529872736994,Calm,6740.27978515625,0.002364245744930764,0.0018721241975780377,0.0
2025-10-07,-0.0038114057910215,0.0602408174796892,Calm,6714.58984375,0.0007837949100521239,0.0015903439734363996,-0.0038114057910215472
2025-10-08,0.005827663640568,0.0619200152970723,Calm,6753.72021484375,0.0012693434711733439,0.001739844449029509,0.0
2025-10-09,-0.0027555704071953,0.0636354416848301,Calm,6735.10986328125,0.000594558444956064,0.001466556813279133,-0.002755570407195282
2025-10-10,-0.0271116732114136,0.1138374028188576,Calm,6552.509765625,-0.004840878757873819,-0.00022856526288150543,-0.029792535494217995
2025-10-13,0.0155986717875575,0.1263300862051374,Calm,6654.72021484375,-0.0024504627963009783,0.0005372172657958708,-0.014658587689553913
2025-10-14,-0.0015643266604626,0.125587842793888,Calm,6644.31005859375,-0.0020010469701891983,0.00023860079496609938,-0.01619998353048909
2025-10-15,0.0040260011595036,0.126121930091578,Calm,6671.06005859375,-0.0023613794664020787,0.0004916451520015184,-0.01223920352346316
2025-10-16,-0.0062943870998294,0.1282304210931283,Calm,6629.06982421875,-0.0030691428049288982,0.00023811091679584698,-0.018456552338522336
2025-10-17,0.0052707155502571,0.1284564369357499,Calm,6664.009765625,0.0034073349474052416,0.00026104407704007553,-0.013283116025680003
2025-10-20,0.0106722708532569,0.1325793139452319,Normal,6735.1298828125,0.002422054760545122,0.0005366084571556613,-0.0027526061844242527
2025-10-21,3.2696450934288634e-05,0.1318329734028608,Normal,6735.35009765625,0.0027414593828244994,0.00032816321794619887,-0.002719999733942932
2025-10-22,-0.0053375392208654,0.1317424435295954,Normal,6699.39990234375,0.0008687513067506996,0.000336002264429375,-0.008043020849547692
2025-10-23,0.0058273934429324,0.1325264494497878,Normal,6738.43994140625,0.0032931074153030593,0.0007490504209182131,-0.0022624972535753044
2025-10-24,0.0079024225878738,0.1330045994317897,Normal,6791.68994140625,0.0038194488228263995,0.0013638829890610892,0.0
2025-10-27,0.0122900508656711,0.1375153381125766,Normal,6875.16015625,0.004143004825309239,0.0016680836613706081,0.0
2025-10-28,0.0022879438603986,0.1374897946378087,Normal,6890.89013671875,0.004594054307202102,0.0016515312634675845,0.0
2025-10-29,-4.3578255173426506e-05,0.1373113941213732,Normal,6890.58984375,0.005652846500340497,0.0014546538044892452,-4.3578255173429765e-05
2025-10-30,-0.0099048124395192,0.1425706924971485,Normal,6822.33984375,0.002506405323850177,0.0008210950771330024,-0.009947959060248745
2025-10-31,0.0026179217059763,0.1427030682046339,Normal,6840.2001953125,0.001449505147470677,0.0009163125524703929,-0.007356080332226445
2025-11-03,0.0017207127269924,0.1426939177951124,Normal,6851.97021484375,-0.0006643624802650631,0.0009951315964826114,-0.005648025306282504
2025-11-04,-0.0117368300845838,0.1489076197101318,Normal,6771.5498046875,-0.003469317269261543,0.00026258768865989224,-0.017318565477533
2025-11-05,0.0036535556982648,0.1485792699418504,Normal,6796.2900390625,-0.002729890478573898,0.0006180620452925731,-0.0137282841228544
2025-11-06,-0.011178189042419,0.1526880024332225,Normal,6720.31982421875,-0.0029845657991538583,-0.00019174046342109355,-0.024753015810120117
2025-11-07,0.001261841800771,0.1524721032255003,Normal,6728.7998046875,-0.0032557817801949175,-4.3512018460307044e-07,-0.023522408399393364
2025-11-10,0.0154010186217099,0.1260590447690141,Calm,6832.43017578125,-0.0005197206012514187,0.002023978776630802,-0.008483658827470004
2025-11-11,0.0020753505173405,0.1160144690587203,Calm,6846.60986328125,0.0022427155191334417,0.0013800110970966588,-0.0064259148758661
2025-11-12,0.0006295171887717,0.1155609584831811,Calm,6850.919921875,0.0016379078172348218,0.0014844798518221017,-0.0058004429109622556
2025-11-13,-0.0165568549615969,0.1308431357778302,Normal,6737.490234375,0.000562174633399242,0.0005043438460554115,-0.022261260780569454
2025-11-14,-0.0005017255648851,0.1285695923681525,Calm,6734.10986328125,0.00020946116026802209,0.0007801848715289497,-0.02275181730181442
2025-11-17,-0.0091622661768078,0.1318962303854795,Normal,6672.41015625,-0.004703195799435518,9.290002738300196e-05,-0.03170562527249696
2025-11-18,-0.0082564366909679,0.1290339918356487,Calm,6617.31982421875,-0.006769553241097198,-0.0008084669985324648,-0.039700286475655024
2025-11-19,0.0037538357962292,0.1299800437099476,Calm,6642.16015625,-0.006144689519605699,-0.0006312698868517546,-0.036095479035918615
2025-11-20,-0.0155672835632704,0.1391539107726645,Normal,6538.759765625,-0.005946775239940398,-0.0011184005698234214,-0.05110085404168476
2025-11-21,0.0098230354153194,0.1423192396481429,Normal,6602.990234375,-0.003881823043899499,-0.0009281319044716597,-0.041779784125369895
2025-11-24,0.0154672170012934,0.1504156668913472,Normal,6705.1201171875,0.0010440735917207418,-0.0005679035990707261,-0.02695878411141068
2025-11-25,0.0090616968172205,0.1473223925446102,Normal,6765.8798828125,0.004507700293358422,-0.0007216347442350404,-0.018141379622368555
2025-11-26,0.0069067115110126,0.1493659172528301,Normal,6812.60986328125,0.0051382754363151015,-0.0005016934275391357,-0.011359965386819371
2025-11-28,0.0053547731634202,0.1507388632498152,Normal,6849.08984375,0.009322686781653221,-0.0002446290742727724,-0.006066022261189922
2025-12-01,-0.0053233293429156,0.1478471642572534,Normal,6812.6298828125,0.006293413830006223,-2.6463212529743892e-05,-0.011357060169807809
2025-12-02,0.0024572352619998,0.1478119951726594,Normal,6829.3701171875,0.0036914174821475027,-3.4114947957196266e-05,-0.008927731876529978
2025-12-03,0.0029797912994984,0.1480644717831636,Normal,6849.72021484375,0.002475036378603082,2.5841174543089443e-05,-0.00597454335480147
2025-12-04,0.0010803218396737,0.1417575006933509,Normal,6857.1201171875,0.001309758444335302,0.0006361817423648752,-0.004900675944796058
2025-12-05,0.001936641757662,0.1414213991059148,Normal,6870.39990234375,0.000626132163183662,0.0005544239356695038,-0.0029735250408094416
2025-12-08,-0.003477255626794,0.1357747857044195,Normal,6846.509765625,0.000995346906407982,0.0009211350506992658,-0.00644044096092391
2025-12-09,-0.0008763589340257,0.1359091500826929,Normal,6840.509765625,0.00032862806720288207,0.0008193159680898991,-0.007311155756974487
2025-12-10,0.0067495569392015,0.1272415572619027,Calm,6886.68017578125,0.001082581195143502,0.0004073416022561658,-0.0006109458798460348
2025-12-11,0.0020793508415142,0.1272422187616598,Calm,6901.0,0.0012823869955116021,0.0004075320938834848,0.0
2025-12-12,-0.010663649289958,0.1328827878095957,Normal,6827.41015625,-0.0012376712140123977,-0.00013023773843697705,-0.010663649289957977
2025-12-15,-0.0015965630269072,0.1189568627130241,Calm,6816.509765625,-0.0008615326940350379,0.0005821571155958657,-0.012243187128677004
2025-12-16,-0.0023839179519623,0.1193509818690111,Calm,6800.259765625,-0.0011630444976223578,0.0004925289066874277,-0.01459791832705405
2025-12-17,-0.0115921439122413,0.1220929966356325,Calm,6721.43017578125,-0.004831384667910918,0.00037682044309535613,-0.026020841069229098
2025-12-18,0.0079342622699418,0.1205402308168382,Calm,6774.759765625,-0.0036604023822253973,0.0011478061079005799,-0.018293034976814955
2025-12-19,0.0088180594503322,0.123167694681736,Calm,6834.5,0.00023593936583264223,0.001388959615238818,-0.009636284596435299
2025-12-22,0.0064364963603775,0.1076016757068059,Calm,6878.490234375,0.001842551243289582,0.0024367586592220513,-0.00326181214679032
2025-12-23,0.0045503887657032,0.1045481253631815,Calm,6909.7900390625,0.0032294125868226825,0.002185680247335566,0.0
2025-12-24,0.0032214822012188,0.0929043804696798,Calm,6932.0498046875,0.006192137809514702,0.001602550018760585,0.0
2025-12-26,-0.0003043635491226,0.0890132456893517,Calm,6929.93994140625,0.004544412645701822,0.0011565471441728182,-0.000304363549122699
2025-12-29,-0.0034920514803681,0.0878302074435391,Calm,6905.740234375,0.0020823904595617627,0.0006613679541070706,-0.0037953521763085555
2025-12-30,-0.0013756671519022,0.0863811115579239,Calm,6896.240234375,0.0005199577571058224,0.00034087079623457535,-0.005165798186892039
2025-12-31,-0.0073576663008461,0.0883274341675567,Calm,6845.5,-0.0018616532562040378,0.0002439976077616944,-0.012485456268501479
2026-01-02,0.0018947067188299,0.0881711894626741,Calm,6858.47021484375,-0.002127008352681818,0.0002172105342774134,-0.010614405827551177
2026-01-05,0.0063541268648263,0.0902535515947271,Calm,6902.0498046875,-0.0007953102698920377,0.00037789318024540863,-0.004327724243947843
2026-01-06,0.0061967126783413,0.092468369223695,Calm,6944.81982421875,0.001142442561849842,0.0006215308392295801,0.0
2026-01-07,-0.0034399234310139,0.0933761484541295,Calm,6920.93017578125,0.0007295913060275021,0.00036550392548310865,-0.0034399234310139126
2026-01-08,7.65482590914246e-05,0.0923391452003895,Calm,6921.4599609375,0.0022164342180150073,0.0005347326819538431,-0.003363638492072448
2026-01-09,0.0064754870318832,0.0944123158007654,Calm,6966.27978515625,0.003132590280625667,0.0008848205850923623,0.0
2026-01-12,0.0015776332151369,0.0920342615225813,Calm,6977.27001953125,0.0021772915506877875,0.0006385385029940479,0.0
2026-01-13,-0.0019391230550597,0.0922939772728247,Calm,6963.740234375,0.0005501244040075872,0.0004471826031571955,-0.0019391230550597157
2026-01-14,-0.0053333604454995,0.0858293575640023,Calm,6926.60009765625,0.00017143700111046725,0.0007010058814647431,-0.007262141458358541
2026-01-15,0.0025799262171273,0.0856398383844695,Calm,6944.47021484375,0.0006721125927176423,0.0008998863216568622,-0.00470095103037213
2026-01-16,-0.0006423023039563,0.0850085799882748,Calm,6940.009765625,-0.0007514452744502578,0.0009828204001333383,-0.00534023390265083
2026-01-20,-0.0206267580562774,0.1052089371461522,Calm,6796.85986328125,-0.005192323528733118,0.000552600678988762,-0.025856840246254422
2026-01-21,0.0115877413232745,0.1091270258230032,Calm,6875.6201171875,-0.0024869506530662776,0.0007265758720046048,-0.014568721299190752
2026-01-22,0.0054875021926288,0.1065959686898635,Calm,6913.35009765625,-0.0003227781254406179,0.000567977907352062,-0.00916116499663493
2026-01-23,0.0003268698377891,0.1044370560910071,Calm,6915.60986328125,-0.000773389401308258,0.0002770433110383286,-0.00883728966736226
2026-01-26,0.0050060830312763,0.1046836353752895,Calm,6950.22998046875,0.000356287665738262,0.000298743037970381,-0.0038754468419321137
2026-01-27,0.0040818961771371,0.1050281836253079,Calm,6978.60009765625,0.005298018512421163,0.00033971513206172856,0.0
2026-01-28,-8.172305219089626e-05,0.1050138112420519,Calm,6978.02978515625,0.0029641256373280833,0.00035031706048704777,-8.172305219087398e-05
2026-01-29,-0.0012926312740076,0.1042736072584201,Calm,6969.009765625,0.001608098944000803,0.000455051356028024,-0.001374248688425476
2026-01-30,-0.0043018996208942,0.1054074870600253,Calm,6939.02978515625,0.000682345052264143,0.00031570695274269064,-0.0056702364294079
2026-02-02,0.0053912661291679,0.1029364526012971,Calm,6976.43994140625,0.000759381671842463,0.0009227989732195478,-0.00030954005384625555
2026-02-03,-0.0084039830206983,0.1077795579639257,Calm,6917.81005859375,-0.001737794167724617,0.0004323851760991573,-0.008710921705187868
2026-02-04,-0.0050723919062231,0.1071357167194936,Calm,6882.72021484375,-0.0027359279385310575,-0.00011173476537938556,-0.013739128402657874
2026-02-05,-0.0122510155676747,0.1123797024335169,Calm,6798.39990234375,-0.004927604797264477,-0.0009901980151896712,-0.025821825694385313
2026-02-06,0.0196957966973359,0.1327557787695739,Normal,6932.2998046875,-0.0001280655336184572,0.0001115029433031764,-0.006634610426280174
2026-02-09,0.0046910867168872,0.1336995124357096,Normal,6964.81982421875,-0.00026810141607459744,0.0003312428698648799,-0.001974647242235313
2026-02-10,-0.0033037129754581,0.1323215427909632,Normal,6941.81005859375,0.0007519525929734424,-0.00013443332096089628,-0.005271836549977389
2026-02-11,-4.895607156218951e-05,0.1321762554550229,Normal,6941.47021484375,0.0017566397599056247,-0.00021188995366085291,-0.005320534533132226
2026-02-12,-0.0156610121277019,0.1425738688837406,Normal,6832.759765625,0.0010746404479001846,-0.000865313242834291,-0.02089822170498496
2026-02-13,0.0004990891480125,0.14169973279197,Normal,6836.169921875,-0.0027647010619644952,-0.0005875775479051482,-0.020409562632638156
2026-02-17,0.0010313220779065,0.1413647095025819,Normal,6843.22021484375,-0.0034966539897606347,-0.0006613206021537577,-0.01939928938727512
2026-02-18,0.0055660701474107,0.1430016894522189,Normal,6881.31005859375,-0.001722697365186875,-0.00036568381875532905,-0.013941197045403803
2026-02-19,-0.0028221256867719,0.1231376049021873,Calm,6861.89013671875,-0.002277331288228817,0.00048215581788779005,-0.016723978921889624
2026-02-20,0.0069397247635067,0.1188331646211815,Calm,6909.509765625,0.0022428160900129024,0.00026082169599408534,-0.009900313969051453
2026-02-23,-0.0103856522472848,0.1226952115884708,Calm,6837.75,6.586781095344261e-05,-0.0004950428011446576,-0.020183144998314813
2026-02-24,0.0076516140863223,0.1258953892851612,Calm,6890.06982421875,0.0013899262126366024,-0.00014624545597640998,-0.012685964548567947
2026-02-25,0.0081363556573399,0.1279596138748171,Calm,6946.1298828125,0.001903983314622442,2.8151452647138754e-06,-0.00465282641065148
2026-02-26,-0.0053655805693283,0.1283494744865134,Calm,6908.85986328125,0.0013952923381111621,-0.0004470646998050671,-0.009993441864998415
2026-02-27,-0.0043393528110311,0.1290423116665796,Calm,6878.8798828125,-0.000860523176796398,-0.000649808974035553,-0.01428942960598084
2026-03-02,0.0003983547353176,0.129069124564564,Calm,6881.6201171875,0.0012962782197240821,-0.0005692858307343529,-0.013896767132611674
2026-03-03,-0.0094440310956254,0.1321355955017784,Normal,6816.6298828125,-0.002122850816665458,-0.0008141492342929816,-0.023209556727308015
2026-03-04,0.0077560492642863,0.1337786172083969,Normal,6869.5,-0.0021989120952761775,-0.0007015405135730577,-0.01563352192840095
2026-03-05,-0.005646704863891,0.1321088848220628,Normal,6830.7099609375,-0.0022551369541887177,-0.000570241553725091,-0.021191948907979215
2026-03-06,-0.0132767958125692,0.1385327699892458,Normal,6740.02001953125,-0.004042625554496337,-0.0009609274540272863,-0.034187383542026814
2026-03-09,0.0083041615131052,0.1356958144374115,Normal,6795.990234375,-0.0024614641989388173,1.7890502200327937e-05,-0.026167119583565074
2026-03-10,-0.0021351198877325,0.1153552578756161,Calm,6781.47998046875,-0.0009996819573602374,-0.0010216769542315007,-0.028246369533870042
2026-03-11,-0.0008376012017449,0.113480012319388,Calm,6775.7998046875,-0.0027184120505664776,-0.0012849478074996958,-0.029060311542548498
2026-03-12,-0.0152276765067085,0.1232497077644165,Calm,6672.6201171875,-0.004634606379129978,-0.001852755594702096,-0.04384546702590292
2026-03-13,-0.0060591154705643,0.1238981774081104,Calm,6632.18994140625,-0.0031910703107289975,-0.002138953661321244,-0.04963891774889655
2026-03-16,0.0101308831622519,0.120601330473071,Calm,6699.3798828125,-0.002825725980899657,-0.0009107681713234441,-0.040010920662659204
2026-03-17,0.0024942548757938,0.1210922549222971,Calm,6716.08984375,-0.0018998510281943975,-0.0008157602795243346,-0.03761646322081324
2026-03-18,-0.0136075678800734,0.1286604471512908,Calm,6624.7001953125,-0.004453844363860098,-0.0015128502775233774,-0.05071216252420118
2026-03-19,-0.0027487977418789,0.1260947093911426,Calm,6606.490234375,-0.001958068610894177,-0.001908796367489549,-0.0533215627882478
2026-03-20,-0.0151381823567792,0.1341773597657971,Normal,6506.47998046875,-0.0037738819881371574,-0.002495275256537515,-0.0676525536039901
2026-03-23,0.0114532004639904,0.1390005555394821,Normal,6581.0,-0.003509418527789457,-0.002280347842228768,-0.0569741913983269
2026-03-24,-0.0037425745042546,0.1359920850905758,Normal,6556.3701171875,-0.004756784403799137,-0.0019640108068463774,-0.060503535746453674
2026-03-25,0.0054191243815093,0.1342113720385428,Normal,6591.89990234375,-0.0009514459514825971,-0.002070319840408901,-0.05541228755067546
2026-03-26,-0.0174061723924167,0.1388236039569635,Normal,6477.16015625,-0.0038829208815901574,-0.0032866306999211206,-0.07185394411332692
2026-03-27,-0.0167218435210743,0.1463370044422752,Normal,6368.85009765625,-0.004199653114449177,-0.003827405126194739,-0.0873742572245662
2026-03-30,-0.0039457488286226,0.1463260060316011,Normal,6343.72021484375,-0.007279442972971777,-0.003808662079413382,-0.09097524918009318
2026-03-31,0.0291311404710259,0.1853761970572791,Elevated,6528.52001953125,-0.0007046999779156765,-0.002440434187236797,-0.06449432147231915
2026-04-01,0.0071685166848673,0.1863976827537723,Elevated,6575.31982421875,-0.0003548215172440774,-0.0016493604834038108,-0.05778813340700536
2026-04-02,0.0011208758485563,0.1835749384531158,Elevated,6582.68994140625,0.003350588130950522,-0.0019653211222480965,-0.05673203088151816
2026-04-06,0.0044267825126402,0.184344605596141,Elevated,6611.830078125,0.007580313337693423,-0.0014856312471751823,-0.05255638873109079
2026-04-07,0.0007592481161695,0.179377889123484,Normal,6616.85009765625,0.008521312726651843,-0.0008172482029495298,-0.05183704395405793
2026-04-08,0.0250814146441498,0.1985209137868698,Elevated,6782.81005859375,0.007711367561276622,-1.833138718550132e-05,-0.028055775703246806
2026-04-09,0.0061700235292931,0.1994874338109352,Elevated,6824.66015625,0.007511668930161783,0.0003771516326728607,-0.022058856970175213
2026-04-10,-0.0011385210916523,0.1995132441035475,Elevated,6816.89013671875,0.007059789542120064,0.00036282211410584164,-0.023172263587909272
2026-04-13,0.0101732749487482,0.1938259384738349,Elevated,6886.240234375,0.008209088029341663,0.001572391231032351,-0.013234726447825673
2026-04-14,0.0117828663647927,0.1948262504786631,Elevated,6967.3798828125,0.010413811679066302,0.0024220094136683987,-0.0016078030961422032
2026-04-15,0.0079757833553877,0.1938926090676799,Elevated,7022.9501953125,0.0069926854213138824,0.0023193856133415323,0.0
2026-04-16,0.0026099558353673,0.1938943381114096,Elevated,7041.27978515625,0.006280671882528723,0.002324895182845032,0.0
2026-04-17,0.0120404636691509,0.1875932767303727,Elevated,7126.06005859375,0.008916468834689363,0.0035462300185223803,0.0
2026-04-20,-0.0023743726176704,0.1874393848352969,Elevated,7109.14013671875,0.006406939321405643,0.0035640597863418324,-0.0023743726176704383
2026-04-21,-0.0063482179596729,0.1786561087775733,Normal,7064.009765625,0.002780722456512523,0.00398262951953737,-0.008707517542448967
2026-04-22,0.0104600841689539,0.1781653111316791,Normal,7137.89990234375,0.003277582619225762,0.003935338267392775,0.0
2026-04-23,-0.0041328682670813,0.1783822339983846,Normal,7108.39990234375,0.001929017798736042,0.003916752850115313,-0.004132868267081413
2026-04-24,0.0079736897979756,0.1788721507111977,Normal,7165.080078125,0.0011156630245009827,0.004038398822327994,0.0
2026-04-27,0.0012323767534654,0.1615291335018286,Normal,7173.91015625,0.0018370128987281425,0.0049259487816557136,0.0
2026-04-28,-0.0048941721875219,0.1460072045281085,Normal,7138.7998046875,0.0021278220531583424,0.005489171226110589,-0.004894172187521951
2026-04-29,-0.0003991720531409,0.143616879974885,Normal,7135.9501953125,-4.4029191260617303e-05,0.005658055834466861,-0.0052913906239024765
2026-04-30,0.0102382399418219,0.1171902181889105,Calm,7209.009765625,0.002830192450520023,0.004758393904504766,0.0
2026-05-01,0.0029283288896571,0.1170118342093324,Calm,7230.1201171875,0.0018211202688563227,0.004556480199970946,0.0
2026-05-04,-0.0040621893843342,0.1202616928058193,Calm,7200.75,0.0007622070412964026,0.0043096675698333035,-0.004062189384334172
2026-05-05,0.0081200173376037,0.1209853478294733,Calm,7259.22021484375,0.003365044946321523,0.004485535894831565,0.0
2026-05-06,0.0145883303177942,0.1250351623981826,Calm,7365.1201171875,0.006362545420508544,0.005144063618718455,0.0
2026-05-07,-0.0038030953277848,0.1055148299821545,Calm,7337.10986328125,0.0035542783665872026,0.003768610762912047,-0.0038030953277848516
2026-05-08,0.0084257035334009,0.1064468895095309,Calm,7398.93017578125,0.004653753295335962,0.0038760240964409894,0.0
2026-05-11,0.0018799566475542,0.1051610203280292,Calm,7412.83984375,0.0058421825017136424,0.004019761131641299,0.0
2026-05-12,-0.0016026088601545,0.1043878741247658,Calm,7400.9599609375,0.003897657262162002,0.003459004759788789,-0.0016026088601544934
2026-05-13,0.0058492464884265,0.100372698028456,Calm,7444.25,0.0021498404962884627,0.0031764514323427795,0.0
2026-05-14,0.0076556045773583,0.1001857537192907,Calm,7501.240234375,0.004441580477317083,0.003161204823865189,0.0
2026-05-15,-0.0123633201280517,0.1137346651052441,Calm,7408.5,0.0002837757450265627,0.0024481916827499986,-0.012363320128051742
2026-05-18,-0.0007356678561787,0.1086554869705275,Calm,7403.0498046875,-0.00023934915572001734,0.0018398044672581128,-0.0130898926870166
2026-05-19,-0.0066783207881359,0.1117379523746047,Calm,7353.60986328125,-0.0012544915413162973,0.0016348545543788035,-0.019680794972706337
2026-05-20,0.0107920263704455,0.1120832905104353,Calm,7432.97021484375,-0.0002659355649124971,0.0024510566653368226,-0.009101164260597532
2026-05-21,0.0017153304306989,0.1082376131585867,Calm,7445.72021484375,-0.001453990394244377,0.002034639820658013,-0.007401445333909627
2026-05-22,0.0037269732409066,0.1059958498041349,Calm,7473.47021484375,0.0017640682795472824,0.0024089179877050558,-0.0037020570817065408
2026-05-26,0.0061082604240638,0.1049537266564684,Calm,7519.1201171875,0.003132853935595782,0.00232008801751878,0.0
2026-05-27,0.0001648791446908,0.1051580705794263,Calm,7520.35986328125,0.004501493922161122,0.0022692547980533223,0.0
2026-05-28,0.0057537166196686,0.1024529687967416,Calm,7563.6298828125,0.0034938319720057426,0.0027762971222052507,0.0
2026-05-29,0.0021722606785117,0.101834116460624,Calm,7580.06005859375,0.0035852180215683025,0.002898746299902994,0.0
